[2026-04-06 09:24:04] [START   ] ════════════════════════════════════════════════════════════
[2026-04-06 09:24:04] [START   ] Insolvent Terminal — Strategy Manager
[2026-04-06 09:24:04] [START   ] Address:   0xE05B576cDB74634D5c94Fb8C95f80431258992fe
[2026-04-06 09:24:04] [START   ] Long:      BTC, SOL, HYPE, XRP
[2026-04-06 09:24:04] [START   ] Short:     CHILLGUY, ALGO
[2026-04-06 09:24:04] [START   ] Cap limit: 30% | Short zone: 0.5% from 7d high | Interval: 1min
[2026-04-06 09:24:04] [START   ] ════════════════════════════════════════════════════════════
[2026-04-06 09:24:05] [RUN     ] ────────────────────────────────────────────────────────────
[2026-04-06 09:24:05] [MACRO   ] BTC $70043 | 7d-high $70243 | zone: ✓ YES | 4h chg: 1.35%
[2026-04-06 09:24:05] [MACRO   ] SPX $0.29 | 7d-high $0.30 | zone: no
[2026-04-06 09:24:05] [ACCT    ] Value $0.00 | Available $0.00 | Capital used 0.0% / 30%
[2026-04-06 09:24:06] [SHORT   ] CHILLGUY up only 5.5% in 24h (need ≥7.000000000000001%) — skip
[2026-04-06 09:24:06] [SHORT   ] ALGO up only 2.5% in 24h (need ≥7.000000000000001%) — skip
[2026-04-06 09:24:06] [RUN     ] Sleeping 1 min...
[2026-04-06 09:25:06] [RUN     ] ────────────────────────────────────────────────────────────
[2026-04-06 09:25:07] [MACRO   ] BTC $70020 | 7d-high $70243 | zone: ✓ YES | 4h chg: 1.32%
[2026-04-06 09:25:07] [MACRO   ] SPX $0.29 | 7d-high $0.30 | zone: ✓ YES (soft)
[2026-04-06 09:25:07] [ACCT    ] Value $0.00 | Available $0.00 | Capital used 0.0% / 30%
[2026-04-06 09:25:07] [SHORT   ] CHILLGUY up only 6.0% in 24h (need ≥7.000000000000001%) — skip
[2026-04-06 09:25:07] [SHORT   ] ALGO up only 2.6% in 24h (need ≥7.000000000000001%) — skip
[2026-04-06 09:25:07] [RUN     ] Sleeping 1 min...
[2026-04-06 09:26:07] [RUN     ] ────────────────────────────────────────────────────────────
[2026-04-06 09:26:08] [MACRO   ] BTC $69872 | 7d-high $70243 | zone: no | 4h chg: 1.11%
[2026-04-06 09:26:08] [MACRO   ] SPX $0.29 | 7d-high $0.30 | zone: no
[2026-04-06 09:26:08] [ACCT    ] Value $0.00 | Available $0.00 | Capital used 0.0% / 30%
[2026-04-06 09:26:08] [SHORT   ] BTC not in short zone — skipping
[2026-04-06 09:26:08] [RUN     ] Sleeping 1 min...
[2026-04-06 09:27:08] [RUN     ] ────────────────────────────────────────────────────────────
[2026-04-06 09:27:10] [MACRO   ] BTC $69870 | 7d-high $70243 | zone: no | 4h chg: 1.10%
[2026-04-06 09:27:10] [MACRO   ] SPX $0.29 | 7d-high $0.30 | zone: no
[2026-04-06 09:27:10] [ACCT    ] Value $0.00 | Available $0.00 | Capital used 0.0% / 30%
[2026-04-06 09:27:10] [SHORT   ] BTC not in short zone — skipping
[2026-04-06 09:27:10] [RUN     ] Sleeping 1 min...
[2026-04-06 09:28:10] [RUN     ] ────────────────────────────────────────────────────────────
[2026-04-06 09:28:11] [MACRO   ] BTC $69904 | 7d-high $70243 | zone: ✓ YES | 4h chg: 1.14%
[2026-04-06 09:28:11] [MACRO   ] SPX $0.29 | 7d-high $0.30 | zone: ✓ YES (soft)
[2026-04-06 09:28:11] [ACCT    ] Value $0.00 | Available $0.00 | Capital used 0.0% / 30%
[2026-04-06 09:28:11] [SHORT   ] CHILLGUY up only 5.3% in 24h (need ≥7.000000000000001%) — skip
[2026-04-06 09:28:11] [SHORT   ] ALGO up only 2.8% in 24h (need ≥7.000000000000001%) — skip
[2026-04-06 09:28:11] [RUN     ] Sleeping 1 min...
[2026-04-06 09:29:11] [RUN     ] ────────────────────────────────────────────────────────────
[2026-04-06 09:29:12] [MACRO   ] BTC $69908 | 7d-high $70243 | zone: ✓ YES | 4h chg: 1.16%
[2026-04-06 09:29:12] [MACRO   ] SPX $0.30 | 7d-high $0.30 | zone: ✓ YES (soft)
[2026-04-06 09:29:12] [ACCT    ] Value $0.00 | Available $0.00 | Capital used 0.0% / 30%
[2026-04-06 09:29:12] [SHORT   ] CHILLGUY up only 5.3% in 24h (need ≥7.000000000000001%) — skip
[2026-04-06 09:29:12] [SHORT   ] ALGO up only 2.8% in 24h (need ≥7.000000000000001%) — skip
[2026-04-06 09:29:12] [RUN     ] Sleeping 1 min...
[2026-04-06 09:30:12] [RUN     ] ────────────────────────────────────────────────────────────
[2026-04-06 09:30:13] [MACRO   ] BTC $69933 | 7d-high $70243 | zone: ✓ YES | 4h chg: 1.20%
[2026-04-06 09:30:13] [MACRO   ] SPX $0.30 | 7d-high $0.30 | zone: ✓ YES (soft)
[2026-04-06 09:30:13] [ACCT    ] Value $0.00 | Available $0.00 | Capital used 0.0% / 30%
[2026-04-06 09:30:13] [SHORT   ] CHILLGUY up only 5.2% in 24h (need ≥7.000000000000001%) — skip
[2026-04-06 09:30:14] [SHORT   ] ALGO up only 2.8% in 24h (need ≥7.000000000000001%) — skip
[2026-04-06 09:30:14] [RUN     ] Sleeping 1 min...
[2026-04-06 09:31:14] [RUN     ] ────────────────────────────────────────────────────────────
[2026-04-06 09:31:14] [MACRO   ] BTC $69933 | 7d-high $70243 | zone: ✓ YES | 4h chg: 1.20%
[2026-04-06 09:31:14] [MACRO   ] SPX $0.30 | 7d-high $0.30 | zone: ✓ YES (soft)
[2026-04-06 09:31:14] [ACCT    ] Value $0.00 | Available $0.00 | Capital used 0.0% / 30%
[2026-04-06 09:31:14] [SHORT   ] CHILLGUY up only 5.6% in 24h (need ≥7.000000000000001%) — skip
[2026-04-06 09:31:15] [SHORT   ] ALGO up only 2.7% in 24h (need ≥7.000000000000001%) — skip
[2026-04-06 09:31:15] [RUN     ] Sleeping 1 min...
[2026-04-06 09:32:15] [RUN     ] ────────────────────────────────────────────────────────────
[2026-04-06 09:32:15] [MACRO   ] BTC $69904 | 7d-high $70243 | zone: ✓ YES | 4h chg: 1.15%
[2026-04-06 09:32:15] [MACRO   ] SPX $0.30 | 7d-high $0.30 | zone: ✓ YES (soft)
[2026-04-06 09:32:15] [ACCT    ] Value $0.00 | Available $0.00 | Capital used 0.0% / 30%
[2026-04-06 09:32:16] [SHORT   ] CHILLGUY up only 5.3% in 24h (need ≥7.000000000000001%) — skip
[2026-04-06 09:32:16] [SHORT   ] ALGO up only 2.3% in 24h (need ≥7.000000000000001%) — skip
[2026-04-06 09:32:16] [RUN     ] Sleeping 1 min...
[2026-04-06 09:33:16] [RUN     ] ────────────────────────────────────────────────────────────
[2026-04-06 09:33:17] [MACRO   ] BTC $69856 | 7d-high $70243 | zone: no | 4h chg: 1.08%
[2026-04-06 09:33:17] [MACRO   ] SPX $0.29 | 7d-high $0.30 | zone: no
[2026-04-06 09:33:17] [ACCT    ] Value $0.00 | Available $0.00 | Capital used 0.0% / 30%
[2026-04-06 09:33:17] [SHORT   ] BTC not in short zone — skipping
[2026-04-06 09:33:17] [RUN     ] Sleeping 1 min...
[2026-04-06 09:34:17] [RUN     ] ────────────────────────────────────────────────────────────
[2026-04-06 09:34:18] [MACRO   ] BTC $69837 | 7d-high $70243 | zone: no | 4h chg: 1.06%
[2026-04-06 09:34:18] [MACRO   ] SPX $0.29 | 7d-high $0.30 | zone: no
[2026-04-06 09:34:18] [ACCT    ] Value $0.00 | Available $0.00 | Capital used 0.0% / 30%
[2026-04-06 09:34:18] [SHORT   ] BTC not in short zone — skipping
[2026-04-06 09:34:18] [RUN     ] Sleeping 1 min...
[2026-04-06 09:35:18] [RUN     ] ────────────────────────────────────────────────────────────
[2026-04-06 09:35:18] [MACRO   ] BTC $69870 | 7d-high $70243 | zone: no | 4h chg: 1.10%
[2026-04-06 09:35:18] [MACRO   ] SPX $0.29 | 7d-high $0.30 | zone: no
[2026-04-06 09:35:18] [ACCT    ] Value $0.00 | Available $0.00 | Capital used 0.0% / 30%
[2026-04-06 09:35:18] [SHORT   ] BTC not in short zone — skipping
[2026-04-06 09:35:18] [RUN     ] Sleeping 1 min...
[2026-04-06 09:36:18] [RUN     ] ────────────────────────────────────────────────────────────
[2026-04-06 09:36:19] [MACRO   ] BTC $69901 | 7d-high $70243 | zone: ✓ YES | 4h chg: 1.15%
[2026-04-06 09:36:19] [MACRO   ] SPX $0.29 | 7d-high $0.30 | zone: no
[2026-04-06 09:36:19] [ACCT    ] Value $0.00 | Available $0.00 | Capital used 0.0% / 30%
[2026-04-06 09:36:19] [SHORT   ] CHILLGUY up only 4.2% in 24h (need ≥7.000000000000001%) — skip
[2026-04-06 09:36:20] [SHORT   ] ALGO up only 2.2% in 24h (need ≥7.000000000000001%) — skip
[2026-04-06 09:36:20] [RUN     ] Sleeping 1 min...
[2026-04-06 09:37:20] [RUN     ] ────────────────────────────────────────────────────────────
[2026-04-06 09:37:20] [MACRO   ] BTC $69851 | 7d-high $70243 | zone: no | 4h chg: 1.08%
[2026-04-06 09:37:20] [MACRO   ] SPX $0.29 | 7d-high $0.30 | zone: no
[2026-04-06 09:37:20] [ACCT    ] Value $0.00 | Available $0.00 | Capital used 0.0% / 30%
[2026-04-06 09:37:20] [SHORT   ] BTC not in short zone — skipping
[2026-04-06 09:37:20] [RUN     ] Sleeping 1 min...
[2026-04-06 09:38:20] [RUN     ] ────────────────────────────────────────────────────────────
[2026-04-06 09:38:21] [MACRO   ] BTC $69821 | 7d-high $70243 | zone: no | 4h chg: 1.03%
[2026-04-06 09:38:21] [MACRO   ] SPX $0.29 | 7d-high $0.30 | zone: no
[2026-04-06 09:38:21] [ACCT    ] Value $0.00 | Available $0.00 | Capital used 0.0% / 30%
[2026-04-06 09:38:21] [SHORT   ] BTC not in short zone — skipping
[2026-04-06 09:38:21] [RUN     ] Sleeping 1 min...
[2026-04-06 09:39:21] [RUN     ] ────────────────────────────────────────────────────────────
[2026-04-06 09:39:22] [MACRO   ] BTC $69793 | 7d-high $70243 | zone: no | 4h chg: 1.01%
[2026-04-06 09:39:22] [MACRO   ] SPX $0.29 | 7d-high $0.30 | zone: no
[2026-04-06 09:39:22] [ACCT    ] Value $0.00 | Available $0.00 | Capital used 0.0% / 30%
[2026-04-06 09:39:22] [SHORT   ] BTC not in short zone — skipping
[2026-04-06 09:39:22] [RUN     ] Sleeping 1 min...
[2026-04-06 09:40:22] [RUN     ] ────────────────────────────────────────────────────────────
[2026-04-06 09:40:23] [MACRO   ] BTC $69720 | 7d-high $70243 | zone: no | 4h chg: 0.89%
[2026-04-06 09:40:23] [MACRO   ] SPX $0.29 | 7d-high $0.30 | zone: no
[2026-04-06 09:40:23] [ACCT    ] Value $0.00 | Available $0.00 | Capital used 0.0% / 30%
[2026-04-06 09:40:23] [SHORT   ] BTC not in short zone — skipping
[2026-04-06 09:40:23] [RUN     ] Sleeping 1 min...
[2026-04-06 09:41:23] [RUN     ] ────────────────────────────────────────────────────────────
[2026-04-06 09:41:24] [MACRO   ] BTC $69788 | 7d-high $70243 | zone: no | 4h chg: 0.99%
[2026-04-06 09:41:24] [MACRO   ] SPX $0.29 | 7d-high $0.30 | zone: no
[2026-04-06 09:41:24] [ACCT    ] Value $0.00 | Available $0.00 | Capital used 0.0% / 30%
[2026-04-06 09:41:24] [SHORT   ] BTC not in short zone — skipping
[2026-04-06 09:41:24] [RUN     ] Sleeping 1 min...
[2026-04-06 09:42:24] [RUN     ] ────────────────────────────────────────────────────────────
[2026-04-06 09:42:24] [MACRO   ] BTC $69884 | 7d-high $70243 | zone: no | 4h chg: 1.13%
[2026-04-06 09:42:24] [MACRO   ] SPX $0.29 | 7d-high $0.30 | zone: no
[2026-04-06 09:42:24] [ACCT    ] Value $0.00 | Available $0.00 | Capital used 0.0% / 30%
[2026-04-06 09:42:24] [SHORT   ] BTC not in short zone — skipping
[2026-04-06 09:42:24] [RUN     ] Sleeping 1 min...
[2026-04-06 09:43:24] [RUN     ] ────────────────────────────────────────────────────────────
[2026-04-06 09:43:25] [MACRO   ] BTC $69837 | 7d-high $70243 | zone: no | 4h chg: 1.06%
[2026-04-06 09:43:25] [MACRO   ] SPX $0.29 | 7d-high $0.30 | zone: no
[2026-04-06 09:43:25] [ACCT    ] Value $0.00 | Available $0.00 | Capital used 0.0% / 30%
[2026-04-06 09:43:25] [SHORT   ] BTC not in short zone — skipping
[2026-04-06 09:43:25] [RUN     ] Sleeping 1 min...
[2026-04-06 09:44:25] [RUN     ] ────────────────────────────────────────────────────────────
[2026-04-06 09:44:26] [MACRO   ] BTC $69839 | 7d-high $70243 | zone: no | 4h chg: 1.06%
[2026-04-06 09:44:26] [MACRO   ] SPX $0.29 | 7d-high $0.30 | zone: no
[2026-04-06 09:44:26] [ACCT    ] Value $0.00 | Available $0.00 | Capital used 0.0% / 30%
[2026-04-06 09:44:26] [SHORT   ] BTC not in short zone — skipping
[2026-04-06 09:44:26] [RUN     ] Sleeping 1 min...
[2026-04-06 09:45:26] [RUN     ] ────────────────────────────────────────────────────────────
[2026-04-06 09:45:26] [MACRO   ] BTC $69834 | 7d-high $70243 | zone: no | 4h chg: 1.05%
[2026-04-06 09:45:26] [MACRO   ] SPX $0.29 | 7d-high $0.30 | zone: no
[2026-04-06 09:45:26] [ACCT    ] Value $0.00 | Available $0.00 | Capital used 0.0% / 30%
[2026-04-06 09:45:26] [SHORT   ] BTC not in short zone — skipping
[2026-04-06 09:45:26] [RUN     ] Sleeping 1 min...
[2026-04-06 09:46:26] [RUN     ] ────────────────────────────────────────────────────────────
[2026-04-06 09:46:28] [MACRO   ] BTC $69832 | 7d-high $70243 | zone: no | 4h chg: 1.05%
[2026-04-06 09:46:28] [MACRO   ] SPX $0.29 | 7d-high $0.30 | zone: no
[2026-04-06 09:46:28] [ACCT    ] Value $0.00 | Available $0.00 | Capital used 0.0% / 30%
[2026-04-06 09:46:28] [SHORT   ] BTC not in short zone — skipping
[2026-04-06 09:46:28] [RUN     ] Sleeping 1 min...
[2026-04-06 09:47:28] [RUN     ] ────────────────────────────────────────────────────────────
[2026-04-06 09:47:29] [MACRO   ] BTC $69869 | 7d-high $70243 | zone: no | 4h chg: 1.10%
[2026-04-06 09:47:29] [MACRO   ] SPX $0.29 | 7d-high $0.30 | zone: no
[2026-04-06 09:47:29] [ACCT    ] Value $0.00 | Available $0.00 | Capital used 0.0% / 30%
[2026-04-06 09:47:29] [SHORT   ] BTC not in short zone — skipping
[2026-04-06 09:47:29] [RUN     ] Sleeping 1 min...
[2026-04-06 09:48:29] [RUN     ] ────────────────────────────────────────────────────────────
[2026-04-06 09:48:30] [MACRO   ] BTC $69809 | 7d-high $70243 | zone: no | 4h chg: 1.02%
[2026-04-06 09:48:30] [MACRO   ] SPX $0.29 | 7d-high $0.30 | zone: no
[2026-04-06 09:48:30] [ACCT    ] Value $0.00 | Available $0.00 | Capital used 0.0% / 30%
[2026-04-06 09:48:30] [SHORT   ] BTC not in short zone — skipping
[2026-04-06 09:48:30] [RUN     ] Sleeping 1 min...
[2026-04-06 09:49:30] [RUN     ] ────────────────────────────────────────────────────────────
[2026-04-06 09:49:30] [MACRO   ] BTC $69803 | 7d-high $70243 | zone: no | 4h chg: 1.01%
[2026-04-06 09:49:30] [MACRO   ] SPX $0.29 | 7d-high $0.30 | zone: no
[2026-04-06 09:49:30] [ACCT    ] Value $0.00 | Available $0.00 | Capital used 0.0% / 30%
[2026-04-06 09:49:30] [SHORT   ] BTC not in short zone — skipping
[2026-04-06 09:49:30] [RUN     ] Sleeping 1 min...
[2026-04-06 09:50:30] [RUN     ] ────────────────────────────────────────────────────────────
[2026-04-06 09:50:31] [MACRO   ] BTC $69759 | 7d-high $70243 | zone: no | 4h chg: 0.94%
[2026-04-06 09:50:31] [MACRO   ] SPX $0.29 | 7d-high $0.30 | zone: no
[2026-04-06 09:50:31] [ACCT    ] Value $0.00 | Available $0.00 | Capital used 0.0% / 30%
[2026-04-06 09:50:31] [SHORT   ] BTC not in short zone — skipping
[2026-04-06 09:50:31] [RUN     ] Sleeping 1 min...
[2026-04-06 09:51:31] [RUN     ] ────────────────────────────────────────────────────────────
[2026-04-06 09:51:32] [MACRO   ] BTC $69761 | 7d-high $70243 | zone: no | 4h chg: 0.94%
[2026-04-06 09:51:32] [MACRO   ] SPX $0.29 | 7d-high $0.30 | zone: no
[2026-04-06 09:51:32] [ACCT    ] Value $0.00 | Available $0.00 | Capital used 0.0% / 30%
[2026-04-06 09:51:32] [SHORT   ] BTC not in short zone — skipping
[2026-04-06 09:51:32] [RUN     ] Sleeping 1 min...
[2026-04-06 09:52:32] [RUN     ] ────────────────────────────────────────────────────────────
[2026-04-06 09:52:33] [MACRO   ] BTC $69766 | 7d-high $70243 | zone: no | 4h chg: 0.95%
[2026-04-06 09:52:33] [MACRO   ] SPX $0.29 | 7d-high $0.30 | zone: no
[2026-04-06 09:52:33] [ACCT    ] Value $0.00 | Available $0.00 | Capital used 0.0% / 30%
[2026-04-06 09:52:33] [SHORT   ] BTC not in short zone — skipping
[2026-04-06 09:52:33] [RUN     ] Sleeping 1 min...
[2026-04-06 09:53:33] [RUN     ] ────────────────────────────────────────────────────────────
[2026-04-06 09:53:34] [MACRO   ] BTC $69778 | 7d-high $70243 | zone: no | 4h chg: 0.97%
[2026-04-06 09:53:34] [MACRO   ] SPX $0.29 | 7d-high $0.30 | zone: no
[2026-04-06 09:53:34] [ACCT    ] Value $0.00 | Available $0.00 | Capital used 0.0% / 30%
[2026-04-06 09:53:34] [SHORT   ] BTC not in short zone — skipping
[2026-04-06 09:53:34] [RUN     ] Sleeping 1 min...
[2026-04-06 09:54:34] [RUN     ] ────────────────────────────────────────────────────────────
[2026-04-06 09:54:34] [MACRO   ] BTC $69691 | 7d-high $70243 | zone: no | 4h chg: 0.85%
[2026-04-06 09:54:34] [MACRO   ] SPX $0.29 | 7d-high $0.30 | zone: no
[2026-04-06 09:54:34] [ACCT    ] Value $0.00 | Available $0.00 | Capital used 0.0% / 30%
[2026-04-06 09:54:34] [SHORT   ] BTC not in short zone — skipping
[2026-04-06 09:54:34] [RUN     ] Sleeping 1 min...
[2026-04-06 09:55:34] [RUN     ] ────────────────────────────────────────────────────────────
[2026-04-06 09:55:35] [MACRO   ] BTC $69684 | 7d-high $70243 | zone: no | 4h chg: 0.83%
[2026-04-06 09:55:35] [MACRO   ] SPX $0.29 | 7d-high $0.30 | zone: no
[2026-04-06 09:55:35] [ACCT    ] Value $0.00 | Available $0.00 | Capital used 0.0% / 30%
[2026-04-06 09:55:35] [SHORT   ] BTC not in short zone — skipping
[2026-04-06 09:55:35] [RUN     ] Sleeping 1 min...
[2026-04-06 09:56:35] [RUN     ] ────────────────────────────────────────────────────────────
[2026-04-06 09:56:36] [MACRO   ] BTC $69740 | 7d-high $70243 | zone: no | 4h chg: 0.92%
[2026-04-06 09:56:36] [MACRO   ] SPX $0.29 | 7d-high $0.30 | zone: no
[2026-04-06 09:56:36] [ACCT    ] Value $0.00 | Available $0.00 | Capital used 0.0% / 30%
[2026-04-06 09:56:36] [SHORT   ] BTC not in short zone — skipping
[2026-04-06 09:56:36] [RUN     ] Sleeping 1 min...
[2026-04-06 09:57:36] [RUN     ] ────────────────────────────────────────────────────────────
[2026-04-06 09:57:37] [MACRO   ] BTC $69699 | 7d-high $70243 | zone: no | 4h chg: 0.86%
[2026-04-06 09:57:37] [MACRO   ] SPX $0.29 | 7d-high $0.30 | zone: no
[2026-04-06 09:57:37] [ACCT    ] Value $0.00 | Available $0.00 | Capital used 0.0% / 30%
[2026-04-06 09:57:37] [SHORT   ] BTC not in short zone — skipping
[2026-04-06 09:57:37] [RUN     ] Sleeping 1 min...
[2026-04-06 09:58:37] [RUN     ] ────────────────────────────────────────────────────────────
[2026-04-06 09:58:37] [MACRO   ] BTC $69678 | 7d-high $70243 | zone: no | 4h chg: 0.84%
[2026-04-06 09:58:37] [MACRO   ] SPX $0.29 | 7d-high $0.30 | zone: no
[2026-04-06 09:58:37] [ACCT    ] Value $0.00 | Available $0.00 | Capital used 0.0% / 30%
[2026-04-06 09:58:37] [SHORT   ] BTC not in short zone — skipping
[2026-04-06 09:58:37] [RUN     ] Sleeping 1 min...
[2026-04-06 09:59:37] [RUN     ] ────────────────────────────────────────────────────────────
[2026-04-06 09:59:39] [MACRO   ] BTC $69695 | 7d-high $70243 | zone: no | 4h chg: 0.85%
[2026-04-06 09:59:39] [MACRO   ] SPX $0.29 | 7d-high $0.30 | zone: no
[2026-04-06 09:59:39] [ACCT    ] Value $0.00 | Available $0.00 | Capital used 0.0% / 30%
[2026-04-06 09:59:39] [SHORT   ] BTC not in short zone — skipping
[2026-04-06 09:59:39] [RUN     ] Sleeping 1 min...
[2026-04-06 10:00:39] [RUN     ] ────────────────────────────────────────────────────────────
[2026-04-06 10:00:40] [MACRO   ] BTC $69722 | 7d-high $70243 | zone: no | 4h chg: 0.80%
[2026-04-06 10:00:40] [MACRO   ] SPX $0.29 | 7d-high $0.30 | zone: no
[2026-04-06 10:00:40] [ACCT    ] Value $0.00 | Available $0.00 | Capital used 0.0% / 30%
[2026-04-06 10:00:40] [SHORT   ] BTC not in short zone — skipping
[2026-04-06 10:00:40] [RUN     ] Sleeping 1 min...
[2026-04-06 10:01:40] [RUN     ] ────────────────────────────────────────────────────────────
[2026-04-06 10:01:41] [MACRO   ] BTC $69736 | 7d-high $70243 | zone: no | 4h chg: 0.82%
[2026-04-06 10:01:41] [MACRO   ] SPX $0.29 | 7d-high $0.30 | zone: no
[2026-04-06 10:01:41] [ACCT    ] Value $0.00 | Available $0.00 | Capital used 0.0% / 30%
[2026-04-06 10:01:41] [SHORT   ] BTC not in short zone — skipping
[2026-04-06 10:01:41] [RUN     ] Sleeping 1 min...
[2026-04-06 10:02:41] [RUN     ] ────────────────────────────────────────────────────────────
[2026-04-06 10:02:41] [MACRO   ] BTC $69769 | 7d-high $70243 | zone: no | 4h chg: 0.87%
[2026-04-06 10:02:41] [MACRO   ] SPX $0.29 | 7d-high $0.30 | zone: no
[2026-04-06 10:02:41] [ACCT    ] Value $0.00 | Available $0.00 | Capital used 0.0% / 30%
[2026-04-06 10:02:41] [SHORT   ] BTC not in short zone — skipping
[2026-04-06 10:02:41] [RUN     ] Sleeping 1 min...
[2026-04-06 10:03:41] [RUN     ] ────────────────────────────────────────────────────────────
[2026-04-06 10:03:42] [MACRO   ] BTC $69744 | 7d-high $70243 | zone: no | 4h chg: 0.83%
[2026-04-06 10:03:42] [MACRO   ] SPX $0.29 | 7d-high $0.30 | zone: no
[2026-04-06 10:03:42] [ACCT    ] Value $0.00 | Available $0.00 | Capital used 0.0% / 30%
[2026-04-06 10:03:42] [SHORT   ] BTC not in short zone — skipping
[2026-04-06 10:03:42] [RUN     ] Sleeping 1 min...
[2026-04-06 10:04:42] [RUN     ] ────────────────────────────────────────────────────────────
[2026-04-06 10:04:43] [MACRO   ] BTC $69780 | 7d-high $70243 | zone: no | 4h chg: 0.89%
[2026-04-06 10:04:43] [MACRO   ] SPX $0.29 | 7d-high $0.30 | zone: no
[2026-04-06 10:04:43] [ACCT    ] Value $0.00 | Available $0.00 | Capital used 0.0% / 30%
[2026-04-06 10:04:43] [SHORT   ] BTC not in short zone — skipping
[2026-04-06 10:04:43] [RUN     ] Sleeping 1 min...
[2026-04-06 10:05:43] [RUN     ] ────────────────────────────────────────────────────────────
[2026-04-06 10:05:44] [MACRO   ] BTC $69791 | 7d-high $70243 | zone: no | 4h chg: 0.90%
[2026-04-06 10:05:44] [MACRO   ] SPX $0.29 | 7d-high $0.30 | zone: no
[2026-04-06 10:05:44] [ACCT    ] Value $0.00 | Available $0.00 | Capital used 0.0% / 30%
[2026-04-06 10:05:44] [SHORT   ] BTC not in short zone — skipping
[2026-04-06 10:05:44] [RUN     ] Sleeping 1 min...
[2026-04-06 10:06:44] [RUN     ] ────────────────────────────────────────────────────────────
[STDERR] ERROR: provide at least one of --long-assets or --short-assets
[2026-04-06 10:06:44] [EXIT    ] Process exited — code 1
[2026-04-06 10:06:44] [MACRO   ] BTC $69801 | 7d-high $70243 | zone: no | 4h chg: 0.92%
[2026-04-06 10:06:44] [MACRO   ] SPX $0.29 | 7d-high $0.30 | zone: no
[2026-04-06 10:06:44] [ACCT    ] Value $0.00 | Available $0.00 | Capital used 0.0% / 30%
[2026-04-06 10:06:44] [SHORT   ] BTC not in short zone — skipping
[2026-04-06 10:06:44] [RUN     ] Sleeping 1 min...
[2026-04-06 10:07:37] [START   ] ════════════════════════════════════════════════════════════
[2026-04-06 10:07:37] [START   ] Insolvent Terminal — Strategy Manager
[2026-04-06 10:07:37] [START   ] Address:   0xE05B576cDB74634D5c94Fb8C95f80431258992fe
[2026-04-06 10:07:37] [START   ] Long:      BTC, SOL, HYPE, XRP
[2026-04-06 10:07:37] [START   ] Short:     WIF, CHILLGUY, ALGO, MON
[2026-04-06 10:07:37] [START   ] Cap limit: 30% | Short zone: 0.5% from 7d high | Long zone: 0.5% from 7d low | Interval: 5min
[2026-04-06 10:07:37] [START   ] ════════════════════════════════════════════════════════════
[2026-04-06 10:07:38] [RUN     ] ────────────────────────────────────────────────────────────
[2026-04-06 10:07:38] [MACRO   ] BTC $69821 | 7d-high $70243 short-zone: no | 7d-low $65697 long-zone: no | 4h chg: 0.94%
[2026-04-06 10:07:38] [MACRO   ] SPX $0.29 | 7d-high $0.30 | zone: no
[2026-04-06 10:07:38] [ACCT    ] Value $0.00 | Available $0.00 | Capital used 0.0% / 30%
[2026-04-06 10:07:38] [SHORT   ] BTC not in short zone — skipping
[2026-04-06 10:07:38] [LONG    ] BTC — no position & BTC not in long zone — skipping
[2026-04-06 10:07:38] [LONG    ] SOL — no position & BTC not in long zone — skipping
[2026-04-06 10:07:38] [LONG    ] HYPE — no position & BTC not in long zone — skipping
[2026-04-06 10:07:38] [LONG    ] XRP — no position & BTC not in long zone — skipping
[2026-04-06 10:07:38] [RUN     ] Sleeping 5 min...
[2026-04-06 10:07:44] [RUN     ] ────────────────────────────────────────────────────────────
[2026-04-06 10:07:45] [MACRO   ] BTC $69821 | 7d-high $70243 | zone: no | 4h chg: 0.95%
[2026-04-06 10:07:45] [MACRO   ] SPX $0.29 | 7d-high $0.30 | zone: no
[2026-04-06 10:07:45] [ACCT    ] Value $0.00 | Available $0.00 | Capital used 0.0% / 30%
[2026-04-06 10:07:45] [SHORT   ] BTC not in short zone — skipping
[2026-04-06 10:07:45] [RUN     ] Sleeping 1 min...
[2026-04-06 10:08:45] [RUN     ] ────────────────────────────────────────────────────────────
[2026-04-06 10:08:46] [MACRO   ] BTC $69786 | 7d-high $70243 | zone: no | 4h chg: 0.89%
[2026-04-06 10:08:46] [MACRO   ] SPX $0.29 | 7d-high $0.30 | zone: no
[2026-04-06 10:08:46] [ACCT    ] Value $0.00 | Available $0.00 | Capital used 0.0% / 30%
[2026-04-06 10:08:46] [SHORT   ] BTC not in short zone — skipping
[2026-04-06 10:08:46] [RUN     ] Sleeping 1 min...
[2026-04-06 10:09:46] [RUN     ] ────────────────────────────────────────────────────────────
[2026-04-06 10:09:47] [MACRO   ] BTC $69785 | 7d-high $70243 | zone: no | 4h chg: 0.89%
[2026-04-06 10:09:47] [MACRO   ] SPX $0.29 | 7d-high $0.30 | zone: no
[2026-04-06 10:09:47] [ACCT    ] Value $0.00 | Available $0.00 | Capital used 0.0% / 30%
[2026-04-06 10:09:47] [SHORT   ] BTC not in short zone — skipping
[2026-04-06 10:09:47] [RUN     ] Sleeping 1 min...
[2026-04-06 10:10:47] [RUN     ] ────────────────────────────────────────────────────────────
[2026-04-06 10:10:48] [MACRO   ] BTC $69801 | 7d-high $70243 | zone: no | 4h chg: 0.92%
[2026-04-06 10:10:48] [MACRO   ] SPX $0.29 | 7d-high $0.30 | zone: no
[2026-04-06 10:10:48] [ACCT    ] Value $0.00 | Available $0.00 | Capital used 0.0% / 30%
[2026-04-06 10:10:48] [SHORT   ] BTC not in short zone — skipping
[2026-04-06 10:10:48] [RUN     ] Sleeping 1 min...
[2026-04-06 10:11:48] [RUN     ] ────────────────────────────────────────────────────────────
[2026-04-06 10:11:49] [MACRO   ] BTC $69816 | 7d-high $70243 | zone: no | 4h chg: 0.94%
[2026-04-06 10:11:49] [MACRO   ] SPX $0.29 | 7d-high $0.30 | zone: no
[2026-04-06 10:11:49] [ACCT    ] Value $0.00 | Available $0.00 | Capital used 0.0% / 30%
[2026-04-06 10:11:49] [SHORT   ] BTC not in short zone — skipping
[2026-04-06 10:11:49] [RUN     ] Sleeping 1 min...
[2026-04-06 10:12:38] [RUN     ] ────────────────────────────────────────────────────────────
[2026-04-06 10:12:40] [MACRO   ] BTC $69779 | 7d-high $70243 short-zone: no | 7d-low $65697 long-zone: no | 4h chg: 0.88%
[2026-04-06 10:12:40] [MACRO   ] SPX $0.29 | 7d-high $0.30 | zone: ✓ YES (soft)
[2026-04-06 10:12:40] [ACCT    ] Value $0.00 | Available $0.00 | Capital used 0.0% / 30%
[2026-04-06 10:12:40] [SHORT   ] BTC not in short zone — skipping
[2026-04-06 10:12:40] [LONG    ] BTC — no position & BTC not in long zone — skipping
[2026-04-06 10:12:40] [LONG    ] SOL — no position & BTC not in long zone — skipping
[2026-04-06 10:12:40] [LONG    ] HYPE — no position & BTC not in long zone — skipping
[2026-04-06 10:12:40] [LONG    ] XRP — no position & BTC not in long zone — skipping
[2026-04-06 10:12:40] [RUN     ] Sleeping 5 min...
[2026-04-06 10:12:49] [RUN     ] ────────────────────────────────────────────────────────────
[2026-04-06 10:12:50] [MACRO   ] BTC $69785 | 7d-high $70243 | zone: no | 4h chg: 0.89%
[2026-04-06 10:12:50] [MACRO   ] SPX $0.29 | 7d-high $0.30 | zone: no
[2026-04-06 10:12:50] [ACCT    ] Value $0.00 | Available $0.00 | Capital used 0.0% / 30%
[2026-04-06 10:12:50] [SHORT   ] BTC not in short zone — skipping
[2026-04-06 10:12:50] [RUN     ] Sleeping 1 min...
[2026-04-06 10:13:50] [RUN     ] ────────────────────────────────────────────────────────────
[2026-04-06 10:13:51] [MACRO   ] BTC $69821 | 7d-high $70243 | zone: no | 4h chg: 0.95%
[2026-04-06 10:13:51] [MACRO   ] SPX $0.29 | 7d-high $0.30 | zone: no
[2026-04-06 10:13:51] [ACCT    ] Value $0.00 | Available $0.00 | Capital used 0.0% / 30%
[2026-04-06 10:13:51] [SHORT   ] BTC not in short zone — skipping
[2026-04-06 10:13:51] [RUN     ] Sleeping 1 min...
[2026-04-06 10:14:51] [RUN     ] ────────────────────────────────────────────────────────────
[2026-04-06 10:14:51] [MACRO   ] BTC $69792 | 7d-high $70243 | zone: no | 4h chg: 0.90%
[2026-04-06 10:14:51] [MACRO   ] SPX $0.29 | 7d-high $0.30 | zone: no
[2026-04-06 10:14:51] [ACCT    ] Value $0.00 | Available $0.00 | Capital used 0.0% / 30%
[2026-04-06 10:14:51] [SHORT   ] BTC not in short zone — skipping
[2026-04-06 10:14:51] [RUN     ] Sleeping 1 min...
[2026-04-06 10:15:51] [RUN     ] ────────────────────────────────────────────────────────────
[2026-04-06 10:15:52] [MACRO   ] BTC $69803 | 7d-high $70243 | zone: no | 4h chg: 0.92%
[2026-04-06 10:15:52] [MACRO   ] SPX $0.29 | 7d-high $0.30 | zone: no
[2026-04-06 10:15:52] [ACCT    ] Value $0.00 | Available $0.00 | Capital used 0.0% / 30%
[2026-04-06 10:15:52] [SHORT   ] BTC not in short zone — skipping
[2026-04-06 10:15:52] [RUN     ] Sleeping 1 min...
[2026-04-06 10:16:52] [RUN     ] ────────────────────────────────────────────────────────────
[2026-04-06 10:16:53] [MACRO   ] BTC $69769 | 7d-high $70243 | zone: no | 4h chg: 0.87%
[2026-04-06 10:16:53] [MACRO   ] SPX $0.29 | 7d-high $0.30 | zone: no
[2026-04-06 10:16:53] [ACCT    ] Value $0.00 | Available $0.00 | Capital used 0.0% / 30%
[2026-04-06 10:16:53] [SHORT   ] BTC not in short zone — skipping
[2026-04-06 10:16:53] [RUN     ] Sleeping 1 min...
[2026-04-06 10:17:40] [RUN     ] ────────────────────────────────────────────────────────────
[2026-04-06 10:17:41] [MACRO   ] BTC $69759 | 7d-high $70243 short-zone: no | 7d-low $65697 long-zone: no | 4h chg: 0.85%
[2026-04-06 10:17:41] [MACRO   ] SPX $0.29 | 7d-high $0.30 | zone: no
[2026-04-06 10:17:41] [ACCT    ] Value $0.00 | Available $0.00 | Capital used 0.0% / 30%
[2026-04-06 10:17:41] [SHORT   ] BTC not in short zone — skipping
[2026-04-06 10:17:41] [LONG    ] BTC — no position & BTC not in long zone — skipping
[2026-04-06 10:17:41] [LONG    ] SOL — no position & BTC not in long zone — skipping
[2026-04-06 10:17:41] [LONG    ] HYPE — no position & BTC not in long zone — skipping
[2026-04-06 10:17:41] [LONG    ] XRP — no position & BTC not in long zone — skipping
[2026-04-06 10:17:41] [RUN     ] Sleeping 5 min...
[2026-04-06 10:17:53] [RUN     ] ────────────────────────────────────────────────────────────
[2026-04-06 10:17:54] [MACRO   ] BTC $69759 | 7d-high $70243 | zone: no | 4h chg: 0.86%
[2026-04-06 10:17:54] [MACRO   ] SPX $0.29 | 7d-high $0.30 | zone: no
[2026-04-06 10:17:54] [ACCT    ] Value $0.00 | Available $0.00 | Capital used 0.0% / 30%
[2026-04-06 10:17:54] [SHORT   ] BTC not in short zone — skipping
[2026-04-06 10:17:54] [RUN     ] Sleeping 1 min...
[2026-04-06 10:18:54] [RUN     ] ────────────────────────────────────────────────────────────
[2026-04-06 10:18:55] [MACRO   ] BTC $69759 | 7d-high $70243 | zone: no | 4h chg: 0.85%
[2026-04-06 10:18:55] [MACRO   ] SPX $0.29 | 7d-high $0.30 | zone: no
[2026-04-06 10:18:55] [ACCT    ] Value $0.00 | Available $0.00 | Capital used 0.0% / 30%
[2026-04-06 10:18:55] [SHORT   ] BTC not in short zone — skipping
[2026-04-06 10:18:55] [RUN     ] Sleeping 1 min...
[2026-04-06 10:19:55] [RUN     ] ────────────────────────────────────────────────────────────
[2026-04-06 10:19:55] [MACRO   ] BTC $69758 | 7d-high $70243 | zone: no | 4h chg: 0.85%
[2026-04-06 10:19:55] [MACRO   ] SPX $0.29 | 7d-high $0.30 | zone: no
[2026-04-06 10:19:55] [ACCT    ] Value $0.00 | Available $0.00 | Capital used 0.0% / 30%
[2026-04-06 10:19:55] [SHORT   ] BTC not in short zone — skipping
[2026-04-06 10:19:55] [RUN     ] Sleeping 1 min...
[2026-04-06 10:20:55] [RUN     ] ────────────────────────────────────────────────────────────
[2026-04-06 10:20:56] [MACRO   ] BTC $69772 | 7d-high $70243 | zone: no | 4h chg: 0.87%
[2026-04-06 10:20:56] [MACRO   ] SPX $0.29 | 7d-high $0.30 | zone: no
[2026-04-06 10:20:56] [ACCT    ] Value $0.00 | Available $0.00 | Capital used 0.0% / 30%
[2026-04-06 10:20:56] [SHORT   ] BTC not in short zone — skipping
[2026-04-06 10:20:56] [RUN     ] Sleeping 1 min...
[2026-04-06 10:21:56] [RUN     ] ────────────────────────────────────────────────────────────
[2026-04-06 10:21:57] [MACRO   ] BTC $69783 | 7d-high $70243 | zone: no | 4h chg: 0.89%
[2026-04-06 10:21:57] [MACRO   ] SPX $0.29 | 7d-high $0.30 | zone: no
[2026-04-06 10:21:57] [ACCT    ] Value $0.00 | Available $0.00 | Capital used 0.0% / 30%
[2026-04-06 10:21:57] [SHORT   ] BTC not in short zone — skipping
[2026-04-06 10:21:57] [RUN     ] Sleeping 1 min...
[2026-04-06 10:22:41] [RUN     ] ────────────────────────────────────────────────────────────
[2026-04-06 10:22:41] [MACRO   ] BTC $69790 | 7d-high $70243 short-zone: no | 7d-low $65697 long-zone: no | 4h chg: 0.90%
[2026-04-06 10:22:41] [MACRO   ] SPX $0.29 | 7d-high $0.30 | zone: no
[2026-04-06 10:22:41] [ACCT    ] Value $0.00 | Available $0.00 | Capital used 0.0% / 30%
[2026-04-06 10:22:41] [SHORT   ] BTC not in short zone — skipping
[2026-04-06 10:22:41] [LONG    ] BTC — no position & BTC not in long zone — skipping
[2026-04-06 10:22:41] [LONG    ] SOL — no position & BTC not in long zone — skipping
[2026-04-06 10:22:41] [LONG    ] HYPE — no position & BTC not in long zone — skipping
[2026-04-06 10:22:41] [LONG    ] XRP — no position & BTC not in long zone — skipping
[2026-04-06 10:22:41] [RUN     ] Sleeping 5 min...
[2026-04-06 10:22:57] [RUN     ] ────────────────────────────────────────────────────────────
[2026-04-06 10:22:57] [MACRO   ] BTC $69790 | 7d-high $70243 | zone: no | 4h chg: 0.90%
[2026-04-06 10:22:57] [MACRO   ] SPX $0.29 | 7d-high $0.30 | zone: no
[2026-04-06 10:22:57] [ACCT    ] Value $0.00 | Available $0.00 | Capital used 0.0% / 30%
[2026-04-06 10:22:57] [SHORT   ] BTC not in short zone — skipping
[2026-04-06 10:22:57] [RUN     ] Sleeping 1 min...
[2026-04-06 10:23:57] [RUN     ] ────────────────────────────────────────────────────────────
[2026-04-06 10:23:58] [MACRO   ] BTC $69838 | 7d-high $70243 | zone: no | 4h chg: 0.97%
[2026-04-06 10:23:58] [MACRO   ] SPX $0.29 | 7d-high $0.30 | zone: no
[2026-04-06 10:23:58] [ACCT    ] Value $0.00 | Available $0.00 | Capital used 0.0% / 30%
[2026-04-06 10:23:58] [SHORT   ] BTC not in short zone — skipping
[2026-04-06 10:23:58] [RUN     ] Sleeping 1 min...
[2026-04-06 10:24:58] [RUN     ] ────────────────────────────────────────────────────────────
[2026-04-06 10:24:59] [MACRO   ] BTC $69802 | 7d-high $70243 | zone: no | 4h chg: 0.92%
[2026-04-06 10:24:59] [MACRO   ] SPX $0.29 | 7d-high $0.30 | zone: no
[2026-04-06 10:24:59] [ACCT    ] Value $0.00 | Available $0.00 | Capital used 0.0% / 30%
[2026-04-06 10:24:59] [SHORT   ] BTC not in short zone — skipping
[2026-04-06 10:24:59] [RUN     ] Sleeping 1 min...
[2026-04-06 10:25:59] [RUN     ] ────────────────────────────────────────────────────────────
[2026-04-06 10:26:00] [MACRO   ] BTC $69762 | 7d-high $70243 | zone: no | 4h chg: 0.85%
[2026-04-06 10:26:00] [MACRO   ] SPX $0.29 | 7d-high $0.30 | zone: no
[2026-04-06 10:26:00] [ACCT    ] Value $0.00 | Available $0.00 | Capital used 0.0% / 30%
[2026-04-06 10:26:00] [SHORT   ] BTC not in short zone — skipping
[2026-04-06 10:26:00] [RUN     ] Sleeping 1 min...
[2026-04-06 10:27:00] [RUN     ] ────────────────────────────────────────────────────────────
[2026-04-06 10:27:00] [MACRO   ] BTC $69726 | 7d-high $70243 | zone: no | 4h chg: 0.81%
[2026-04-06 10:27:00] [MACRO   ] SPX $0.29 | 7d-high $0.30 | zone: no
[2026-04-06 10:27:00] [ACCT    ] Value $0.00 | Available $0.00 | Capital used 0.0% / 30%
[2026-04-06 10:27:00] [SHORT   ] BTC not in short zone — skipping
[2026-04-06 10:27:00] [RUN     ] Sleeping 1 min...
[2026-04-06 10:27:41] [RUN     ] ────────────────────────────────────────────────────────────
[2026-04-06 10:27:42] [MACRO   ] BTC $69719 | 7d-high $70243 short-zone: no | 7d-low $65697 long-zone: no | 4h chg: 0.80%
[2026-04-06 10:27:42] [MACRO   ] SPX $0.29 | 7d-high $0.30 | zone: ✓ YES (soft)
[2026-04-06 10:27:42] [ACCT    ] Value $0.00 | Available $0.00 | Capital used 0.0% / 30%
[2026-04-06 10:27:42] [SHORT   ] BTC not in short zone — skipping
[2026-04-06 10:27:42] [LONG    ] BTC — no position & BTC not in long zone — skipping
[2026-04-06 10:27:42] [LONG    ] SOL — no position & BTC not in long zone — skipping
[2026-04-06 10:27:42] [LONG    ] HYPE — no position & BTC not in long zone — skipping
[2026-04-06 10:27:42] [LONG    ] XRP — no position & BTC not in long zone — skipping
[2026-04-06 10:27:42] [RUN     ] Sleeping 5 min...
[2026-04-06 10:28:00] [RUN     ] ────────────────────────────────────────────────────────────
[2026-04-06 10:28:02] [MACRO   ] BTC $69730 | 7d-high $70243 | zone: no | 4h chg: 0.81%
[2026-04-06 10:28:02] [MACRO   ] SPX $0.30 | 7d-high $0.30 | zone: ✓ YES (soft)
[2026-04-06 10:28:02] [ACCT    ] Value $0.00 | Available $0.00 | Capital used 0.0% / 30%
[2026-04-06 10:28:02] [SHORT   ] BTC not in short zone — skipping
[2026-04-06 10:28:02] [RUN     ] Sleeping 1 min...
[2026-04-06 10:29:02] [RUN     ] ────────────────────────────────────────────────────────────
[2026-04-06 10:29:02] [MACRO   ] BTC $69724 | 7d-high $70243 | zone: no | 4h chg: 0.81%
[2026-04-06 10:29:02] [MACRO   ] SPX $0.30 | 7d-high $0.30 | zone: ✓ YES (soft)
[2026-04-06 10:29:02] [ACCT    ] Value $0.00 | Available $0.00 | Capital used 0.0% / 30%
[2026-04-06 10:29:02] [SHORT   ] BTC not in short zone — skipping
[2026-04-06 10:29:02] [RUN     ] Sleeping 1 min...
[2026-04-06 10:30:02] [RUN     ] ────────────────────────────────────────────────────────────
[2026-04-06 10:30:03] [MACRO   ] BTC $69730 | 7d-high $70243 | zone: no | 4h chg: 0.81%
[2026-04-06 10:30:03] [MACRO   ] SPX $0.29 | 7d-high $0.30 | zone: ✓ YES (soft)
[2026-04-06 10:30:03] [ACCT    ] Value $0.00 | Available $0.00 | Capital used 0.0% / 30%
[2026-04-06 10:30:03] [SHORT   ] BTC not in short zone — skipping
[2026-04-06 10:30:03] [RUN     ] Sleeping 1 min...
[2026-04-06 10:31:03] [RUN     ] ────────────────────────────────────────────────────────────
[2026-04-06 10:31:04] [MACRO   ] BTC $69767 | 7d-high $70243 | zone: no | 4h chg: 0.87%
[2026-04-06 10:31:04] [MACRO   ] SPX $0.30 | 7d-high $0.30 | zone: ✓ YES (soft)
[2026-04-06 10:31:04] [ACCT    ] Value $0.00 | Available $0.00 | Capital used 0.0% / 30%
[2026-04-06 10:31:04] [SHORT   ] BTC not in short zone — skipping
[2026-04-06 10:31:04] [RUN     ] Sleeping 1 min...
[2026-04-06 10:32:04] [RUN     ] ────────────────────────────────────────────────────────────
[2026-04-06 10:32:05] [MACRO   ] BTC $69783 | 7d-high $70243 | zone: no | 4h chg: 0.89%
[2026-04-06 10:32:05] [MACRO   ] SPX $0.30 | 7d-high $0.30 | zone: ✓ YES (soft)
[2026-04-06 10:32:05] [ACCT    ] Value $0.00 | Available $0.00 | Capital used 0.0% / 30%
[2026-04-06 10:32:05] [SHORT   ] BTC not in short zone — skipping
[2026-04-06 10:32:05] [RUN     ] Sleeping 1 min...
[2026-04-06 10:32:42] [RUN     ] ────────────────────────────────────────────────────────────
[2026-04-06 10:32:43] [MACRO   ] BTC $69771 | 7d-high $70243 short-zone: no | 7d-low $65697 long-zone: no | 4h chg: 0.87%
[2026-04-06 10:32:43] [MACRO   ] SPX $0.30 | 7d-high $0.30 | zone: ✓ YES (soft)
[2026-04-06 10:32:43] [ACCT    ] Value $0.00 | Available $0.00 | Capital used 0.0% / 30%
[2026-04-06 10:32:43] [SHORT   ] BTC not in short zone — skipping
[2026-04-06 10:32:43] [LONG    ] BTC — no position & BTC not in long zone — skipping
[2026-04-06 10:32:43] [LONG    ] SOL — no position & BTC not in long zone — skipping
[2026-04-06 10:32:43] [LONG    ] HYPE — no position & BTC not in long zone — skipping
[2026-04-06 10:32:43] [LONG    ] XRP — no position & BTC not in long zone — skipping
[2026-04-06 10:32:43] [RUN     ] Sleeping 5 min...
[2026-04-06 10:33:05] [RUN     ] ────────────────────────────────────────────────────────────
[2026-04-06 10:33:06] [MACRO   ] BTC $69807 | 7d-high $70243 | zone: no | 4h chg: 0.92%
[2026-04-06 10:33:06] [MACRO   ] SPX $0.30 | 7d-high $0.30 | zone: ✓ YES (soft)
[2026-04-06 10:33:06] [ACCT    ] Value $0.00 | Available $0.00 | Capital used 0.0% / 30%
[2026-04-06 10:33:06] [SHORT   ] BTC not in short zone — skipping
[2026-04-06 10:33:06] [RUN     ] Sleeping 1 min...
[2026-04-06 10:34:06] [RUN     ] ────────────────────────────────────────────────────────────
[2026-04-06 10:34:06] [MACRO   ] BTC $69794 | 7d-high $70243 | zone: no | 4h chg: 0.91%
[2026-04-06 10:34:06] [MACRO   ] SPX $0.30 | 7d-high $0.30 | zone: ✓ YES (soft)
[2026-04-06 10:34:06] [ACCT    ] Value $0.00 | Available $0.00 | Capital used 0.0% / 30%
[2026-04-06 10:34:06] [SHORT   ] BTC not in short zone — skipping
[2026-04-06 10:34:06] [RUN     ] Sleeping 1 min...
[2026-04-06 10:35:06] [RUN     ] ────────────────────────────────────────────────────────────
[2026-04-06 10:35:07] [MACRO   ] BTC $69794 | 7d-high $70243 | zone: no | 4h chg: 0.91%
[2026-04-06 10:35:07] [MACRO   ] SPX $0.30 | 7d-high $0.30 | zone: ✓ YES (soft)
[2026-04-06 10:35:07] [ACCT    ] Value $0.00 | Available $0.00 | Capital used 0.0% / 30%
[2026-04-06 10:35:07] [SHORT   ] BTC not in short zone — skipping
[2026-04-06 10:35:07] [RUN     ] Sleeping 1 min...
[2026-04-06 10:36:07] [RUN     ] ────────────────────────────────────────────────────────────
[2026-04-06 10:36:08] [MACRO   ] BTC $69773 | 7d-high $70243 | zone: no | 4h chg: 0.87%
[2026-04-06 10:36:08] [MACRO   ] SPX $0.29 | 7d-high $0.30 | zone: no
[2026-04-06 10:36:08] [ACCT    ] Value $0.00 | Available $0.00 | Capital used 0.0% / 30%
[2026-04-06 10:36:08] [SHORT   ] BTC not in short zone — skipping
[2026-04-06 10:36:08] [RUN     ] Sleeping 1 min...
[2026-04-06 10:37:08] [RUN     ] ────────────────────────────────────────────────────────────
[2026-04-06 10:37:09] [MACRO   ] BTC $69868 | 7d-high $70243 | zone: no | 4h chg: 1.01%
[2026-04-06 10:37:09] [MACRO   ] SPX $0.29 | 7d-high $0.30 | zone: no
[2026-04-06 10:37:09] [ACCT    ] Value $0.00 | Available $0.00 | Capital used 0.0% / 30%
[2026-04-06 10:37:09] [SHORT   ] BTC not in short zone — skipping
[2026-04-06 10:37:09] [RUN     ] Sleeping 1 min...
[2026-04-06 10:37:43] [RUN     ] ────────────────────────────────────────────────────────────
[2026-04-06 10:37:43] [MACRO   ] BTC $69874 | 7d-high $70243 short-zone: no | 7d-low $65697 long-zone: no | 4h chg: 1.02%
[2026-04-06 10:37:43] [MACRO   ] SPX $0.29 | 7d-high $0.30 | zone: no
[2026-04-06 10:37:43] [ACCT    ] Value $0.00 | Available $0.00 | Capital used 0.0% / 30%
[2026-04-06 10:37:43] [SHORT   ] BTC not in short zone — skipping
[2026-04-06 10:37:43] [LONG    ] BTC — no position & BTC not in long zone — skipping
[2026-04-06 10:37:43] [LONG    ] SOL — no position & BTC not in long zone — skipping
[2026-04-06 10:37:43] [LONG    ] HYPE — no position & BTC not in long zone — skipping
[2026-04-06 10:37:43] [LONG    ] XRP — no position & BTC not in long zone — skipping
[2026-04-06 10:37:43] [RUN     ] Sleeping 5 min...
[2026-04-06 10:38:09] [RUN     ] ────────────────────────────────────────────────────────────
[2026-04-06 10:38:10] [MACRO   ] BTC $69880 | 7d-high $70243 | zone: no | 4h chg: 1.03%
[2026-04-06 10:38:10] [MACRO   ] SPX $0.29 | 7d-high $0.30 | zone: ✓ YES (soft)
[2026-04-06 10:38:10] [ACCT    ] Value $0.00 | Available $0.00 | Capital used 0.0% / 30%
[2026-04-06 10:38:10] [SHORT   ] BTC not in short zone — skipping
[2026-04-06 10:38:10] [RUN     ] Sleeping 1 min...
[2026-04-06 10:39:10] [RUN     ] ────────────────────────────────────────────────────────────
[2026-04-06 10:39:11] [MACRO   ] BTC $69879 | 7d-high $70243 | zone: no | 4h chg: 1.03%
[2026-04-06 10:39:11] [MACRO   ] SPX $0.29 | 7d-high $0.30 | zone: no
[2026-04-06 10:39:11] [ACCT    ] Value $0.00 | Available $0.00 | Capital used 0.0% / 30%
[2026-04-06 10:39:11] [SHORT   ] BTC not in short zone — skipping
[2026-04-06 10:39:11] [RUN     ] Sleeping 1 min...
[2026-04-06 10:40:11] [RUN     ] ────────────────────────────────────────────────────────────
[2026-04-06 10:40:11] [MACRO   ] BTC $69857 | 7d-high $70243 | zone: no | 4h chg: 1.00%
[2026-04-06 10:40:11] [MACRO   ] SPX $0.29 | 7d-high $0.30 | zone: no
[2026-04-06 10:40:11] [ACCT    ] Value $0.00 | Available $0.00 | Capital used 0.0% / 30%
[2026-04-06 10:40:11] [SHORT   ] BTC not in short zone — skipping
[2026-04-06 10:40:11] [RUN     ] Sleeping 1 min...
[2026-04-06 10:41:11] [RUN     ] ────────────────────────────────────────────────────────────
[2026-04-06 10:41:13] [MACRO   ] BTC $69834 | 7d-high $70243 | zone: no | 4h chg: 0.96%
[2026-04-06 10:41:13] [MACRO   ] SPX $0.29 | 7d-high $0.30 | zone: no
[2026-04-06 10:41:13] [ACCT    ] Value $0.00 | Available $0.00 | Capital used 0.0% / 30%
[2026-04-06 10:41:13] [SHORT   ] BTC not in short zone — skipping
[2026-04-06 10:41:13] [RUN     ] Sleeping 1 min...
[2026-04-06 10:42:13] [RUN     ] ────────────────────────────────────────────────────────────
[2026-04-06 10:42:13] [MACRO   ] BTC $69860 | 7d-high $70243 | zone: no | 4h chg: 1.00%
[2026-04-06 10:42:13] [MACRO   ] SPX $0.29 | 7d-high $0.30 | zone: no
[2026-04-06 10:42:13] [ACCT    ] Value $0.00 | Available $0.00 | Capital used 0.0% / 30%
[2026-04-06 10:42:13] [SHORT   ] BTC not in short zone — skipping
[2026-04-06 10:42:13] [RUN     ] Sleeping 1 min...
[2026-04-06 10:42:43] [RUN     ] ────────────────────────────────────────────────────────────
[2026-04-06 10:42:44] [MACRO   ] BTC $69854 | 7d-high $70243 short-zone: no | 7d-low $65697 long-zone: no | 4h chg: 0.99%
[2026-04-06 10:42:44] [MACRO   ] SPX $0.29 | 7d-high $0.30 | zone: no
[2026-04-06 10:42:44] [ACCT    ] Value $0.00 | Available $0.00 | Capital used 0.0% / 30%
[2026-04-06 10:42:44] [SHORT   ] BTC not in short zone — skipping
[2026-04-06 10:42:44] [LONG    ] BTC — no position & BTC not in long zone — skipping
[2026-04-06 10:42:44] [LONG    ] SOL — no position & BTC not in long zone — skipping
[2026-04-06 10:42:44] [LONG    ] HYPE — no position & BTC not in long zone — skipping
[2026-04-06 10:42:44] [LONG    ] XRP — no position & BTC not in long zone — skipping
[2026-04-06 10:42:44] [RUN     ] Sleeping 5 min...
[2026-04-06 10:43:13] [RUN     ] ────────────────────────────────────────────────────────────
[2026-04-06 10:43:14] [MACRO   ] BTC $69861 | 7d-high $70243 | zone: no | 4h chg: 1.00%
[2026-04-06 10:43:14] [MACRO   ] SPX $0.29 | 7d-high $0.30 | zone: no
[2026-04-06 10:43:14] [ACCT    ] Value $0.00 | Available $0.00 | Capital used 0.0% / 30%
[2026-04-06 10:43:14] [SHORT   ] BTC not in short zone — skipping
[2026-04-06 10:43:14] [RUN     ] Sleeping 1 min...
[2026-04-06 10:44:14] [RUN     ] ────────────────────────────────────────────────────────────
[2026-04-06 10:44:15] [MACRO   ] BTC $69853 | 7d-high $70243 | zone: no | 4h chg: 0.99%
[2026-04-06 10:44:15] [MACRO   ] SPX $0.29 | 7d-high $0.30 | zone: no
[2026-04-06 10:44:15] [ACCT    ] Value $0.00 | Available $0.00 | Capital used 0.0% / 30%
[2026-04-06 10:44:15] [SHORT   ] BTC not in short zone — skipping
[2026-04-06 10:44:15] [RUN     ] Sleeping 1 min...
[2026-04-06 10:45:15] [RUN     ] ────────────────────────────────────────────────────────────
[2026-04-06 10:45:16] [MACRO   ] BTC $69845 | 7d-high $70243 | zone: no | 4h chg: 0.98%
[2026-04-06 10:45:16] [MACRO   ] SPX $0.29 | 7d-high $0.30 | zone: no
[2026-04-06 10:45:16] [ACCT    ] Value $0.00 | Available $0.00 | Capital used 0.0% / 30%
[2026-04-06 10:45:16] [SHORT   ] BTC not in short zone — skipping
[2026-04-06 10:45:16] [RUN     ] Sleeping 1 min...
[2026-04-06 10:46:16] [RUN     ] ────────────────────────────────────────────────────────────
[2026-04-06 10:46:17] [MACRO   ] BTC $69846 | 7d-high $70243 | zone: no | 4h chg: 0.98%
[2026-04-06 10:46:17] [MACRO   ] SPX $0.29 | 7d-high $0.30 | zone: no
[2026-04-06 10:46:17] [ACCT    ] Value $0.00 | Available $0.00 | Capital used 0.0% / 30%
[2026-04-06 10:46:17] [SHORT   ] BTC not in short zone — skipping
[2026-04-06 10:46:17] [RUN     ] Sleeping 1 min...
[2026-04-06 10:47:17] [RUN     ] ────────────────────────────────────────────────────────────
[2026-04-06 10:47:17] [MACRO   ] BTC $69698 | 7d-high $70243 | zone: no | 4h chg: 0.77%
[2026-04-06 10:47:17] [MACRO   ] SPX $0.29 | 7d-high $0.30 | zone: no
[2026-04-06 10:47:17] [ACCT    ] Value $0.00 | Available $0.00 | Capital used 0.0% / 30%
[2026-04-06 10:47:17] [SHORT   ] BTC not in short zone — skipping
[2026-04-06 10:47:17] [RUN     ] Sleeping 1 min...
[2026-04-06 10:47:44] [RUN     ] ────────────────────────────────────────────────────────────
[2026-04-06 10:47:45] [MACRO   ] BTC $69719 | 7d-high $70243 short-zone: no | 7d-low $65697 long-zone: no | 4h chg: 0.80%
[2026-04-06 10:47:45] [MACRO   ] SPX $0.29 | 7d-high $0.30 | zone: no
[2026-04-06 10:47:45] [ACCT    ] Value $0.00 | Available $0.00 | Capital used 0.0% / 30%
[2026-04-06 10:47:45] [SHORT   ] BTC not in short zone — skipping
[2026-04-06 10:47:45] [LONG    ] BTC — no position & BTC not in long zone — skipping
[2026-04-06 10:47:45] [LONG    ] SOL — no position & BTC not in long zone — skipping
[2026-04-06 10:47:45] [LONG    ] HYPE — no position & BTC not in long zone — skipping
[2026-04-06 10:47:45] [LONG    ] XRP — no position & BTC not in long zone — skipping
[2026-04-06 10:47:45] [RUN     ] Sleeping 5 min...
[2026-04-06 10:48:17] [RUN     ] ────────────────────────────────────────────────────────────
[2026-04-06 10:48:18] [MACRO   ] BTC $69756 | 7d-high $70243 | zone: no | 4h chg: 0.85%
[2026-04-06 10:48:18] [MACRO   ] SPX $0.29 | 7d-high $0.30 | zone: no
[2026-04-06 10:48:18] [ACCT    ] Value $0.00 | Available $0.00 | Capital used 0.0% / 30%
[2026-04-06 10:48:18] [SHORT   ] BTC not in short zone — skipping
[2026-04-06 10:48:18] [RUN     ] Sleeping 1 min...
[2026-04-06 10:49:18] [RUN     ] ────────────────────────────────────────────────────────────
[2026-04-06 10:49:19] [MACRO   ] BTC $69783 | 7d-high $70243 | zone: no | 4h chg: 0.89%
[2026-04-06 10:49:19] [MACRO   ] SPX $0.29 | 7d-high $0.30 | zone: no
[2026-04-06 10:49:19] [ACCT    ] Value $0.00 | Available $0.00 | Capital used 0.0% / 30%
[2026-04-06 10:49:19] [SHORT   ] BTC not in short zone — skipping
[2026-04-06 10:49:19] [RUN     ] Sleeping 1 min...
[2026-04-06 10:50:19] [RUN     ] ────────────────────────────────────────────────────────────
[2026-04-06 10:50:20] [MACRO   ] BTC $69752 | 7d-high $70243 | zone: no | 4h chg: 0.84%
[2026-04-06 10:50:20] [MACRO   ] SPX $0.30 | 7d-high $0.30 | zone: ✓ YES (soft)
[2026-04-06 10:50:20] [ACCT    ] Value $0.00 | Available $0.00 | Capital used 0.0% / 30%
[2026-04-06 10:50:20] [SHORT   ] BTC not in short zone — skipping
[2026-04-06 10:50:20] [RUN     ] Sleeping 1 min...
[2026-04-06 10:51:20] [RUN     ] ────────────────────────────────────────────────────────────
[2026-04-06 10:51:21] [MACRO   ] BTC $69760 | 7d-high $70243 | zone: no | 4h chg: 0.86%
[2026-04-06 10:51:21] [MACRO   ] SPX $0.29 | 7d-high $0.30 | zone: ✓ YES (soft)
[2026-04-06 10:51:21] [ACCT    ] Value $0.00 | Available $0.00 | Capital used 0.0% / 30%
[2026-04-06 10:51:21] [SHORT   ] BTC not in short zone — skipping
[2026-04-06 10:51:21] [RUN     ] Sleeping 1 min...
[2026-04-06 10:52:21] [RUN     ] ────────────────────────────────────────────────────────────
[2026-04-06 10:52:22] [MACRO   ] BTC $69693 | 7d-high $70243 | zone: no | 4h chg: 0.76%
[2026-04-06 10:52:22] [MACRO   ] SPX $0.29 | 7d-high $0.30 | zone: no
[2026-04-06 10:52:22] [ACCT    ] Value $0.00 | Available $0.00 | Capital used 0.0% / 30%
[2026-04-06 10:52:22] [SHORT   ] BTC not in short zone — skipping
[2026-04-06 10:52:22] [RUN     ] Sleeping 1 min...
[2026-04-06 10:52:45] [RUN     ] ────────────────────────────────────────────────────────────
[2026-04-06 10:52:46] [MACRO   ] BTC $69699 | 7d-high $70243 short-zone: no | 7d-low $65697 long-zone: no | 4h chg: 0.77%
[2026-04-06 10:52:46] [MACRO   ] SPX $0.29 | 7d-high $0.30 | zone: no
[2026-04-06 10:52:46] [ACCT    ] Value $0.00 | Available $0.00 | Capital used 0.0% / 30%
[2026-04-06 10:52:46] [SHORT   ] BTC not in short zone — skipping
[2026-04-06 10:52:46] [LONG    ] BTC — no position & BTC not in long zone — skipping
[2026-04-06 10:52:46] [LONG    ] SOL — no position & BTC not in long zone — skipping
[2026-04-06 10:52:46] [LONG    ] HYPE — no position & BTC not in long zone — skipping
[2026-04-06 10:52:46] [LONG    ] XRP — no position & BTC not in long zone — skipping
[2026-04-06 10:52:46] [RUN     ] Sleeping 5 min...
[2026-04-06 10:53:22] [RUN     ] ────────────────────────────────────────────────────────────
[2026-04-06 10:53:23] [MACRO   ] BTC $69759 | 7d-high $70243 | zone: no | 4h chg: 0.86%
[2026-04-06 10:53:23] [MACRO   ] SPX $0.29 | 7d-high $0.30 | zone: no
[2026-04-06 10:53:23] [ACCT    ] Value $0.00 | Available $0.00 | Capital used 0.0% / 30%
[2026-04-06 10:53:23] [SHORT   ] BTC not in short zone — skipping
[2026-04-06 10:53:23] [RUN     ] Sleeping 1 min...
[2026-04-06 10:54:23] [RUN     ] ────────────────────────────────────────────────────────────
[2026-04-06 10:54:24] [MACRO   ] BTC $69729 | 7d-high $70243 | zone: no | 4h chg: 0.81%
[2026-04-06 10:54:24] [MACRO   ] SPX $0.29 | 7d-high $0.30 | zone: no
[2026-04-06 10:54:24] [ACCT    ] Value $0.00 | Available $0.00 | Capital used 0.0% / 30%
[2026-04-06 10:54:24] [SHORT   ] BTC not in short zone — skipping
[2026-04-06 10:54:24] [RUN     ] Sleeping 1 min...
[2026-04-06 10:55:24] [RUN     ] ────────────────────────────────────────────────────────────
[2026-04-06 10:55:24] [MACRO   ] BTC $69710 | 7d-high $70243 | zone: no | 4h chg: 0.79%
[2026-04-06 10:55:24] [MACRO   ] SPX $0.29 | 7d-high $0.30 | zone: no
[2026-04-06 10:55:25] [ACCT    ] Value $0.00 | Available $0.00 | Capital used 0.0% / 30%
[2026-04-06 10:55:25] [SHORT   ] BTC not in short zone — skipping
[2026-04-06 10:55:25] [RUN     ] Sleeping 1 min...
[2026-04-06 10:56:25] [RUN     ] ────────────────────────────────────────────────────────────
[2026-04-06 10:56:25] [MACRO   ] BTC $69739 | 7d-high $70243 | zone: no | 4h chg: 0.83%
[2026-04-06 10:56:25] [MACRO   ] SPX $0.29 | 7d-high $0.30 | zone: no
[2026-04-06 10:56:25] [ACCT    ] Value $0.00 | Available $0.00 | Capital used 0.0% / 30%
[2026-04-06 10:56:25] [SHORT   ] BTC not in short zone — skipping
[2026-04-06 10:56:25] [RUN     ] Sleeping 1 min...
[2026-04-06 10:57:25] [RUN     ] ────────────────────────────────────────────────────────────
[2026-04-06 10:57:26] [MACRO   ] BTC $69691 | 7d-high $70243 | zone: no | 4h chg: 0.76%
[2026-04-06 10:57:26] [MACRO   ] SPX $0.29 | 7d-high $0.30 | zone: no
[2026-04-06 10:57:26] [ACCT    ] Value $0.00 | Available $0.00 | Capital used 0.0% / 30%
[2026-04-06 10:57:26] [SHORT   ] BTC not in short zone — skipping
[2026-04-06 10:57:26] [RUN     ] Sleeping 1 min...
[2026-04-06 10:57:46] [RUN     ] ────────────────────────────────────────────────────────────
[2026-04-06 10:57:47] [MACRO   ] BTC $69672 | 7d-high $70243 short-zone: no | 7d-low $65697 long-zone: no | 4h chg: 0.73%
[2026-04-06 10:57:47] [MACRO   ] SPX $0.29 | 7d-high $0.30 | zone: no
[2026-04-06 10:57:47] [ACCT    ] Value $0.00 | Available $0.00 | Capital used 0.0% / 30%
[2026-04-06 10:57:47] [SHORT   ] BTC not in short zone — skipping
[2026-04-06 10:57:47] [LONG    ] BTC — no position & BTC not in long zone — skipping
[2026-04-06 10:57:47] [LONG    ] SOL — no position & BTC not in long zone — skipping
[2026-04-06 10:57:47] [LONG    ] HYPE — no position & BTC not in long zone — skipping
[2026-04-06 10:57:47] [LONG    ] XRP — no position & BTC not in long zone — skipping
[2026-04-06 10:57:47] [RUN     ] Sleeping 5 min...
[2026-04-06 10:58:26] [RUN     ] ────────────────────────────────────────────────────────────
[2026-04-06 10:58:27] [MACRO   ] BTC $69686 | 7d-high $70243 | zone: no | 4h chg: 0.75%
[2026-04-06 10:58:27] [MACRO   ] SPX $0.29 | 7d-high $0.30 | zone: no
[2026-04-06 10:58:27] [ACCT    ] Value $0.00 | Available $0.00 | Capital used 0.0% / 30%
[2026-04-06 10:58:27] [SHORT   ] BTC not in short zone — skipping
[2026-04-06 10:58:27] [RUN     ] Sleeping 1 min...
[2026-04-06 10:59:27] [RUN     ] ────────────────────────────────────────────────────────────
[2026-04-06 10:59:28] [MACRO   ] BTC $69719 | 7d-high $70243 | zone: no | 4h chg: 0.80%
[2026-04-06 10:59:28] [MACRO   ] SPX $0.29 | 7d-high $0.30 | zone: no
[2026-04-06 10:59:28] [ACCT    ] Value $0.00 | Available $0.00 | Capital used 0.0% / 30%
[2026-04-06 10:59:28] [SHORT   ] BTC not in short zone — skipping
[2026-04-06 10:59:28] [RUN     ] Sleeping 1 min...
[2026-04-06 11:00:28] [RUN     ] ────────────────────────────────────────────────────────────
[2026-04-06 11:00:28] [MACRO   ] BTC $69732 | 7d-high $70243 | zone: no | 4h chg: 1.15%
[2026-04-06 11:00:28] [MACRO   ] SPX $0.29 | 7d-high $0.30 | zone: no
[2026-04-06 11:00:28] [ACCT    ] Value $0.00 | Available $0.00 | Capital used 0.0% / 30%
[2026-04-06 11:00:28] [SHORT   ] BTC not in short zone — skipping
[2026-04-06 11:00:28] [RUN     ] Sleeping 1 min...
[2026-04-06 11:01:28] [RUN     ] ────────────────────────────────────────────────────────────
[2026-04-06 11:01:29] [MACRO   ] BTC $69683 | 7d-high $70243 | zone: no | 4h chg: 1.08%
[2026-04-06 11:01:29] [MACRO   ] SPX $0.29 | 7d-high $0.30 | zone: no
[2026-04-06 11:01:29] [ACCT    ] Value $0.00 | Available $0.00 | Capital used 0.0% / 30%
[2026-04-06 11:01:29] [SHORT   ] BTC not in short zone — skipping
[2026-04-06 11:01:29] [RUN     ] Sleeping 1 min...
[2026-04-06 11:02:29] [RUN     ] ────────────────────────────────────────────────────────────
[2026-04-06 11:02:30] [MACRO   ] BTC $69684 | 7d-high $70243 | zone: no | 4h chg: 1.08%
[2026-04-06 11:02:30] [MACRO   ] SPX $0.29 | 7d-high $0.30 | zone: no
[2026-04-06 11:02:30] [ACCT    ] Value $0.00 | Available $0.00 | Capital used 0.0% / 30%
[2026-04-06 11:02:30] [SHORT   ] BTC not in short zone — skipping
[2026-04-06 11:02:30] [RUN     ] Sleeping 1 min...
[2026-04-06 11:02:47] [RUN     ] ────────────────────────────────────────────────────────────
[2026-04-06 11:02:48] [MACRO   ] BTC $69684 | 7d-high $70243 short-zone: no | 7d-low $65697 long-zone: no | 4h chg: 1.08%
[2026-04-06 11:02:48] [MACRO   ] SPX $0.29 | 7d-high $0.30 | zone: no
[2026-04-06 11:02:48] [ACCT    ] Value $0.00 | Available $0.00 | Capital used 0.0% / 30%
[2026-04-06 11:02:48] [SHORT   ] BTC not in short zone — skipping
[2026-04-06 11:02:48] [LONG    ] BTC — no position & BTC not in long zone — skipping
[2026-04-06 11:02:48] [LONG    ] SOL — no position & BTC not in long zone — skipping
[2026-04-06 11:02:48] [LONG    ] HYPE — no position & BTC not in long zone — skipping
[2026-04-06 11:02:48] [LONG    ] XRP — no position & BTC not in long zone — skipping
[2026-04-06 11:02:48] [RUN     ] Sleeping 5 min...
[2026-04-06 11:03:30] [RUN     ] ────────────────────────────────────────────────────────────
[2026-04-06 11:03:30] [MACRO   ] BTC $69657 | 7d-high $70243 | zone: no | 4h chg: 1.04%
[2026-04-06 11:03:30] [MACRO   ] SPX $0.29 | 7d-high $0.30 | zone: no
[2026-04-06 11:03:30] [ACCT    ] Value $0.00 | Available $0.00 | Capital used 0.0% / 30%
[2026-04-06 11:03:30] [SHORT   ] BTC not in short zone — skipping
[2026-04-06 11:03:30] [RUN     ] Sleeping 1 min...
[2026-04-06 11:04:30] [RUN     ] ────────────────────────────────────────────────────────────
[2026-04-06 11:04:31] [MACRO   ] BTC $69665 | 7d-high $70243 | zone: no | 4h chg: 1.05%
[2026-04-06 11:04:31] [MACRO   ] SPX $0.29 | 7d-high $0.30 | zone: no
[2026-04-06 11:04:31] [ACCT    ] Value $0.00 | Available $0.00 | Capital used 0.0% / 30%
[2026-04-06 11:04:31] [SHORT   ] BTC not in short zone — skipping
[2026-04-06 11:04:31] [RUN     ] Sleeping 1 min...
[2026-04-06 11:05:31] [RUN     ] ────────────────────────────────────────────────────────────
[2026-04-06 11:05:32] [MACRO   ] BTC $69658 | 7d-high $70243 | zone: no | 4h chg: 1.07%
[2026-04-06 11:05:32] [MACRO   ] SPX $0.29 | 7d-high $0.30 | zone: no
[2026-04-06 11:05:32] [ACCT    ] Value $0.00 | Available $0.00 | Capital used 0.0% / 30%
[2026-04-06 11:05:32] [SHORT   ] BTC not in short zone — skipping
[2026-04-06 11:05:32] [RUN     ] Sleeping 1 min...
[2026-04-06 11:06:32] [RUN     ] ────────────────────────────────────────────────────────────
[2026-04-06 11:06:33] [MACRO   ] BTC $69680 | 7d-high $70243 | zone: no | 4h chg: 1.07%
[2026-04-06 11:06:33] [MACRO   ] SPX $0.29 | 7d-high $0.30 | zone: no
[2026-04-06 11:06:33] [ACCT    ] Value $0.00 | Available $0.00 | Capital used 0.0% / 30%
[2026-04-06 11:06:33] [SHORT   ] BTC not in short zone — skipping
[2026-04-06 11:06:33] [RUN     ] Sleeping 1 min...
[2026-04-06 11:07:33] [RUN     ] ────────────────────────────────────────────────────────────
[2026-04-06 11:07:34] [MACRO   ] BTC $69665 | 7d-high $70243 | zone: no | 4h chg: 1.05%
[2026-04-06 11:07:34] [MACRO   ] SPX $0.29 | 7d-high $0.30 | zone: no
[2026-04-06 11:07:34] [ACCT    ] Value $0.00 | Available $0.00 | Capital used 0.0% / 30%
[2026-04-06 11:07:34] [SHORT   ] BTC not in short zone — skipping
[2026-04-06 11:07:34] [RUN     ] Sleeping 1 min...
[2026-04-06 11:07:48] [RUN     ] ────────────────────────────────────────────────────────────
[2026-04-06 11:07:49] [MACRO   ] BTC $69644 | 7d-high $70243 short-zone: no | 7d-low $65697 long-zone: no | 4h chg: 1.02%
[2026-04-06 11:07:49] [MACRO   ] SPX $0.29 | 7d-high $0.30 | zone: no
[2026-04-06 11:07:49] [ACCT    ] Value $0.00 | Available $0.00 | Capital used 0.0% / 30%
[2026-04-06 11:07:49] [SHORT   ] BTC not in short zone — skipping
[2026-04-06 11:07:49] [LONG    ] BTC — no position & BTC not in long zone — skipping
[2026-04-06 11:07:49] [LONG    ] SOL — no position & BTC not in long zone — skipping
[2026-04-06 11:07:49] [LONG    ] HYPE — no position & BTC not in long zone — skipping
[2026-04-06 11:07:49] [LONG    ] XRP — no position & BTC not in long zone — skipping
[2026-04-06 11:07:49] [RUN     ] Sleeping 5 min...
[2026-04-06 11:08:34] [RUN     ] ────────────────────────────────────────────────────────────
[2026-04-06 11:08:35] [MACRO   ] BTC $69665 | 7d-high $70243 | zone: no | 4h chg: 1.05%
[2026-04-06 11:08:35] [MACRO   ] SPX $0.29 | 7d-high $0.30 | zone: no
[2026-04-06 11:08:35] [ACCT    ] Value $0.00 | Available $0.00 | Capital used 0.0% / 30%
[2026-04-06 11:08:35] [SHORT   ] BTC not in short zone — skipping
[2026-04-06 11:08:35] [RUN     ] Sleeping 1 min...
[2026-04-06 11:09:35] [RUN     ] ────────────────────────────────────────────────────────────
[2026-04-06 11:09:36] [MACRO   ] BTC $69722 | 7d-high $70243 | zone: no | 4h chg: 1.13%
[2026-04-06 11:09:36] [MACRO   ] SPX $0.29 | 7d-high $0.30 | zone: no
[2026-04-06 11:09:36] [ACCT    ] Value $0.00 | Available $0.00 | Capital used 0.0% / 30%
[2026-04-06 11:09:36] [SHORT   ] BTC not in short zone — skipping
[2026-04-06 11:09:36] [RUN     ] Sleeping 1 min...
[2026-04-06 11:10:36] [RUN     ] ────────────────────────────────────────────────────────────
[2026-04-06 11:10:36] [MACRO   ] BTC $69702 | 7d-high $70243 | zone: no | 4h chg: 1.10%
[2026-04-06 11:10:36] [MACRO   ] SPX $0.29 | 7d-high $0.30 | zone: no
[2026-04-06 11:10:36] [ACCT    ] Value $0.00 | Available $0.00 | Capital used 0.0% / 30%
[2026-04-06 11:10:36] [SHORT   ] BTC not in short zone — skipping
[2026-04-06 11:10:36] [RUN     ] Sleeping 1 min...
[2026-04-06 11:11:36] [RUN     ] ────────────────────────────────────────────────────────────
[2026-04-06 11:11:37] [MACRO   ] BTC $69672 | 7d-high $70243 | zone: no | 4h chg: 1.06%
[2026-04-06 11:11:37] [MACRO   ] SPX $0.29 | 7d-high $0.30 | zone: no
[2026-04-06 11:11:37] [ACCT    ] Value $0.00 | Available $0.00 | Capital used 0.0% / 30%
[2026-04-06 11:11:37] [SHORT   ] BTC not in short zone — skipping
[2026-04-06 11:11:37] [RUN     ] Sleeping 1 min...
[2026-04-06 11:12:37] [RUN     ] ────────────────────────────────────────────────────────────
[2026-04-06 11:12:38] [MACRO   ] BTC $69653 | 7d-high $70243 | zone: no | 4h chg: 1.03%
[2026-04-06 11:12:38] [MACRO   ] SPX $0.29 | 7d-high $0.30 | zone: no
[2026-04-06 11:12:38] [ACCT    ] Value $0.00 | Available $0.00 | Capital used 0.0% / 30%
[2026-04-06 11:12:38] [SHORT   ] BTC not in short zone — skipping
[2026-04-06 11:12:38] [RUN     ] Sleeping 1 min...
[2026-04-06 11:12:49] [RUN     ] ────────────────────────────────────────────────────────────
[2026-04-06 11:12:50] [MACRO   ] BTC $69653 | 7d-high $70243 short-zone: no | 7d-low $65697 long-zone: no | 4h chg: 1.03%
[2026-04-06 11:12:50] [MACRO   ] SPX $0.29 | 7d-high $0.30 | zone: no
[2026-04-06 11:12:50] [ACCT    ] Value $0.00 | Available $0.00 | Capital used 0.0% / 30%
[2026-04-06 11:12:50] [SHORT   ] BTC not in short zone — skipping
[2026-04-06 11:12:50] [LONG    ] BTC — no position & BTC not in long zone — skipping
[2026-04-06 11:12:50] [LONG    ] SOL — no position & BTC not in long zone — skipping
[2026-04-06 11:12:50] [LONG    ] HYPE — no position & BTC not in long zone — skipping
[2026-04-06 11:12:50] [LONG    ] XRP — no position & BTC not in long zone — skipping
[2026-04-06 11:12:50] [RUN     ] Sleeping 5 min...
[2026-04-06 11:13:38] [RUN     ] ────────────────────────────────────────────────────────────
[2026-04-06 11:13:38] [MACRO   ] BTC $69680 | 7d-high $70243 | zone: no | 4h chg: 1.07%
[2026-04-06 11:13:38] [MACRO   ] SPX $0.29 | 7d-high $0.30 | zone: no
[2026-04-06 11:13:38] [ACCT    ] Value $0.00 | Available $0.00 | Capital used 0.0% / 30%
[2026-04-06 11:13:38] [SHORT   ] BTC not in short zone — skipping
[2026-04-06 11:13:38] [RUN     ] Sleeping 1 min...
[2026-04-06 11:14:38] [RUN     ] ────────────────────────────────────────────────────────────
[2026-04-06 11:14:39] [MACRO   ] BTC $69648 | 7d-high $70243 | zone: no | 4h chg: 1.03%
[2026-04-06 11:14:39] [MACRO   ] SPX $0.29 | 7d-high $0.30 | zone: no
[2026-04-06 11:14:39] [ACCT    ] Value $0.00 | Available $0.00 | Capital used 0.0% / 30%
[2026-04-06 11:14:39] [SHORT   ] BTC not in short zone — skipping
[2026-04-06 11:14:39] [RUN     ] Sleeping 1 min...
[2026-04-06 11:15:39] [RUN     ] ────────────────────────────────────────────────────────────
[2026-04-06 11:15:40] [MACRO   ] BTC $69640 | 7d-high $70243 | zone: no | 4h chg: 1.02%
[2026-04-06 11:15:40] [MACRO   ] SPX $0.29 | 7d-high $0.30 | zone: no
[2026-04-06 11:15:40] [ACCT    ] Value $0.00 | Available $0.00 | Capital used 0.0% / 30%
[2026-04-06 11:15:40] [SHORT   ] BTC not in short zone — skipping
[2026-04-06 11:15:40] [RUN     ] Sleeping 1 min...
[2026-04-06 11:16:40] [RUN     ] ────────────────────────────────────────────────────────────
[2026-04-06 11:16:41] [MACRO   ] BTC $69683 | 7d-high $70243 | zone: no | 4h chg: 1.08%
[2026-04-06 11:16:41] [MACRO   ] SPX $0.29 | 7d-high $0.30 | zone: no
[2026-04-06 11:16:41] [ACCT    ] Value $0.00 | Available $0.00 | Capital used 0.0% / 30%
[2026-04-06 11:16:41] [SHORT   ] BTC not in short zone — skipping
[2026-04-06 11:16:41] [RUN     ] Sleeping 1 min...
[2026-04-06 11:17:41] [RUN     ] ────────────────────────────────────────────────────────────
[2026-04-06 11:17:41] [MACRO   ] BTC $69665 | 7d-high $70243 | zone: no | 4h chg: 1.05%
[2026-04-06 11:17:41] [MACRO   ] SPX $0.29 | 7d-high $0.30 | zone: no
[2026-04-06 11:17:41] [ACCT    ] Value $0.00 | Available $0.00 | Capital used 0.0% / 30%
[2026-04-06 11:17:41] [SHORT   ] BTC not in short zone — skipping
[2026-04-06 11:17:41] [RUN     ] Sleeping 1 min...
[2026-04-06 11:17:50] [RUN     ] ────────────────────────────────────────────────────────────
[2026-04-06 11:17:51] [MACRO   ] BTC $69664 | 7d-high $70243 short-zone: no | 7d-low $65697 long-zone: no | 4h chg: 1.05%
[2026-04-06 11:17:51] [MACRO   ] SPX $0.29 | 7d-high $0.30 | zone: no
[2026-04-06 11:17:51] [ACCT    ] Value $0.00 | Available $0.00 | Capital used 0.0% / 30%
[2026-04-06 11:17:51] [SHORT   ] BTC not in short zone — skipping
[2026-04-06 11:17:51] [LONG    ] BTC — no position & BTC not in long zone — skipping
[2026-04-06 11:17:51] [LONG    ] SOL — no position & BTC not in long zone — skipping
[2026-04-06 11:17:51] [LONG    ] HYPE — no position & BTC not in long zone — skipping
[2026-04-06 11:17:51] [LONG    ] XRP — no position & BTC not in long zone — skipping
[2026-04-06 11:17:51] [RUN     ] Sleeping 5 min...
[2026-04-06 11:18:41] [RUN     ] ────────────────────────────────────────────────────────────
[2026-04-06 11:18:42] [MACRO   ] BTC $69660 | 7d-high $70243 | zone: no | 4h chg: 1.04%
[2026-04-06 11:18:42] [MACRO   ] SPX $0.29 | 7d-high $0.30 | zone: no
[2026-04-06 11:18:42] [ACCT    ] Value $0.00 | Available $0.00 | Capital used 0.0% / 30%
[2026-04-06 11:18:42] [SHORT   ] BTC not in short zone — skipping
[2026-04-06 11:18:42] [RUN     ] Sleeping 1 min...
[2026-04-06 11:19:42] [RUN     ] ────────────────────────────────────────────────────────────
[2026-04-06 11:19:43] [MACRO   ] BTC $69665 | 7d-high $70243 | zone: no | 4h chg: 1.05%
[2026-04-06 11:19:43] [MACRO   ] SPX $0.29 | 7d-high $0.30 | zone: no
[2026-04-06 11:19:43] [ACCT    ] Value $0.00 | Available $0.00 | Capital used 0.0% / 30%
[2026-04-06 11:19:43] [SHORT   ] BTC not in short zone — skipping
[2026-04-06 11:19:43] [RUN     ] Sleeping 1 min...
[2026-04-06 11:20:43] [RUN     ] ────────────────────────────────────────────────────────────
[2026-04-06 11:20:44] [MACRO   ] BTC $69652 | 7d-high $70243 | zone: no | 4h chg: 1.03%
[2026-04-06 11:20:44] [MACRO   ] SPX $0.29 | 7d-high $0.30 | zone: no
[2026-04-06 11:20:44] [ACCT    ] Value $0.00 | Available $0.00 | Capital used 0.0% / 30%
[2026-04-06 11:20:44] [SHORT   ] BTC not in short zone — skipping
[2026-04-06 11:20:44] [RUN     ] Sleeping 1 min...
[2026-04-06 11:21:44] [RUN     ] ────────────────────────────────────────────────────────────
[2026-04-06 11:21:45] [MACRO   ] BTC $69628 | 7d-high $70243 | zone: no | 4h chg: 1.00%
[2026-04-06 11:21:45] [MACRO   ] SPX $0.29 | 7d-high $0.30 | zone: no
[2026-04-06 11:21:45] [ACCT    ] Value $0.00 | Available $0.00 | Capital used 0.0% / 30%
[2026-04-06 11:21:45] [SHORT   ] BTC not in short zone — skipping
[2026-04-06 11:21:45] [RUN     ] Sleeping 1 min...
[2026-04-06 11:22:45] [RUN     ] ────────────────────────────────────────────────────────────
[2026-04-06 11:22:46] [MACRO   ] BTC $69569 | 7d-high $70243 | zone: no | 4h chg: 0.91%
[2026-04-06 11:22:46] [MACRO   ] SPX $0.29 | 7d-high $0.30 | zone: no
[2026-04-06 11:22:46] [ACCT    ] Value $0.00 | Available $0.00 | Capital used 0.0% / 30%
[2026-04-06 11:22:46] [SHORT   ] BTC not in short zone — skipping
[2026-04-06 11:22:46] [RUN     ] Sleeping 1 min...
[2026-04-06 11:22:51] [RUN     ] ────────────────────────────────────────────────────────────
[2026-04-06 11:22:51] [MACRO   ] BTC $69571 | 7d-high $70243 short-zone: no | 7d-low $65697 long-zone: no | 4h chg: 0.92%
[2026-04-06 11:22:51] [MACRO   ] SPX $0.29 | 7d-high $0.30 | zone: no
[2026-04-06 11:22:51] [ACCT    ] Value $0.00 | Available $0.00 | Capital used 0.0% / 30%
[2026-04-06 11:22:51] [SHORT   ] BTC not in short zone — skipping
[2026-04-06 11:22:51] [LONG    ] BTC — no position & BTC not in long zone — skipping
[2026-04-06 11:22:51] [LONG    ] SOL — no position & BTC not in long zone — skipping
[2026-04-06 11:22:51] [LONG    ] HYPE — no position & BTC not in long zone — skipping
[2026-04-06 11:22:51] [LONG    ] XRP — no position & BTC not in long zone — skipping
[2026-04-06 11:22:51] [RUN     ] Sleeping 5 min...
[2026-04-06 11:23:46] [RUN     ] ────────────────────────────────────────────────────────────
[2026-04-06 11:23:47] [MACRO   ] BTC $69603 | 7d-high $70243 | zone: no | 4h chg: 0.96%
[2026-04-06 11:23:47] [MACRO   ] SPX $0.29 | 7d-high $0.30 | zone: no
[2026-04-06 11:23:47] [ACCT    ] Value $0.00 | Available $0.00 | Capital used 0.0% / 30%
[2026-04-06 11:23:47] [SHORT   ] BTC not in short zone — skipping
[2026-04-06 11:23:47] [RUN     ] Sleeping 1 min...
[2026-04-06 11:24:47] [RUN     ] ────────────────────────────────────────────────────────────
[2026-04-06 11:24:47] [MACRO   ] BTC $69575 | 7d-high $70243 | zone: no | 4h chg: 0.92%
[2026-04-06 11:24:47] [MACRO   ] SPX $0.29 | 7d-high $0.30 | zone: no
[2026-04-06 11:24:47] [ACCT    ] Value $0.00 | Available $0.00 | Capital used 0.0% / 30%
[2026-04-06 11:24:47] [SHORT   ] BTC not in short zone — skipping
[2026-04-06 11:24:47] [RUN     ] Sleeping 1 min...
[2026-04-06 11:25:47] [RUN     ] ────────────────────────────────────────────────────────────
[2026-04-06 11:25:48] [MACRO   ] BTC $69601 | 7d-high $70243 | zone: no | 4h chg: 0.96%
[2026-04-06 11:25:48] [MACRO   ] SPX $0.29 | 7d-high $0.30 | zone: no
[2026-04-06 11:25:48] [ACCT    ] Value $0.00 | Available $0.00 | Capital used 0.0% / 30%
[2026-04-06 11:25:48] [SHORT   ] BTC not in short zone — skipping
[2026-04-06 11:25:48] [RUN     ] Sleeping 1 min...
[2026-04-06 11:26:48] [RUN     ] ────────────────────────────────────────────────────────────
[2026-04-06 11:26:49] [MACRO   ] BTC $69588 | 7d-high $70243 | zone: no | 4h chg: 0.94%
[2026-04-06 11:26:49] [MACRO   ] SPX $0.29 | 7d-high $0.30 | zone: no
[2026-04-06 11:26:49] [ACCT    ] Value $0.00 | Available $0.00 | Capital used 0.0% / 30%
[2026-04-06 11:26:49] [SHORT   ] BTC not in short zone — skipping
[2026-04-06 11:26:49] [RUN     ] Sleeping 1 min...
[2026-04-06 11:27:49] [RUN     ] ────────────────────────────────────────────────────────────
[2026-04-06 11:27:50] [MACRO   ] BTC $69591 | 7d-high $70243 | zone: no | 4h chg: 0.94%
[2026-04-06 11:27:50] [MACRO   ] SPX $0.29 | 7d-high $0.30 | zone: no
[2026-04-06 11:27:50] [ACCT    ] Value $0.00 | Available $0.00 | Capital used 0.0% / 30%
[2026-04-06 11:27:50] [SHORT   ] BTC not in short zone — skipping
[2026-04-06 11:27:50] [RUN     ] Sleeping 1 min...
[2026-04-06 11:27:51] [RUN     ] ────────────────────────────────────────────────────────────
[2026-04-06 11:27:53] [MACRO   ] BTC $69591 | 7d-high $70243 short-zone: no | 7d-low $65697 long-zone: no | 4h chg: 0.94%
[2026-04-06 11:27:53] [MACRO   ] SPX $0.29 | 7d-high $0.30 | zone: no
[2026-04-06 11:27:53] [ACCT    ] Value $0.00 | Available $0.00 | Capital used 0.0% / 30%
[2026-04-06 11:27:53] [SHORT   ] BTC not in short zone — skipping
[2026-04-06 11:27:53] [LONG    ] BTC — no position & BTC not in long zone — skipping
[2026-04-06 11:27:53] [LONG    ] SOL — no position & BTC not in long zone — skipping
[2026-04-06 11:27:53] [LONG    ] HYPE — no position & BTC not in long zone — skipping
[2026-04-06 11:27:53] [LONG    ] XRP — no position & BTC not in long zone — skipping
[2026-04-06 11:27:53] [RUN     ] Sleeping 5 min...
[2026-04-06 11:28:50] [RUN     ] ────────────────────────────────────────────────────────────
[2026-04-06 11:28:50] [MACRO   ] BTC $69594 | 7d-high $70243 | zone: no | 4h chg: 0.95%
[2026-04-06 11:28:50] [MACRO   ] SPX $0.29 | 7d-high $0.30 | zone: no
[2026-04-06 11:28:50] [ACCT    ] Value $0.00 | Available $0.00 | Capital used 0.0% / 30%
[2026-04-06 11:28:50] [SHORT   ] BTC not in short zone — skipping
[2026-04-06 11:28:50] [RUN     ] Sleeping 1 min...
[2026-04-06 11:29:50] [RUN     ] ────────────────────────────────────────────────────────────
[2026-04-06 11:29:51] [MACRO   ] BTC $69587 | 7d-high $70243 | zone: no | 4h chg: 0.94%
[2026-04-06 11:29:51] [MACRO   ] SPX $0.29 | 7d-high $0.30 | zone: no
[2026-04-06 11:29:51] [ACCT    ] Value $0.00 | Available $0.00 | Capital used 0.0% / 30%
[2026-04-06 11:29:51] [SHORT   ] BTC not in short zone — skipping
[2026-04-06 11:29:51] [RUN     ] Sleeping 1 min...
[2026-04-06 11:30:51] [RUN     ] ────────────────────────────────────────────────────────────
[2026-04-06 11:30:52] [MACRO   ] BTC $69544 | 7d-high $70243 | zone: no | 4h chg: 0.87%
[2026-04-06 11:30:52] [MACRO   ] SPX $0.29 | 7d-high $0.30 | zone: no
[2026-04-06 11:30:52] [ACCT    ] Value $0.00 | Available $0.00 | Capital used 0.0% / 30%
[2026-04-06 11:30:52] [SHORT   ] BTC not in short zone — skipping
[2026-04-06 11:30:52] [RUN     ] Sleeping 1 min...
[2026-04-06 11:31:52] [RUN     ] ────────────────────────────────────────────────────────────
[2026-04-06 11:31:53] [MACRO   ] BTC $69587 | 7d-high $70243 | zone: no | 4h chg: 0.94%
[2026-04-06 11:31:53] [MACRO   ] SPX $0.29 | 7d-high $0.30 | zone: no
[2026-04-06 11:31:53] [ACCT    ] Value $0.00 | Available $0.00 | Capital used 0.0% / 30%
[2026-04-06 11:31:53] [SHORT   ] BTC not in short zone — skipping
[2026-04-06 11:31:53] [RUN     ] Sleeping 1 min...
[2026-04-06 11:32:53] [RUN     ] ────────────────────────────────────────────────────────────
[2026-04-06 11:32:53] [RUN     ] ────────────────────────────────────────────────────────────
[2026-04-06 11:32:53] [MACRO   ] BTC $69616 | 7d-high $70243 short-zone: no | 7d-low $65697 long-zone: no | 4h chg: 0.98%
[2026-04-06 11:32:53] [MACRO   ] SPX $0.29 | 7d-high $0.30 | zone: no
[2026-04-06 11:32:53] [ACCT    ] Value $0.00 | Available $0.00 | Capital used 0.0% / 30%
[2026-04-06 11:32:53] [SHORT   ] BTC not in short zone — skipping
[2026-04-06 11:32:53] [LONG    ] BTC — no position & BTC not in long zone — skipping
[2026-04-06 11:32:53] [LONG    ] SOL — no position & BTC not in long zone — skipping
[2026-04-06 11:32:53] [LONG    ] HYPE — no position & BTC not in long zone — skipping
[2026-04-06 11:32:53] [LONG    ] XRP — no position & BTC not in long zone — skipping
[2026-04-06 11:32:53] [RUN     ] Sleeping 5 min...
[2026-04-06 11:32:54] [MACRO   ] BTC $69616 | 7d-high $70243 | zone: no | 4h chg: 0.98%
[2026-04-06 11:32:54] [MACRO   ] SPX $0.29 | 7d-high $0.30 | zone: no
[2026-04-06 11:32:54] [ACCT    ] Value $0.00 | Available $0.00 | Capital used 0.0% / 30%
[2026-04-06 11:32:54] [SHORT   ] BTC not in short zone — skipping
[2026-04-06 11:32:54] [RUN     ] Sleeping 1 min...
[2026-04-06 11:33:54] [RUN     ] ────────────────────────────────────────────────────────────
[2026-04-06 11:33:54] [MACRO   ] BTC $69632 | 7d-high $70243 | zone: no | 4h chg: 1.00%
[2026-04-06 11:33:54] [MACRO   ] SPX $0.29 | 7d-high $0.30 | zone: no
[2026-04-06 11:33:54] [ACCT    ] Value $0.00 | Available $0.00 | Capital used 0.0% / 30%
[2026-04-06 11:33:54] [SHORT   ] BTC not in short zone — skipping
[2026-04-06 11:33:54] [RUN     ] Sleeping 1 min...
[2026-04-06 11:34:54] [RUN     ] ────────────────────────────────────────────────────────────
[2026-04-06 11:34:56] [MACRO   ] BTC $69654 | 7d-high $70243 | zone: no | 4h chg: 1.03%
[2026-04-06 11:34:56] [MACRO   ] SPX $0.29 | 7d-high $0.30 | zone: no
[2026-04-06 11:34:56] [ACCT    ] Value $0.00 | Available $0.00 | Capital used 0.0% / 30%
[2026-04-06 11:34:56] [SHORT   ] BTC not in short zone — skipping
[2026-04-06 11:34:56] [RUN     ] Sleeping 1 min...
[2026-04-06 11:35:56] [RUN     ] ────────────────────────────────────────────────────────────
[2026-04-06 11:35:57] [MACRO   ] BTC $69658 | 7d-high $70243 | zone: no | 4h chg: 1.04%
[2026-04-06 11:35:57] [MACRO   ] SPX $0.29 | 7d-high $0.30 | zone: no
[2026-04-06 11:35:57] [ACCT    ] Value $0.00 | Available $0.00 | Capital used 0.0% / 30%
[2026-04-06 11:35:57] [SHORT   ] BTC not in short zone — skipping
[2026-04-06 11:35:57] [RUN     ] Sleeping 1 min...
[2026-04-06 11:36:57] [RUN     ] ────────────────────────────────────────────────────────────
[2026-04-06 11:36:57] [MACRO   ] BTC $69635 | 7d-high $70243 | zone: no | 4h chg: 1.01%
[2026-04-06 11:36:57] [MACRO   ] SPX $0.29 | 7d-high $0.30 | zone: no
[2026-04-06 11:36:57] [ACCT    ] Value $0.00 | Available $0.00 | Capital used 0.0% / 30%
[2026-04-06 11:36:57] [SHORT   ] BTC not in short zone — skipping
[2026-04-06 11:36:57] [RUN     ] Sleeping 1 min...
[2026-04-06 11:37:53] [RUN     ] ────────────────────────────────────────────────────────────
[2026-04-06 11:37:54] [MACRO   ] BTC $69650 | 7d-high $70243 short-zone: no | 7d-low $65697 long-zone: no | 4h chg: 1.03%
[2026-04-06 11:37:54] [MACRO   ] SPX $0.29 | 7d-high $0.30 | zone: no
[2026-04-06 11:37:54] [ACCT    ] Value $0.00 | Available $0.00 | Capital used 0.0% / 30%
[2026-04-06 11:37:54] [SHORT   ] BTC not in short zone — skipping
[2026-04-06 11:37:54] [LONG    ] BTC — no position & BTC not in long zone — skipping
[2026-04-06 11:37:54] [LONG    ] SOL — no position & BTC not in long zone — skipping
[2026-04-06 11:37:54] [LONG    ] HYPE — no position & BTC not in long zone — skipping
[2026-04-06 11:37:54] [LONG    ] XRP — no position & BTC not in long zone — skipping
[2026-04-06 11:37:54] [RUN     ] Sleeping 5 min...
[2026-04-06 11:37:57] [RUN     ] ────────────────────────────────────────────────────────────
[2026-04-06 11:37:58] [MACRO   ] BTC $69650 | 7d-high $70243 | zone: no | 4h chg: 1.03%
[2026-04-06 11:37:58] [MACRO   ] SPX $0.29 | 7d-high $0.30 | zone: no
[2026-04-06 11:37:58] [ACCT    ] Value $0.00 | Available $0.00 | Capital used 0.0% / 30%
[2026-04-06 11:37:58] [SHORT   ] BTC not in short zone — skipping
[2026-04-06 11:37:58] [RUN     ] Sleeping 1 min...
[2026-04-06 11:38:58] [RUN     ] ────────────────────────────────────────────────────────────
[2026-04-06 11:38:59] [MACRO   ] BTC $69629 | 7d-high $70243 | zone: no | 4h chg: 1.00%
[2026-04-06 11:38:59] [MACRO   ] SPX $0.29 | 7d-high $0.30 | zone: no
[2026-04-06 11:38:59] [ACCT    ] Value $0.00 | Available $0.00 | Capital used 0.0% / 30%
[2026-04-06 11:38:59] [SHORT   ] BTC not in short zone — skipping
[2026-04-06 11:38:59] [RUN     ] Sleeping 1 min...
[2026-04-06 11:39:59] [RUN     ] ────────────────────────────────────────────────────────────
[2026-04-06 11:40:00] [MACRO   ] BTC $69632 | 7d-high $70243 | zone: no | 4h chg: 1.00%
[2026-04-06 11:40:00] [MACRO   ] SPX $0.29 | 7d-high $0.30 | zone: no
[2026-04-06 11:40:00] [ACCT    ] Value $0.00 | Available $0.00 | Capital used 0.0% / 30%
[2026-04-06 11:40:00] [SHORT   ] BTC not in short zone — skipping
[2026-04-06 11:40:00] [RUN     ] Sleeping 1 min...
[2026-04-06 11:41:00] [RUN     ] ────────────────────────────────────────────────────────────
[2026-04-06 11:41:00] [MACRO   ] BTC $69599 | 7d-high $70243 | zone: no | 4h chg: 0.96%
[2026-04-06 11:41:00] [MACRO   ] SPX $0.29 | 7d-high $0.30 | zone: no
[2026-04-06 11:41:00] [ACCT    ] Value $0.00 | Available $0.00 | Capital used 0.0% / 30%
[2026-04-06 11:41:00] [SHORT   ] BTC not in short zone — skipping
[2026-04-06 11:41:00] [RUN     ] Sleeping 1 min...
[2026-04-06 11:42:00] [RUN     ] ────────────────────────────────────────────────────────────
[2026-04-06 11:42:01] [MACRO   ] BTC $69587 | 7d-high $70243 | zone: no | 4h chg: 0.94%
[2026-04-06 11:42:01] [MACRO   ] SPX $0.29 | 7d-high $0.30 | zone: no
[2026-04-06 11:42:01] [ACCT    ] Value $0.00 | Available $0.00 | Capital used 0.0% / 30%
[2026-04-06 11:42:01] [SHORT   ] BTC not in short zone — skipping
[2026-04-06 11:42:01] [RUN     ] Sleeping 1 min...
[2026-04-06 11:42:54] [RUN     ] ────────────────────────────────────────────────────────────
[2026-04-06 11:42:55] [MACRO   ] BTC $69614 | 7d-high $70243 short-zone: no | 7d-low $65697 long-zone: no | 4h chg: 0.99%
[2026-04-06 11:42:55] [MACRO   ] SPX $0.29 | 7d-high $0.30 | zone: no
[2026-04-06 11:42:55] [ACCT    ] Value $0.00 | Available $0.00 | Capital used 0.0% / 30%
[2026-04-06 11:42:55] [SHORT   ] BTC not in short zone — skipping
[2026-04-06 11:42:55] [LONG    ] BTC — no position & BTC not in long zone — skipping
[2026-04-06 11:42:55] [LONG    ] SOL — no position & BTC not in long zone — skipping
[2026-04-06 11:42:55] [LONG    ] HYPE — no position & BTC not in long zone — skipping
[2026-04-06 11:42:55] [LONG    ] XRP — no position & BTC not in long zone — skipping
[2026-04-06 11:42:55] [RUN     ] Sleeping 5 min...
[2026-04-06 11:43:01] [RUN     ] ────────────────────────────────────────────────────────────
[2026-04-06 11:43:02] [MACRO   ] BTC $69625 | 7d-high $70243 | zone: no | 4h chg: 0.99%
[2026-04-06 11:43:02] [MACRO   ] SPX $0.29 | 7d-high $0.30 | zone: no
[2026-04-06 11:43:02] [ACCT    ] Value $0.00 | Available $0.00 | Capital used 0.0% / 30%
[2026-04-06 11:43:02] [SHORT   ] BTC not in short zone — skipping
[2026-04-06 11:43:02] [RUN     ] Sleeping 1 min...
[2026-04-06 11:44:02] [RUN     ] ────────────────────────────────────────────────────────────
[2026-04-06 11:44:03] [MACRO   ] BTC $69614 | 7d-high $70243 | zone: no | 4h chg: 0.98%
[2026-04-06 11:44:03] [MACRO   ] SPX $0.29 | 7d-high $0.30 | zone: no
[2026-04-06 11:44:03] [ACCT    ] Value $0.00 | Available $0.00 | Capital used 0.0% / 30%
[2026-04-06 11:44:03] [SHORT   ] BTC not in short zone — skipping
[2026-04-06 11:44:03] [RUN     ] Sleeping 1 min...
[2026-04-06 11:45:03] [RUN     ] ────────────────────────────────────────────────────────────
[2026-04-06 11:45:03] [MACRO   ] BTC $69609 | 7d-high $70243 | zone: no | 4h chg: 0.97%
[2026-04-06 11:45:03] [MACRO   ] SPX $0.29 | 7d-high $0.30 | zone: no
[2026-04-06 11:45:03] [ACCT    ] Value $0.00 | Available $0.00 | Capital used 0.0% / 30%
[2026-04-06 11:45:03] [SHORT   ] BTC not in short zone — skipping
[2026-04-06 11:45:03] [RUN     ] Sleeping 1 min...
[2026-04-06 11:46:03] [RUN     ] ────────────────────────────────────────────────────────────
[2026-04-06 11:46:04] [MACRO   ] BTC $69649 | 7d-high $70243 | zone: no | 4h chg: 1.03%
[2026-04-06 11:46:04] [MACRO   ] SPX $0.29 | 7d-high $0.30 | zone: no
[2026-04-06 11:46:04] [ACCT    ] Value $0.00 | Available $0.00 | Capital used 0.0% / 30%
[2026-04-06 11:46:04] [SHORT   ] BTC not in short zone — skipping
[2026-04-06 11:46:04] [RUN     ] Sleeping 1 min...
[2026-04-06 11:47:04] [RUN     ] ────────────────────────────────────────────────────────────
[2026-04-06 11:47:05] [MACRO   ] BTC $69640 | 7d-high $70243 | zone: no | 4h chg: 1.01%
[2026-04-06 11:47:05] [MACRO   ] SPX $0.29 | 7d-high $0.30 | zone: no
[2026-04-06 11:47:05] [ACCT    ] Value $0.00 | Available $0.00 | Capital used 0.0% / 30%
[2026-04-06 11:47:05] [SHORT   ] BTC not in short zone — skipping
[2026-04-06 11:47:05] [RUN     ] Sleeping 1 min...
[2026-04-06 11:47:55] [RUN     ] ────────────────────────────────────────────────────────────
[2026-04-06 11:47:56] [MACRO   ] BTC $69619 | 7d-high $70243 short-zone: no | 7d-low $65697 long-zone: no | 4h chg: 0.98%
[2026-04-06 11:47:56] [MACRO   ] SPX $0.29 | 7d-high $0.30 | zone: no
[2026-04-06 11:47:56] [ACCT    ] Value $0.00 | Available $0.00 | Capital used 0.0% / 30%
[2026-04-06 11:47:56] [SHORT   ] BTC not in short zone — skipping
[2026-04-06 11:47:56] [LONG    ] BTC — no position & BTC not in long zone — skipping
[2026-04-06 11:47:56] [LONG    ] SOL — no position & BTC not in long zone — skipping
[2026-04-06 11:47:56] [LONG    ] HYPE — no position & BTC not in long zone — skipping
[2026-04-06 11:47:56] [LONG    ] XRP — no position & BTC not in long zone — skipping
[2026-04-06 11:47:56] [RUN     ] Sleeping 5 min...
[2026-04-06 11:48:05] [RUN     ] ────────────────────────────────────────────────────────────
[2026-04-06 11:48:07] [MACRO   ] BTC $69619 | 7d-high $70243 | zone: no | 4h chg: 0.98%
[2026-04-06 11:48:07] [MACRO   ] SPX $0.29 | 7d-high $0.30 | zone: no
[2026-04-06 11:48:07] [ACCT    ] Value $0.00 | Available $0.00 | Capital used 0.0% / 30%
[2026-04-06 11:48:07] [SHORT   ] BTC not in short zone — skipping
[2026-04-06 11:48:07] [RUN     ] Sleeping 1 min...
[2026-04-06 11:49:07] [RUN     ] ────────────────────────────────────────────────────────────
[2026-04-06 11:49:08] [MACRO   ] BTC $69609 | 7d-high $70243 | zone: no | 4h chg: 0.97%
[2026-04-06 11:49:08] [MACRO   ] SPX $0.29 | 7d-high $0.30 | zone: no
[2026-04-06 11:49:08] [ACCT    ] Value $0.00 | Available $0.00 | Capital used 0.0% / 30%
[2026-04-06 11:49:08] [SHORT   ] BTC not in short zone — skipping
[2026-04-06 11:49:08] [RUN     ] Sleeping 1 min...
[2026-04-06 11:50:08] [RUN     ] ────────────────────────────────────────────────────────────
[2026-04-06 11:50:09] [MACRO   ] BTC $69625 | 7d-high $70243 | zone: no | 4h chg: 0.99%
[2026-04-06 11:50:09] [MACRO   ] SPX $0.29 | 7d-high $0.30 | zone: no
[2026-04-06 11:50:09] [ACCT    ] Value $0.00 | Available $0.00 | Capital used 0.0% / 30%
[2026-04-06 11:50:09] [SHORT   ] BTC not in short zone — skipping
[2026-04-06 11:50:09] [RUN     ] Sleeping 1 min...
[2026-04-06 11:51:09] [RUN     ] ────────────────────────────────────────────────────────────
[2026-04-06 11:51:10] [MACRO   ] BTC $69650 | 7d-high $70243 | zone: no | 4h chg: 1.03%
[2026-04-06 11:51:10] [MACRO   ] SPX $0.29 | 7d-high $0.30 | zone: no
[2026-04-06 11:51:10] [ACCT    ] Value $0.00 | Available $0.00 | Capital used 0.0% / 30%
[2026-04-06 11:51:10] [SHORT   ] BTC not in short zone — skipping
[2026-04-06 11:51:10] [RUN     ] Sleeping 1 min...
[2026-04-06 11:52:10] [RUN     ] ────────────────────────────────────────────────────────────
[2026-04-06 11:52:10] [MACRO   ] BTC $69644 | 7d-high $70243 | zone: no | 4h chg: 1.02%
[2026-04-06 11:52:10] [MACRO   ] SPX $0.29 | 7d-high $0.30 | zone: no
[2026-04-06 11:52:10] [ACCT    ] Value $0.00 | Available $0.00 | Capital used 0.0% / 30%
[2026-04-06 11:52:10] [SHORT   ] BTC not in short zone — skipping
[2026-04-06 11:52:10] [RUN     ] Sleeping 1 min...
[2026-04-06 11:52:56] [RUN     ] ────────────────────────────────────────────────────────────
[2026-04-06 11:52:56] [MACRO   ] BTC $69634 | 7d-high $70243 short-zone: no | 7d-low $65697 long-zone: no | 4h chg: 1.01%
[2026-04-06 11:52:56] [MACRO   ] SPX $0.29 | 7d-high $0.30 | zone: no
[2026-04-06 11:52:56] [ACCT    ] Value $0.00 | Available $0.00 | Capital used 0.0% / 30%
[2026-04-06 11:52:56] [SHORT   ] BTC not in short zone — skipping
[2026-04-06 11:52:56] [LONG    ] BTC — no position & BTC not in long zone — skipping
[2026-04-06 11:52:56] [LONG    ] SOL — no position & BTC not in long zone — skipping
[2026-04-06 11:52:56] [LONG    ] HYPE — no position & BTC not in long zone — skipping
[2026-04-06 11:52:56] [LONG    ] XRP — no position & BTC not in long zone — skipping
[2026-04-06 11:52:56] [RUN     ] Sleeping 5 min...
[2026-04-06 11:53:10] [RUN     ] ────────────────────────────────────────────────────────────
[2026-04-06 11:53:11] [MACRO   ] BTC $69648 | 7d-high $70243 | zone: no | 4h chg: 1.03%
[2026-04-06 11:53:11] [MACRO   ] SPX $0.29 | 7d-high $0.30 | zone: no
[2026-04-06 11:53:11] [ACCT    ] Value $0.00 | Available $0.00 | Capital used 0.0% / 30%
[2026-04-06 11:53:11] [SHORT   ] BTC not in short zone — skipping
[2026-04-06 11:53:11] [RUN     ] Sleeping 1 min...
[2026-04-06 11:54:11] [RUN     ] ────────────────────────────────────────────────────────────
[2026-04-06 11:54:12] [MACRO   ] BTC $69623 | 7d-high $70243 | zone: no | 4h chg: 0.99%
[2026-04-06 11:54:12] [MACRO   ] SPX $0.29 | 7d-high $0.30 | zone: no
[2026-04-06 11:54:12] [ACCT    ] Value $0.00 | Available $0.00 | Capital used 0.0% / 30%
[2026-04-06 11:54:12] [SHORT   ] BTC not in short zone — skipping
[2026-04-06 11:54:12] [RUN     ] Sleeping 1 min...
[2026-04-06 11:55:12] [RUN     ] ────────────────────────────────────────────────────────────
[2026-04-06 11:55:13] [MACRO   ] BTC $69610 | 7d-high $70243 | zone: no | 4h chg: 0.97%
[2026-04-06 11:55:13] [MACRO   ] SPX $0.29 | 7d-high $0.30 | zone: no
[2026-04-06 11:55:13] [ACCT    ] Value $0.00 | Available $0.00 | Capital used 0.0% / 30%
[2026-04-06 11:55:13] [SHORT   ] BTC not in short zone — skipping
[2026-04-06 11:55:13] [RUN     ] Sleeping 1 min...
[2026-04-06 11:56:13] [RUN     ] ────────────────────────────────────────────────────────────
[2026-04-06 11:56:13] [MACRO   ] BTC $69544 | 7d-high $70243 | zone: no | 4h chg: 0.86%
[2026-04-06 11:56:13] [MACRO   ] SPX $0.29 | 7d-high $0.30 | zone: no
[2026-04-06 11:56:13] [ACCT    ] Value $0.00 | Available $0.00 | Capital used 0.0% / 30%
[2026-04-06 11:56:13] [SHORT   ] BTC not in short zone — skipping
[2026-04-06 11:56:13] [RUN     ] Sleeping 1 min...
[2026-04-06 11:57:13] [RUN     ] ────────────────────────────────────────────────────────────
[2026-04-06 11:57:14] [MACRO   ] BTC $69543 | 7d-high $70243 | zone: no | 4h chg: 0.87%
[2026-04-06 11:57:14] [MACRO   ] SPX $0.29 | 7d-high $0.30 | zone: no
[2026-04-06 11:57:14] [ACCT    ] Value $0.00 | Available $0.00 | Capital used 0.0% / 30%
[2026-04-06 11:57:14] [SHORT   ] BTC not in short zone — skipping
[2026-04-06 11:57:14] [RUN     ] Sleeping 1 min...
[2026-04-06 11:57:56] [RUN     ] ────────────────────────────────────────────────────────────
[2026-04-06 11:57:57] [MACRO   ] BTC $69555 | 7d-high $70243 short-zone: no | 7d-low $65697 long-zone: no | 4h chg: 0.89%
[2026-04-06 11:57:57] [MACRO   ] SPX $0.29 | 7d-high $0.30 | zone: no
[2026-04-06 11:57:57] [ACCT    ] Value $0.00 | Available $0.00 | Capital used 0.0% / 30%
[2026-04-06 11:57:57] [SHORT   ] BTC not in short zone — skipping
[2026-04-06 11:57:57] [LONG    ] BTC — no position & BTC not in long zone — skipping
[2026-04-06 11:57:57] [LONG    ] SOL — no position & BTC not in long zone — skipping
[2026-04-06 11:57:57] [LONG    ] HYPE — no position & BTC not in long zone — skipping
[2026-04-06 11:57:57] [LONG    ] XRP — no position & BTC not in long zone — skipping
[2026-04-06 11:57:57] [RUN     ] Sleeping 5 min...
[2026-04-06 11:58:14] [RUN     ] ────────────────────────────────────────────────────────────
[2026-04-06 11:58:15] [MACRO   ] BTC $69565 | 7d-high $70243 | zone: no | 4h chg: 0.91%
[2026-04-06 11:58:15] [MACRO   ] SPX $0.29 | 7d-high $0.30 | zone: no
[2026-04-06 11:58:15] [ACCT    ] Value $0.00 | Available $0.00 | Capital used 0.0% / 30%
[2026-04-06 11:58:15] [SHORT   ] BTC not in short zone — skipping
[2026-04-06 11:58:15] [RUN     ] Sleeping 1 min...
[2026-04-06 11:59:15] [RUN     ] ────────────────────────────────────────────────────────────
[2026-04-06 11:59:16] [MACRO   ] BTC $69569 | 7d-high $70243 | zone: no | 4h chg: 0.91%
[2026-04-06 11:59:16] [MACRO   ] SPX $0.29 | 7d-high $0.30 | zone: no
[2026-04-06 11:59:16] [ACCT    ] Value $0.00 | Available $0.00 | Capital used 0.0% / 30%
[2026-04-06 11:59:16] [SHORT   ] BTC not in short zone — skipping
[2026-04-06 11:59:16] [RUN     ] Sleeping 1 min...
[2026-04-06 12:00:16] [RUN     ] ────────────────────────────────────────────────────────────
[2026-04-06 12:00:17] [MACRO   ] BTC $69598 | 7d-high $70243 | zone: no | 4h chg: 0.75%
[2026-04-06 12:00:17] [MACRO   ] SPX $0.29 | 7d-high $0.30 | zone: no
[2026-04-06 12:00:17] [ACCT    ] Value $0.00 | Available $0.00 | Capital used 0.0% / 30%
[2026-04-06 12:00:17] [SHORT   ] BTC not in short zone — skipping
[2026-04-06 12:00:17] [RUN     ] Sleeping 1 min...
[2026-04-06 12:01:17] [RUN     ] ────────────────────────────────────────────────────────────
[2026-04-06 12:01:17] [MACRO   ] BTC $69575 | 7d-high $70243 | zone: no | 4h chg: 0.71%
[2026-04-06 12:01:17] [MACRO   ] SPX $0.29 | 7d-high $0.30 | zone: no
[2026-04-06 12:01:18] [ACCT    ] Value $0.00 | Available $0.00 | Capital used 0.0% / 30%
[2026-04-06 12:01:18] [SHORT   ] BTC not in short zone — skipping
[2026-04-06 12:01:18] [RUN     ] Sleeping 1 min...
[2026-04-06 12:02:18] [RUN     ] ────────────────────────────────────────────────────────────
[2026-04-06 12:02:19] [MACRO   ] BTC $69565 | 7d-high $70243 | zone: no | 4h chg: 0.70%
[2026-04-06 12:02:19] [MACRO   ] SPX $0.29 | 7d-high $0.30 | zone: no
[2026-04-06 12:02:19] [ACCT    ] Value $0.00 | Available $0.00 | Capital used 0.0% / 30%
[2026-04-06 12:02:19] [SHORT   ] BTC not in short zone — skipping
[2026-04-06 12:02:19] [RUN     ] Sleeping 1 min...
[2026-04-06 12:02:57] [RUN     ] ────────────────────────────────────────────────────────────
[2026-04-06 12:02:58] [MACRO   ] BTC $69536 | 7d-high $70243 short-zone: no | 7d-low $65697 long-zone: no | 4h chg: 0.66%
[2026-04-06 12:02:58] [MACRO   ] SPX $0.29 | 7d-high $0.30 | zone: no
[2026-04-06 12:02:58] [ACCT    ] Value $0.00 | Available $0.00 | Capital used 0.0% / 30%
[2026-04-06 12:02:58] [SHORT   ] BTC not in short zone — skipping
[2026-04-06 12:02:58] [LONG    ] BTC — no position & BTC not in long zone — skipping
[2026-04-06 12:02:58] [LONG    ] SOL — no position & BTC not in long zone — skipping
[2026-04-06 12:02:58] [LONG    ] HYPE — no position & BTC not in long zone — skipping
[2026-04-06 12:02:58] [LONG    ] XRP — no position & BTC not in long zone — skipping
[2026-04-06 12:02:58] [RUN     ] Sleeping 5 min...
[2026-04-06 12:03:19] [RUN     ] ────────────────────────────────────────────────────────────
[2026-04-06 12:03:20] [MACRO   ] BTC $69553 | 7d-high $70243 | zone: no | 4h chg: 0.68%
[2026-04-06 12:03:20] [MACRO   ] SPX $0.29 | 7d-high $0.30 | zone: ✓ YES (soft)
[2026-04-06 12:03:20] [ACCT    ] Value $0.00 | Available $0.00 | Capital used 0.0% / 30%
[2026-04-06 12:03:20] [SHORT   ] BTC not in short zone — skipping
[2026-04-06 12:03:20] [RUN     ] Sleeping 1 min...
[2026-04-06 12:04:20] [RUN     ] ────────────────────────────────────────────────────────────
[2026-04-06 12:04:20] [MACRO   ] BTC $69571 | 7d-high $70243 | zone: no | 4h chg: 0.71%
[2026-04-06 12:04:20] [MACRO   ] SPX $0.30 | 7d-high $0.30 | zone: ✓ YES (soft)
[2026-04-06 12:04:20] [ACCT    ] Value $0.00 | Available $0.00 | Capital used 0.0% / 30%
[2026-04-06 12:04:20] [SHORT   ] BTC not in short zone — skipping
[2026-04-06 12:04:20] [RUN     ] Sleeping 1 min...
[2026-04-06 12:05:20] [RUN     ] ────────────────────────────────────────────────────────────
[2026-04-06 12:05:21] [MACRO   ] BTC $69559 | 7d-high $70243 | zone: no | 4h chg: 0.69%
[2026-04-06 12:05:21] [MACRO   ] SPX $0.29 | 7d-high $0.30 | zone: no
[2026-04-06 12:05:21] [ACCT    ] Value $0.00 | Available $0.00 | Capital used 0.0% / 30%
[2026-04-06 12:05:21] [SHORT   ] BTC not in short zone — skipping
[2026-04-06 12:05:21] [RUN     ] Sleeping 1 min...
[2026-04-06 12:06:21] [RUN     ] ────────────────────────────────────────────────────────────
[2026-04-06 12:06:22] [MACRO   ] BTC $69568 | 7d-high $70243 | zone: no | 4h chg: 0.70%
[2026-04-06 12:06:22] [MACRO   ] SPX $0.29 | 7d-high $0.30 | zone: ✓ YES (soft)
[2026-04-06 12:06:22] [ACCT    ] Value $0.00 | Available $0.00 | Capital used 0.0% / 30%
[2026-04-06 12:06:22] [SHORT   ] BTC not in short zone — skipping
[2026-04-06 12:06:22] [RUN     ] Sleeping 1 min...
[2026-04-06 12:07:22] [RUN     ] ────────────────────────────────────────────────────────────
[2026-04-06 12:07:23] [MACRO   ] BTC $69499 | 7d-high $70243 | zone: no | 4h chg: 0.60%
[2026-04-06 12:07:23] [MACRO   ] SPX $0.29 | 7d-high $0.30 | zone: no
[2026-04-06 12:07:23] [ACCT    ] Value $0.00 | Available $0.00 | Capital used 0.0% / 30%
[2026-04-06 12:07:23] [SHORT   ] BTC not in short zone — skipping
[2026-04-06 12:07:23] [RUN     ] Sleeping 1 min...
[2026-04-06 12:07:58] [RUN     ] ────────────────────────────────────────────────────────────
[2026-04-06 12:07:59] [MACRO   ] BTC $69495 | 7d-high $70243 short-zone: no | 7d-low $65697 long-zone: no | 4h chg: 0.59%
[2026-04-06 12:07:59] [MACRO   ] SPX $0.29 | 7d-high $0.30 | zone: no
[2026-04-06 12:07:59] [ACCT    ] Value $0.00 | Available $0.00 | Capital used 0.0% / 30%
[2026-04-06 12:07:59] [SHORT   ] BTC not in short zone — skipping
[2026-04-06 12:07:59] [LONG    ] BTC — no position & BTC not in long zone — skipping
[2026-04-06 12:07:59] [LONG    ] SOL — no position & BTC not in long zone — skipping
[2026-04-06 12:07:59] [LONG    ] HYPE — no position & BTC not in long zone — skipping
[2026-04-06 12:07:59] [LONG    ] XRP — no position & BTC not in long zone — skipping
[2026-04-06 12:07:59] [RUN     ] Sleeping 5 min...
[2026-04-06 12:08:23] [RUN     ] ────────────────────────────────────────────────────────────
[2026-04-06 12:08:24] [MACRO   ] BTC $69496 | 7d-high $70243 | zone: no | 4h chg: 0.60%
[2026-04-06 12:08:24] [MACRO   ] SPX $0.29 | 7d-high $0.30 | zone: no
[2026-04-06 12:08:24] [ACCT    ] Value $0.00 | Available $0.00 | Capital used 0.0% / 30%
[2026-04-06 12:08:24] [SHORT   ] BTC not in short zone — skipping
[2026-04-06 12:08:24] [RUN     ] Sleeping 1 min...
[2026-04-06 12:09:24] [RUN     ] ────────────────────────────────────────────────────────────
[2026-04-06 12:09:24] [MACRO   ] BTC $69492 | 7d-high $70243 | zone: no | 4h chg: 0.59%
[2026-04-06 12:09:24] [MACRO   ] SPX $0.29 | 7d-high $0.30 | zone: no
[2026-04-06 12:09:24] [ACCT    ] Value $0.00 | Available $0.00 | Capital used 0.0% / 30%
[2026-04-06 12:09:24] [SHORT   ] BTC not in short zone — skipping
[2026-04-06 12:09:24] [RUN     ] Sleeping 1 min...
[2026-04-06 12:10:24] [RUN     ] ────────────────────────────────────────────────────────────
[2026-04-06 12:10:25] [MACRO   ] BTC $69483 | 7d-high $70243 | zone: no | 4h chg: 0.58%
[2026-04-06 12:10:25] [MACRO   ] SPX $0.29 | 7d-high $0.30 | zone: no
[2026-04-06 12:10:25] [ACCT    ] Value $0.00 | Available $0.00 | Capital used 0.0% / 30%
[2026-04-06 12:10:25] [SHORT   ] BTC not in short zone — skipping
[2026-04-06 12:10:25] [RUN     ] Sleeping 1 min...
[2026-04-06 12:11:25] [RUN     ] ────────────────────────────────────────────────────────────
[2026-04-06 12:11:26] [MACRO   ] BTC $69461 | 7d-high $70243 | zone: no | 4h chg: 0.55%
[2026-04-06 12:11:26] [MACRO   ] SPX $0.29 | 7d-high $0.30 | zone: no
[2026-04-06 12:11:26] [ACCT    ] Value $0.00 | Available $0.00 | Capital used 0.0% / 30%
[2026-04-06 12:11:26] [SHORT   ] BTC not in short zone — skipping
[2026-04-06 12:11:26] [RUN     ] Sleeping 1 min...
[2026-04-06 12:12:26] [RUN     ] ────────────────────────────────────────────────────────────
[2026-04-06 12:12:27] [MACRO   ] BTC $69426 | 7d-high $70243 | zone: no | 4h chg: 0.50%
[2026-04-06 12:12:27] [MACRO   ] SPX $0.29 | 7d-high $0.30 | zone: no
[2026-04-06 12:12:27] [ACCT    ] Value $0.00 | Available $0.00 | Capital used 0.0% / 30%
[2026-04-06 12:12:27] [SHORT   ] BTC not in short zone — skipping
[2026-04-06 12:12:27] [RUN     ] Sleeping 1 min...
[2026-04-06 12:12:59] [RUN     ] ────────────────────────────────────────────────────────────
[2026-04-06 12:12:59] [MACRO   ] BTC $69455 | 7d-high $70243 short-zone: no | 7d-low $65697 long-zone: no | 4h chg: 0.54%
[2026-04-06 12:12:59] [MACRO   ] SPX $0.29 | 7d-high $0.30 | zone: no
[2026-04-06 12:12:59] [ACCT    ] Value $0.00 | Available $0.00 | Capital used 0.0% / 30%
[2026-04-06 12:12:59] [SHORT   ] BTC not in short zone — skipping
[2026-04-06 12:12:59] [LONG    ] BTC — no position & BTC not in long zone — skipping
[2026-04-06 12:12:59] [LONG    ] SOL — no position & BTC not in long zone — skipping
[2026-04-06 12:12:59] [LONG    ] HYPE — no position & BTC not in long zone — skipping
[2026-04-06 12:12:59] [LONG    ] XRP — no position & BTC not in long zone — skipping
[2026-04-06 12:12:59] [RUN     ] Sleeping 5 min...
[2026-04-06 12:13:27] [RUN     ] ────────────────────────────────────────────────────────────
[2026-04-06 12:13:28] [MACRO   ] BTC $69465 | 7d-high $70243 | zone: no | 4h chg: 0.55%
[2026-04-06 12:13:28] [MACRO   ] SPX $0.29 | 7d-high $0.30 | zone: no
[2026-04-06 12:13:28] [ACCT    ] Value $0.00 | Available $0.00 | Capital used 0.0% / 30%
[2026-04-06 12:13:28] [SHORT   ] BTC not in short zone — skipping
[2026-04-06 12:13:28] [RUN     ] Sleeping 1 min...
[2026-04-06 12:14:28] [RUN     ] ────────────────────────────────────────────────────────────
[2026-04-06 12:14:29] [MACRO   ] BTC $69444 | 7d-high $70243 | zone: no | 4h chg: 0.52%
[2026-04-06 12:14:29] [MACRO   ] SPX $0.29 | 7d-high $0.30 | zone: no
[2026-04-06 12:14:29] [ACCT    ] Value $0.00 | Available $0.00 | Capital used 0.0% / 30%
[2026-04-06 12:14:29] [SHORT   ] BTC not in short zone — skipping
[2026-04-06 12:14:29] [RUN     ] Sleeping 1 min...
[2026-04-06 12:15:29] [RUN     ] ────────────────────────────────────────────────────────────
[2026-04-06 12:15:30] [MACRO   ] BTC $69481 | 7d-high $70243 | zone: no | 4h chg: 0.58%
[2026-04-06 12:15:30] [MACRO   ] SPX $0.29 | 7d-high $0.30 | zone: no
[2026-04-06 12:15:30] [ACCT    ] Value $0.00 | Available $0.00 | Capital used 0.0% / 30%
[2026-04-06 12:15:30] [SHORT   ] BTC not in short zone — skipping
[2026-04-06 12:15:30] [RUN     ] Sleeping 1 min...
[2026-04-06 12:16:30] [RUN     ] ────────────────────────────────────────────────────────────
[2026-04-06 12:16:31] [MACRO   ] BTC $69455 | 7d-high $70243 | zone: no | 4h chg: 0.54%
[2026-04-06 12:16:31] [MACRO   ] SPX $0.29 | 7d-high $0.30 | zone: no
[2026-04-06 12:16:31] [ACCT    ] Value $0.00 | Available $0.00 | Capital used 0.0% / 30%
[2026-04-06 12:16:31] [SHORT   ] BTC not in short zone — skipping
[2026-04-06 12:16:31] [RUN     ] Sleeping 1 min...
[2026-04-06 12:17:31] [RUN     ] ────────────────────────────────────────────────────────────
[2026-04-06 12:17:31] [MACRO   ] BTC $69476 | 7d-high $70243 | zone: no | 4h chg: 0.57%
[2026-04-06 12:17:31] [MACRO   ] SPX $0.29 | 7d-high $0.30 | zone: no
[2026-04-06 12:17:31] [ACCT    ] Value $0.00 | Available $0.00 | Capital used 0.0% / 30%
[2026-04-06 12:17:31] [SHORT   ] BTC not in short zone — skipping
[2026-04-06 12:17:31] [RUN     ] Sleeping 1 min...
[2026-04-06 12:17:59] [RUN     ] ────────────────────────────────────────────────────────────
[2026-04-06 12:18:00] [MACRO   ] BTC $69476 | 7d-high $70243 short-zone: no | 7d-low $65697 long-zone: no | 4h chg: 0.57%
[2026-04-06 12:18:00] [MACRO   ] SPX $0.29 | 7d-high $0.30 | zone: no
[2026-04-06 12:18:00] [ACCT    ] Value $0.00 | Available $0.00 | Capital used 0.0% / 30%
[2026-04-06 12:18:00] [SHORT   ] BTC not in short zone — skipping
[2026-04-06 12:18:00] [LONG    ] BTC — no position & BTC not in long zone — skipping
[2026-04-06 12:18:00] [LONG    ] SOL — no position & BTC not in long zone — skipping
[2026-04-06 12:18:00] [LONG    ] HYPE — no position & BTC not in long zone — skipping
[2026-04-06 12:18:00] [LONG    ] XRP — no position & BTC not in long zone — skipping
[2026-04-06 12:18:00] [RUN     ] Sleeping 5 min...
[2026-04-06 12:18:31] [RUN     ] ────────────────────────────────────────────────────────────
[2026-04-06 12:18:32] [MACRO   ] BTC $69438 | 7d-high $70243 | zone: no | 4h chg: 0.51%
[2026-04-06 12:18:32] [MACRO   ] SPX $0.29 | 7d-high $0.30 | zone: no
[2026-04-06 12:18:32] [ACCT    ] Value $0.00 | Available $0.00 | Capital used 0.0% / 30%
[2026-04-06 12:18:32] [SHORT   ] BTC not in short zone — skipping
[2026-04-06 12:18:32] [RUN     ] Sleeping 1 min...
[2026-04-06 12:19:32] [RUN     ] ────────────────────────────────────────────────────────────
[2026-04-06 12:19:33] [MACRO   ] BTC $69457 | 7d-high $70243 | zone: no | 4h chg: 0.54%
[2026-04-06 12:19:33] [MACRO   ] SPX $0.29 | 7d-high $0.30 | zone: no
[2026-04-06 12:19:33] [ACCT    ] Value $0.00 | Available $0.00 | Capital used 0.0% / 30%
[2026-04-06 12:19:33] [SHORT   ] BTC not in short zone — skipping
[2026-04-06 12:19:33] [RUN     ] Sleeping 1 min...
[2026-04-06 12:20:33] [RUN     ] ────────────────────────────────────────────────────────────
[2026-04-06 12:20:34] [MACRO   ] BTC $69481 | 7d-high $70243 | zone: no | 4h chg: 0.57%
[2026-04-06 12:20:34] [MACRO   ] SPX $0.29 | 7d-high $0.30 | zone: no
[2026-04-06 12:20:34] [ACCT    ] Value $0.00 | Available $0.00 | Capital used 0.0% / 30%
[2026-04-06 12:20:34] [SHORT   ] BTC not in short zone — skipping
[2026-04-06 12:20:34] [RUN     ] Sleeping 1 min...
[2026-04-06 12:21:34] [RUN     ] ────────────────────────────────────────────────────────────
[2026-04-06 12:21:34] [MACRO   ] BTC $69474 | 7d-high $70243 | zone: no | 4h chg: 0.57%
[2026-04-06 12:21:34] [MACRO   ] SPX $0.29 | 7d-high $0.30 | zone: no
[2026-04-06 12:21:34] [ACCT    ] Value $0.00 | Available $0.00 | Capital used 0.0% / 30%
[2026-04-06 12:21:34] [SHORT   ] BTC not in short zone — skipping
[2026-04-06 12:21:34] [RUN     ] Sleeping 1 min...
[2026-04-06 12:22:34] [RUN     ] ────────────────────────────────────────────────────────────
[2026-04-06 12:22:35] [MACRO   ] BTC $69467 | 7d-high $70243 | zone: no | 4h chg: 0.55%
[2026-04-06 12:22:35] [MACRO   ] SPX $0.29 | 7d-high $0.30 | zone: no
[2026-04-06 12:22:35] [ACCT    ] Value $0.00 | Available $0.00 | Capital used 0.0% / 30%
[2026-04-06 12:22:35] [SHORT   ] BTC not in short zone — skipping
[2026-04-06 12:22:35] [RUN     ] Sleeping 1 min...
[2026-04-06 12:23:00] [RUN     ] ────────────────────────────────────────────────────────────
[2026-04-06 12:23:01] [MACRO   ] BTC $69471 | 7d-high $70243 short-zone: no | 7d-low $65697 long-zone: no | 4h chg: 0.56%
[2026-04-06 12:23:01] [MACRO   ] SPX $0.29 | 7d-high $0.30 | zone: no
[2026-04-06 12:23:01] [ACCT    ] Value $0.00 | Available $0.00 | Capital used 0.0% / 30%
[2026-04-06 12:23:01] [SHORT   ] BTC not in short zone — skipping
[2026-04-06 12:23:01] [LONG    ] BTC — no position & BTC not in long zone — skipping
[2026-04-06 12:23:01] [LONG    ] SOL — no position & BTC not in long zone — skipping
[2026-04-06 12:23:01] [LONG    ] HYPE — no position & BTC not in long zone — skipping
[2026-04-06 12:23:01] [LONG    ] XRP — no position & BTC not in long zone — skipping
[2026-04-06 12:23:01] [RUN     ] Sleeping 5 min...
[2026-04-06 12:23:35] [RUN     ] ────────────────────────────────────────────────────────────
[2026-04-06 12:23:36] [MACRO   ] BTC $69458 | 7d-high $70243 | zone: no | 4h chg: 0.54%
[2026-04-06 12:23:36] [MACRO   ] SPX $0.29 | 7d-high $0.30 | zone: no
[2026-04-06 12:23:36] [ACCT    ] Value $0.00 | Available $0.00 | Capital used 0.0% / 30%
[2026-04-06 12:23:36] [SHORT   ] BTC not in short zone — skipping
[2026-04-06 12:23:36] [RUN     ] Sleeping 1 min...
[2026-04-06 12:24:36] [RUN     ] ────────────────────────────────────────────────────────────
[2026-04-06 12:24:37] [MACRO   ] BTC $69474 | 7d-high $70243 | zone: no | 4h chg: 0.56%
[2026-04-06 12:24:37] [MACRO   ] SPX $0.29 | 7d-high $0.30 | zone: no
[2026-04-06 12:24:37] [ACCT    ] Value $0.00 | Available $0.00 | Capital used 0.0% / 30%
[2026-04-06 12:24:37] [SHORT   ] BTC not in short zone — skipping
[2026-04-06 12:24:37] [RUN     ] Sleeping 1 min...
[2026-04-06 12:25:37] [RUN     ] ────────────────────────────────────────────────────────────
[2026-04-06 12:25:37] [MACRO   ] BTC $69488 | 7d-high $70243 | zone: no | 4h chg: 0.59%
[2026-04-06 12:25:37] [MACRO   ] SPX $0.29 | 7d-high $0.30 | zone: no
[2026-04-06 12:25:37] [ACCT    ] Value $0.00 | Available $0.00 | Capital used 0.0% / 30%
[2026-04-06 12:25:37] [SHORT   ] BTC not in short zone — skipping
[2026-04-06 12:25:37] [RUN     ] Sleeping 1 min...
[2026-04-06 12:26:37] [RUN     ] ────────────────────────────────────────────────────────────
[2026-04-06 12:26:38] [MACRO   ] BTC $69437 | 7d-high $70243 | zone: no | 4h chg: 0.51%
[2026-04-06 12:26:38] [MACRO   ] SPX $0.29 | 7d-high $0.30 | zone: no
[2026-04-06 12:26:38] [ACCT    ] Value $0.00 | Available $0.00 | Capital used 0.0% / 30%
[2026-04-06 12:26:38] [SHORT   ] BTC not in short zone — skipping
[2026-04-06 12:26:38] [RUN     ] Sleeping 1 min...
[2026-04-06 12:27:38] [RUN     ] ────────────────────────────────────────────────────────────
[2026-04-06 12:27:39] [MACRO   ] BTC $69442 | 7d-high $70243 | zone: no | 4h chg: 0.52%
[2026-04-06 12:27:39] [MACRO   ] SPX $0.29 | 7d-high $0.30 | zone: no
[2026-04-06 12:27:39] [ACCT    ] Value $0.00 | Available $0.00 | Capital used 0.0% / 30%
[2026-04-06 12:27:39] [SHORT   ] BTC not in short zone — skipping
[2026-04-06 12:27:39] [RUN     ] Sleeping 1 min...
[2026-04-06 12:28:01] [RUN     ] ────────────────────────────────────────────────────────────
[2026-04-06 12:28:02] [MACRO   ] BTC $69469 | 7d-high $70243 short-zone: no | 7d-low $65697 long-zone: no | 4h chg: 0.56%
[2026-04-06 12:28:02] [MACRO   ] SPX $0.29 | 7d-high $0.30 | zone: no
[2026-04-06 12:28:02] [ACCT    ] Value $0.00 | Available $0.00 | Capital used 0.0% / 30%
[2026-04-06 12:28:02] [SHORT   ] BTC not in short zone — skipping
[2026-04-06 12:28:02] [LONG    ] BTC — no position & BTC not in long zone — skipping
[2026-04-06 12:28:02] [LONG    ] SOL — no position & BTC not in long zone — skipping
[2026-04-06 12:28:02] [LONG    ] HYPE — no position & BTC not in long zone — skipping
[2026-04-06 12:28:02] [LONG    ] XRP — no position & BTC not in long zone — skipping
[2026-04-06 12:28:02] [RUN     ] Sleeping 5 min...
[2026-04-06 12:28:39] [RUN     ] ────────────────────────────────────────────────────────────
[2026-04-06 12:28:40] [MACRO   ] BTC $69459 | 7d-high $70243 | zone: no | 4h chg: 0.55%
[2026-04-06 12:28:40] [MACRO   ] SPX $0.29 | 7d-high $0.30 | zone: no
[2026-04-06 12:28:40] [ACCT    ] Value $0.00 | Available $0.00 | Capital used 0.0% / 30%
[2026-04-06 12:28:40] [SHORT   ] BTC not in short zone — skipping
[2026-04-06 12:28:40] [RUN     ] Sleeping 1 min...
[2026-04-06 12:29:40] [RUN     ] ────────────────────────────────────────────────────────────
[2026-04-06 12:29:41] [MACRO   ] BTC $69434 | 7d-high $70243 | zone: no | 4h chg: 0.51%
[2026-04-06 12:29:41] [MACRO   ] SPX $0.29 | 7d-high $0.30 | zone: no
[2026-04-06 12:29:41] [ACCT    ] Value $0.00 | Available $0.00 | Capital used 0.0% / 30%
[2026-04-06 12:29:41] [SHORT   ] BTC not in short zone — skipping
[2026-04-06 12:29:41] [RUN     ] Sleeping 1 min...
[2026-04-06 12:30:41] [RUN     ] ────────────────────────────────────────────────────────────
[2026-04-06 12:30:42] [MACRO   ] BTC $69434 | 7d-high $70243 | zone: no | 4h chg: 0.51%
[2026-04-06 12:30:42] [MACRO   ] SPX $0.29 | 7d-high $0.30 | zone: no
[2026-04-06 12:30:42] [ACCT    ] Value $0.00 | Available $0.00 | Capital used 0.0% / 30%
[2026-04-06 12:30:42] [SHORT   ] BTC not in short zone — skipping
[2026-04-06 12:30:42] [RUN     ] Sleeping 1 min...
[2026-04-06 12:31:42] [RUN     ] ────────────────────────────────────────────────────────────
[2026-04-06 12:31:43] [MACRO   ] BTC $69374 | 7d-high $70243 | zone: no | 4h chg: 0.42%
[2026-04-06 12:31:43] [MACRO   ] SPX $0.29 | 7d-high $0.30 | zone: no
[2026-04-06 12:31:43] [ACCT    ] Value $0.00 | Available $0.00 | Capital used 0.0% / 30%
[2026-04-06 12:31:43] [SHORT   ] BTC not in short zone — skipping
[2026-04-06 12:31:43] [RUN     ] Sleeping 1 min...
[2026-04-06 12:32:43] [RUN     ] ────────────────────────────────────────────────────────────
[2026-04-06 12:32:44] [MACRO   ] BTC $69394 | 7d-high $70243 | zone: no | 4h chg: 0.45%
[2026-04-06 12:32:44] [MACRO   ] SPX $0.29 | 7d-high $0.30 | zone: no
[2026-04-06 12:32:44] [ACCT    ] Value $0.00 | Available $0.00 | Capital used 0.0% / 30%
[2026-04-06 12:32:44] [SHORT   ] BTC not in short zone — skipping
[2026-04-06 12:32:44] [RUN     ] Sleeping 1 min...
[2026-04-06 12:33:02] [RUN     ] ────────────────────────────────────────────────────────────
[2026-04-06 12:33:03] [MACRO   ] BTC $69392 | 7d-high $70243 short-zone: no | 7d-low $65697 long-zone: no | 4h chg: 0.45%
[2026-04-06 12:33:03] [MACRO   ] SPX $0.29 | 7d-high $0.30 | zone: no
[2026-04-06 12:33:03] [ACCT    ] Value $0.00 | Available $0.00 | Capital used 0.0% / 30%
[2026-04-06 12:33:03] [SHORT   ] BTC not in short zone — skipping
[2026-04-06 12:33:03] [LONG    ] BTC — no position & BTC not in long zone — skipping
[2026-04-06 12:33:03] [LONG    ] SOL — no position & BTC not in long zone — skipping
[2026-04-06 12:33:03] [LONG    ] HYPE — no position & BTC not in long zone — skipping
[2026-04-06 12:33:03] [LONG    ] XRP — no position & BTC not in long zone — skipping
[2026-04-06 12:33:03] [RUN     ] Sleeping 5 min...
[2026-04-06 12:33:44] [RUN     ] ────────────────────────────────────────────────────────────
[2026-04-06 12:33:45] [MACRO   ] BTC $69411 | 7d-high $70243 | zone: no | 4h chg: 0.47%
[2026-04-06 12:33:45] [MACRO   ] SPX $0.29 | 7d-high $0.30 | zone: no
[2026-04-06 12:33:45] [ACCT    ] Value $0.00 | Available $0.00 | Capital used 0.0% / 30%
[2026-04-06 12:33:45] [SHORT   ] BTC not in short zone — skipping
[2026-04-06 12:33:45] [RUN     ] Sleeping 1 min...
[2026-04-06 12:34:45] [RUN     ] ────────────────────────────────────────────────────────────
[2026-04-06 12:34:45] [MACRO   ] BTC $69429 | 7d-high $70243 | zone: no | 4h chg: 0.50%
[2026-04-06 12:34:45] [MACRO   ] SPX $0.29 | 7d-high $0.30 | zone: no
[2026-04-06 12:34:45] [ACCT    ] Value $0.00 | Available $0.00 | Capital used 0.0% / 30%
[2026-04-06 12:34:45] [SHORT   ] BTC not in short zone — skipping
[2026-04-06 12:34:45] [RUN     ] Sleeping 1 min...
[2026-04-06 12:35:45] [RUN     ] ────────────────────────────────────────────────────────────
[2026-04-06 12:35:46] [MACRO   ] BTC $69441 | 7d-high $70243 | zone: no | 4h chg: 0.52%
[2026-04-06 12:35:46] [MACRO   ] SPX $0.29 | 7d-high $0.30 | zone: no
[2026-04-06 12:35:46] [ACCT    ] Value $0.00 | Available $0.00 | Capital used 0.0% / 30%
[2026-04-06 12:35:46] [SHORT   ] BTC not in short zone — skipping
[2026-04-06 12:35:46] [RUN     ] Sleeping 1 min...
[2026-04-06 12:36:46] [RUN     ] ────────────────────────────────────────────────────────────
[2026-04-06 12:36:47] [MACRO   ] BTC $69444 | 7d-high $70243 | zone: no | 4h chg: 0.52%
[2026-04-06 12:36:47] [MACRO   ] SPX $0.29 | 7d-high $0.30 | zone: no
[2026-04-06 12:36:47] [ACCT    ] Value $0.00 | Available $0.00 | Capital used 0.0% / 30%
[2026-04-06 12:36:47] [SHORT   ] BTC not in short zone — skipping
[2026-04-06 12:36:47] [RUN     ] Sleeping 1 min...
[2026-04-06 12:37:47] [RUN     ] ────────────────────────────────────────────────────────────
[2026-04-06 12:37:47] [MACRO   ] BTC $69452 | 7d-high $70243 | zone: no | 4h chg: 0.53%
[2026-04-06 12:37:47] [MACRO   ] SPX $0.29 | 7d-high $0.30 | zone: no
[2026-04-06 12:37:47] [ACCT    ] Value $0.00 | Available $0.00 | Capital used 0.0% / 30%
[2026-04-06 12:37:47] [SHORT   ] BTC not in short zone — skipping
[2026-04-06 12:37:47] [RUN     ] Sleeping 1 min...
[2026-04-06 12:38:03] [RUN     ] ────────────────────────────────────────────────────────────
[2026-04-06 12:38:04] [MACRO   ] BTC $69470 | 7d-high $70243 short-zone: no | 7d-low $65697 long-zone: no | 4h chg: 0.56%
[2026-04-06 12:38:04] [MACRO   ] SPX $0.29 | 7d-high $0.30 | zone: no
[2026-04-06 12:38:04] [ACCT    ] Value $0.00 | Available $0.00 | Capital used 0.0% / 30%
[2026-04-06 12:38:04] [SHORT   ] BTC not in short zone — skipping
[2026-04-06 12:38:04] [LONG    ] BTC — no position & BTC not in long zone — skipping
[2026-04-06 12:38:04] [LONG    ] SOL — no position & BTC not in long zone — skipping
[2026-04-06 12:38:04] [LONG    ] HYPE — no position & BTC not in long zone — skipping
[2026-04-06 12:38:04] [LONG    ] XRP — no position & BTC not in long zone — skipping
[2026-04-06 12:38:04] [RUN     ] Sleeping 5 min...
[2026-04-06 12:38:47] [RUN     ] ────────────────────────────────────────────────────────────
[2026-04-06 12:38:48] [MACRO   ] BTC $69467 | 7d-high $70243 | zone: no | 4h chg: 0.56%
[2026-04-06 12:38:48] [MACRO   ] SPX $0.29 | 7d-high $0.30 | zone: no
[2026-04-06 12:38:48] [ACCT    ] Value $0.00 | Available $0.00 | Capital used 0.0% / 30%
[2026-04-06 12:38:48] [SHORT   ] BTC not in short zone — skipping
[2026-04-06 12:38:48] [RUN     ] Sleeping 1 min...
[2026-04-06 12:39:48] [RUN     ] ────────────────────────────────────────────────────────────
[2026-04-06 12:39:49] [MACRO   ] BTC $69483 | 7d-high $70243 | zone: no | 4h chg: 0.58%
[2026-04-06 12:39:49] [MACRO   ] SPX $0.29 | 7d-high $0.30 | zone: no
[2026-04-06 12:39:49] [ACCT    ] Value $0.00 | Available $0.00 | Capital used 0.0% / 30%
[2026-04-06 12:39:49] [SHORT   ] BTC not in short zone — skipping
[2026-04-06 12:39:49] [RUN     ] Sleeping 1 min...
[2026-04-06 12:40:49] [RUN     ] ────────────────────────────────────────────────────────────
[2026-04-06 12:40:50] [MACRO   ] BTC $69491 | 7d-high $70243 | zone: no | 4h chg: 0.59%
[2026-04-06 12:40:50] [MACRO   ] SPX $0.29 | 7d-high $0.30 | zone: no
[2026-04-06 12:40:50] [ACCT    ] Value $0.00 | Available $0.00 | Capital used 0.0% / 30%
[2026-04-06 12:40:50] [SHORT   ] BTC not in short zone — skipping
[2026-04-06 12:40:50] [RUN     ] Sleeping 1 min...
[2026-04-06 12:41:50] [RUN     ] ────────────────────────────────────────────────────────────
[2026-04-06 12:41:51] [MACRO   ] BTC $69469 | 7d-high $70243 | zone: no | 4h chg: 0.56%
[2026-04-06 12:41:51] [MACRO   ] SPX $0.29 | 7d-high $0.30 | zone: no
[2026-04-06 12:41:51] [ACCT    ] Value $0.00 | Available $0.00 | Capital used 0.0% / 30%
[2026-04-06 12:41:51] [SHORT   ] BTC not in short zone — skipping
[2026-04-06 12:41:51] [RUN     ] Sleeping 1 min...
[2026-04-06 12:42:51] [RUN     ] ────────────────────────────────────────────────────────────
[2026-04-06 12:42:51] [MACRO   ] BTC $69433 | 7d-high $70243 | zone: no | 4h chg: 0.51%
[2026-04-06 12:42:51] [MACRO   ] SPX $0.29 | 7d-high $0.30 | zone: no
[2026-04-06 12:42:51] [ACCT    ] Value $0.00 | Available $0.00 | Capital used 0.0% / 30%
[2026-04-06 12:42:51] [SHORT   ] BTC not in short zone — skipping
[2026-04-06 12:42:51] [RUN     ] Sleeping 1 min...
[2026-04-06 12:43:04] [RUN     ] ────────────────────────────────────────────────────────────
[2026-04-06 12:43:04] [MACRO   ] BTC $69433 | 7d-high $70243 short-zone: no | 7d-low $65697 long-zone: no | 4h chg: 0.51%
[2026-04-06 12:43:04] [MACRO   ] SPX $0.29 | 7d-high $0.30 | zone: no
[2026-04-06 12:43:04] [ACCT    ] Value $0.00 | Available $0.00 | Capital used 0.0% / 30%
[2026-04-06 12:43:04] [SHORT   ] BTC not in short zone — skipping
[2026-04-06 12:43:04] [LONG    ] BTC — no position & BTC not in long zone — skipping
[2026-04-06 12:43:04] [LONG    ] SOL — no position & BTC not in long zone — skipping
[2026-04-06 12:43:04] [LONG    ] HYPE — no position & BTC not in long zone — skipping
[2026-04-06 12:43:04] [LONG    ] XRP — no position & BTC not in long zone — skipping
[2026-04-06 12:43:04] [RUN     ] Sleeping 5 min...
[2026-04-06 12:43:51] [RUN     ] ────────────────────────────────────────────────────────────
[2026-04-06 12:43:53] [MACRO   ] BTC $69444 | 7d-high $70243 | zone: no | 4h chg: 0.54%
[2026-04-06 12:43:53] [MACRO   ] SPX $0.29 | 7d-high $0.30 | zone: no
[2026-04-06 12:43:53] [ACCT    ] Value $0.00 | Available $0.00 | Capital used 0.0% / 30%
[2026-04-06 12:43:53] [SHORT   ] BTC not in short zone — skipping
[2026-04-06 12:43:53] [RUN     ] Sleeping 1 min...
[2026-04-06 12:44:53] [RUN     ] ────────────────────────────────────────────────────────────
[2026-04-06 12:44:53] [MACRO   ] BTC $69460 | 7d-high $70243 | zone: no | 4h chg: 0.55%
[2026-04-06 12:44:53] [MACRO   ] SPX $0.29 | 7d-high $0.30 | zone: no
[2026-04-06 12:44:53] [ACCT    ] Value $0.00 | Available $0.00 | Capital used 0.0% / 30%
[2026-04-06 12:44:53] [SHORT   ] BTC not in short zone — skipping
[2026-04-06 12:44:53] [RUN     ] Sleeping 1 min...
[2026-04-06 12:45:53] [RUN     ] ────────────────────────────────────────────────────────────
[2026-04-06 12:45:54] [MACRO   ] BTC $69478 | 7d-high $70243 | zone: no | 4h chg: 0.57%
[2026-04-06 12:45:54] [MACRO   ] SPX $0.29 | 7d-high $0.30 | zone: no
[2026-04-06 12:45:54] [ACCT    ] Value $0.00 | Available $0.00 | Capital used 0.0% / 30%
[2026-04-06 12:45:54] [SHORT   ] BTC not in short zone — skipping
[2026-04-06 12:45:54] [RUN     ] Sleeping 1 min...
[2026-04-06 12:46:54] [RUN     ] ────────────────────────────────────────────────────────────
[2026-04-06 12:46:55] [MACRO   ] BTC $69500 | 7d-high $70243 | zone: no | 4h chg: 0.60%
[2026-04-06 12:46:55] [MACRO   ] SPX $0.29 | 7d-high $0.30 | zone: no
[2026-04-06 12:46:55] [ACCT    ] Value $0.00 | Available $0.00 | Capital used 0.0% / 30%
[2026-04-06 12:46:55] [SHORT   ] BTC not in short zone — skipping
[2026-04-06 12:46:55] [RUN     ] Sleeping 1 min...
[2026-04-06 12:47:55] [RUN     ] ────────────────────────────────────────────────────────────
[2026-04-06 12:47:56] [MACRO   ] BTC $69480 | 7d-high $70243 | zone: no | 4h chg: 0.57%
[2026-04-06 12:47:56] [MACRO   ] SPX $0.29 | 7d-high $0.30 | zone: no
[2026-04-06 12:47:56] [ACCT    ] Value $0.00 | Available $0.00 | Capital used 0.0% / 30%
[2026-04-06 12:47:56] [SHORT   ] BTC not in short zone — skipping
[2026-04-06 12:47:56] [RUN     ] Sleeping 1 min...
[2026-04-06 12:48:04] [RUN     ] ────────────────────────────────────────────────────────────
[2026-04-06 12:48:05] [MACRO   ] BTC $69488 | 7d-high $70243 short-zone: no | 7d-low $65697 long-zone: no | 4h chg: 0.58%
[2026-04-06 12:48:05] [MACRO   ] SPX $0.29 | 7d-high $0.30 | zone: no
[2026-04-06 12:48:05] [ACCT    ] Value $0.00 | Available $0.00 | Capital used 0.0% / 30%
[2026-04-06 12:48:05] [SHORT   ] BTC not in short zone — skipping
[2026-04-06 12:48:05] [LONG    ] BTC — no position & BTC not in long zone — skipping
[2026-04-06 12:48:05] [LONG    ] SOL — no position & BTC not in long zone — skipping
[2026-04-06 12:48:05] [LONG    ] HYPE — no position & BTC not in long zone — skipping
[2026-04-06 12:48:05] [LONG    ] XRP — no position & BTC not in long zone — skipping
[2026-04-06 12:48:05] [RUN     ] Sleeping 5 min...
[2026-04-06 12:48:56] [RUN     ] ────────────────────────────────────────────────────────────
[2026-04-06 12:48:57] [MACRO   ] BTC $69470 | 7d-high $70243 | zone: no | 4h chg: 0.56%
[2026-04-06 12:48:57] [MACRO   ] SPX $0.29 | 7d-high $0.30 | zone: no
[2026-04-06 12:48:57] [ACCT    ] Value $0.00 | Available $0.00 | Capital used 0.0% / 30%
[2026-04-06 12:48:57] [SHORT   ] BTC not in short zone — skipping
[2026-04-06 12:48:57] [RUN     ] Sleeping 1 min...
[2026-04-06 12:49:57] [RUN     ] ────────────────────────────────────────────────────────────
[2026-04-06 12:49:57] [MACRO   ] BTC $69376 | 7d-high $70243 | zone: no | 4h chg: 0.42%
[2026-04-06 12:49:57] [MACRO   ] SPX $0.29 | 7d-high $0.30 | zone: no
[2026-04-06 12:49:57] [ACCT    ] Value $0.00 | Available $0.00 | Capital used 0.0% / 30%
[2026-04-06 12:49:57] [SHORT   ] BTC not in short zone — skipping
[2026-04-06 12:49:57] [RUN     ] Sleeping 1 min...
[2026-04-06 12:50:57] [RUN     ] ────────────────────────────────────────────────────────────
[2026-04-06 12:50:58] [MACRO   ] BTC $69353 | 7d-high $70243 | zone: no | 4h chg: 0.39%
[2026-04-06 12:50:58] [MACRO   ] SPX $0.29 | 7d-high $0.30 | zone: no
[2026-04-06 12:50:58] [ACCT    ] Value $0.00 | Available $0.00 | Capital used 0.0% / 30%
[2026-04-06 12:50:58] [SHORT   ] BTC not in short zone — skipping
[2026-04-06 12:50:58] [RUN     ] Sleeping 1 min...
[2026-04-06 12:51:58] [RUN     ] ────────────────────────────────────────────────────────────
[2026-04-06 12:51:59] [MACRO   ] BTC $69381 | 7d-high $70243 | zone: no | 4h chg: 0.43%
[2026-04-06 12:51:59] [MACRO   ] SPX $0.29 | 7d-high $0.30 | zone: no
[2026-04-06 12:51:59] [ACCT    ] Value $0.00 | Available $0.00 | Capital used 0.0% / 30%
[2026-04-06 12:51:59] [SHORT   ] BTC not in short zone — skipping
[2026-04-06 12:51:59] [RUN     ] Sleeping 1 min...
[2026-04-06 12:52:59] [RUN     ] ────────────────────────────────────────────────────────────
[2026-04-06 12:53:00] [MACRO   ] BTC $69341 | 7d-high $70243 | zone: no | 4h chg: 0.37%
[2026-04-06 12:53:00] [MACRO   ] SPX $0.29 | 7d-high $0.30 | zone: no
[2026-04-06 12:53:00] [ACCT    ] Value $0.00 | Available $0.00 | Capital used 0.0% / 30%
[2026-04-06 12:53:00] [SHORT   ] BTC not in short zone — skipping
[2026-04-06 12:53:00] [RUN     ] Sleeping 1 min...
[2026-04-06 12:53:05] [RUN     ] ────────────────────────────────────────────────────────────
[2026-04-06 12:53:06] [MACRO   ] BTC $69329 | 7d-high $70243 short-zone: no | 7d-low $65697 long-zone: no | 4h chg: 0.35%
[2026-04-06 12:53:06] [MACRO   ] SPX $0.29 | 7d-high $0.30 | zone: no
[2026-04-06 12:53:06] [ACCT    ] Value $0.00 | Available $0.00 | Capital used 0.0% / 30%
[2026-04-06 12:53:06] [SHORT   ] BTC not in short zone — skipping
[2026-04-06 12:53:06] [LONG    ] BTC — no position & BTC not in long zone — skipping
[2026-04-06 12:53:06] [LONG    ] SOL — no position & BTC not in long zone — skipping
[2026-04-06 12:53:06] [LONG    ] HYPE — no position & BTC not in long zone — skipping
[2026-04-06 12:53:06] [LONG    ] XRP — no position & BTC not in long zone — skipping
[2026-04-06 12:53:06] [RUN     ] Sleeping 5 min...
[2026-04-06 12:54:00] [RUN     ] ────────────────────────────────────────────────────────────
[2026-04-06 12:54:00] [MACRO   ] BTC $69331 | 7d-high $70243 | zone: no | 4h chg: 0.36%
[2026-04-06 12:54:00] [MACRO   ] SPX $0.29 | 7d-high $0.30 | zone: no
[2026-04-06 12:54:00] [ACCT    ] Value $0.00 | Available $0.00 | Capital used 0.0% / 30%
[2026-04-06 12:54:00] [SHORT   ] BTC not in short zone — skipping
[2026-04-06 12:54:00] [RUN     ] Sleeping 1 min...
[2026-04-06 12:55:00] [RUN     ] ────────────────────────────────────────────────────────────
[2026-04-06 12:55:02] [MACRO   ] BTC $69355 | 7d-high $70243 | zone: no | 4h chg: 0.39%
[2026-04-06 12:55:02] [MACRO   ] SPX $0.29 | 7d-high $0.30 | zone: no
[2026-04-06 12:55:02] [ACCT    ] Value $0.00 | Available $0.00 | Capital used 0.0% / 30%
[2026-04-06 12:55:02] [SHORT   ] BTC not in short zone — skipping
[2026-04-06 12:55:02] [RUN     ] Sleeping 1 min...
[2026-04-06 12:56:02] [RUN     ] ────────────────────────────────────────────────────────────
[2026-04-06 12:56:03] [MACRO   ] BTC $69353 | 7d-high $70243 | zone: no | 4h chg: 0.39%
[2026-04-06 12:56:03] [MACRO   ] SPX $0.29 | 7d-high $0.30 | zone: no
[2026-04-06 12:56:03] [ACCT    ] Value $0.00 | Available $0.00 | Capital used 0.0% / 30%
[2026-04-06 12:56:03] [SHORT   ] BTC not in short zone — skipping
[2026-04-06 12:56:03] [RUN     ] Sleeping 1 min...
[2026-04-06 12:57:03] [RUN     ] ────────────────────────────────────────────────────────────
[2026-04-06 12:57:04] [MACRO   ] BTC $69306 | 7d-high $70243 | zone: no | 4h chg: 0.32%
[2026-04-06 12:57:04] [MACRO   ] SPX $0.29 | 7d-high $0.30 | zone: no
[2026-04-06 12:57:04] [ACCT    ] Value $0.00 | Available $0.00 | Capital used 0.0% / 30%
[2026-04-06 12:57:04] [SHORT   ] BTC not in short zone — skipping
[2026-04-06 12:57:04] [RUN     ] Sleeping 1 min...
[2026-04-06 12:58:04] [RUN     ] ────────────────────────────────────────────────────────────
[2026-04-06 12:58:04] [MACRO   ] BTC $69318 | 7d-high $70243 | zone: no | 4h chg: 0.34%
[2026-04-06 12:58:04] [MACRO   ] SPX $0.29 | 7d-high $0.30 | zone: no
[2026-04-06 12:58:04] [ACCT    ] Value $0.00 | Available $0.00 | Capital used 0.0% / 30%
[2026-04-06 12:58:04] [SHORT   ] BTC not in short zone — skipping
[2026-04-06 12:58:04] [RUN     ] Sleeping 1 min...
[2026-04-06 12:58:06] [RUN     ] ────────────────────────────────────────────────────────────
[2026-04-06 12:58:07] [MACRO   ] BTC $69318 | 7d-high $70243 short-zone: no | 7d-low $65697 long-zone: no | 4h chg: 0.34%
[2026-04-06 12:58:07] [MACRO   ] SPX $0.29 | 7d-high $0.30 | zone: no
[2026-04-06 12:58:07] [ACCT    ] Value $0.00 | Available $0.00 | Capital used 0.0% / 30%
[2026-04-06 12:58:07] [SHORT   ] BTC not in short zone — skipping
[2026-04-06 12:58:07] [LONG    ] BTC — no position & BTC not in long zone — skipping
[2026-04-06 12:58:07] [LONG    ] SOL — no position & BTC not in long zone — skipping
[2026-04-06 12:58:07] [LONG    ] HYPE — no position & BTC not in long zone — skipping
[2026-04-06 12:58:07] [LONG    ] XRP — no position & BTC not in long zone — skipping
[2026-04-06 12:58:07] [RUN     ] Sleeping 5 min...
[2026-04-06 12:59:04] [RUN     ] ────────────────────────────────────────────────────────────
[2026-04-06 12:59:05] [MACRO   ] BTC $69317 | 7d-high $70243 | zone: no | 4h chg: 0.34%
[2026-04-06 12:59:05] [MACRO   ] SPX $0.29 | 7d-high $0.30 | zone: no
[2026-04-06 12:59:05] [ACCT    ] Value $0.00 | Available $0.00 | Capital used 0.0% / 30%
[2026-04-06 12:59:05] [SHORT   ] BTC not in short zone — skipping
[2026-04-06 12:59:05] [RUN     ] Sleeping 1 min...
[2026-04-06 13:00:05] [RUN     ] ────────────────────────────────────────────────────────────
[2026-04-06 13:00:06] [MACRO   ] BTC $69326 | 7d-high $70243 | zone: no | 4h chg: 0.20%
[2026-04-06 13:00:06] [MACRO   ] SPX $0.29 | 7d-high $0.30 | zone: no
[2026-04-06 13:00:06] [ACCT    ] Value $0.00 | Available $0.00 | Capital used 0.0% / 30%
[2026-04-06 13:00:06] [SHORT   ] BTC not in short zone — skipping
[2026-04-06 13:00:06] [RUN     ] Sleeping 1 min...
[2026-04-06 13:01:06] [RUN     ] ────────────────────────────────────────────────────────────
[2026-04-06 13:01:07] [MACRO   ] BTC $69342 | 7d-high $70243 | zone: no | 4h chg: 0.22%
[2026-04-06 13:01:07] [MACRO   ] SPX $0.29 | 7d-high $0.30 | zone: no
[2026-04-06 13:01:07] [ACCT    ] Value $0.00 | Available $0.00 | Capital used 0.0% / 30%
[2026-04-06 13:01:07] [SHORT   ] BTC not in short zone — skipping
[2026-04-06 13:01:07] [RUN     ] Sleeping 1 min...
[2026-04-06 13:02:07] [RUN     ] ────────────────────────────────────────────────────────────
[2026-04-06 13:02:08] [MACRO   ] BTC $69368 | 7d-high $70243 | zone: no | 4h chg: 0.26%
[2026-04-06 13:02:08] [MACRO   ] SPX $0.29 | 7d-high $0.30 | zone: no
[2026-04-06 13:02:08] [ACCT    ] Value $0.00 | Available $0.00 | Capital used 0.0% / 30%
[2026-04-06 13:02:08] [SHORT   ] BTC not in short zone — skipping
[2026-04-06 13:02:08] [RUN     ] Sleeping 1 min...
[2026-04-06 13:03:07] [RUN     ] ────────────────────────────────────────────────────────────
[2026-04-06 13:03:08] [MACRO   ] BTC $69354 | 7d-high $70243 short-zone: no | 7d-low $65697 long-zone: no | 4h chg: 0.24%
[2026-04-06 13:03:08] [MACRO   ] SPX $0.29 | 7d-high $0.30 | zone: no
[2026-04-06 13:03:08] [ACCT    ] Value $0.00 | Available $0.00 | Capital used 0.0% / 30%
[2026-04-06 13:03:08] [SHORT   ] BTC not in short zone — skipping
[2026-04-06 13:03:08] [LONG    ] BTC — no position & BTC not in long zone — skipping
[2026-04-06 13:03:08] [LONG    ] SOL — no position & BTC not in long zone — skipping
[2026-04-06 13:03:08] [LONG    ] HYPE — no position & BTC not in long zone — skipping
[2026-04-06 13:03:08] [LONG    ] XRP — no position & BTC not in long zone — skipping
[2026-04-06 13:03:08] [RUN     ] Sleeping 5 min...
[2026-04-06 13:03:08] [RUN     ] ────────────────────────────────────────────────────────────
[2026-04-06 13:03:08] [MACRO   ] BTC $69354 | 7d-high $70243 | zone: no | 4h chg: 0.24%
[2026-04-06 13:03:08] [MACRO   ] SPX $0.29 | 7d-high $0.30 | zone: no
[2026-04-06 13:03:08] [ACCT    ] Value $0.00 | Available $0.00 | Capital used 0.0% / 30%
[2026-04-06 13:03:08] [SHORT   ] BTC not in short zone — skipping
[2026-04-06 13:03:08] [RUN     ] Sleeping 1 min...
[2026-04-06 13:04:08] [RUN     ] ────────────────────────────────────────────────────────────
[2026-04-06 13:04:09] [MACRO   ] BTC $69408 | 7d-high $70243 | zone: no | 4h chg: 0.32%
[2026-04-06 13:04:09] [MACRO   ] SPX $0.29 | 7d-high $0.30 | zone: no
[2026-04-06 13:04:09] [ACCT    ] Value $0.00 | Available $0.00 | Capital used 0.0% / 30%
[2026-04-06 13:04:09] [SHORT   ] BTC not in short zone — skipping
[2026-04-06 13:04:09] [RUN     ] Sleeping 1 min...
[2026-04-06 13:05:09] [RUN     ] ────────────────────────────────────────────────────────────
[2026-04-06 13:05:10] [MACRO   ] BTC $69406 | 7d-high $70243 | zone: no | 4h chg: 0.31%
[2026-04-06 13:05:10] [MACRO   ] SPX $0.29 | 7d-high $0.30 | zone: no
[2026-04-06 13:05:10] [ACCT    ] Value $0.00 | Available $0.00 | Capital used 0.0% / 30%
[2026-04-06 13:05:10] [SHORT   ] BTC not in short zone — skipping
[2026-04-06 13:05:10] [RUN     ] Sleeping 1 min...
[2026-04-06 13:06:10] [RUN     ] ────────────────────────────────────────────────────────────
[2026-04-06 13:06:11] [MACRO   ] BTC $69398 | 7d-high $70243 | zone: no | 4h chg: 0.29%
[2026-04-06 13:06:11] [MACRO   ] SPX $0.29 | 7d-high $0.30 | zone: no
[2026-04-06 13:06:11] [ACCT    ] Value $0.00 | Available $0.00 | Capital used 0.0% / 30%
[2026-04-06 13:06:11] [SHORT   ] BTC not in short zone — skipping
[2026-04-06 13:06:11] [RUN     ] Sleeping 1 min...
[2026-04-06 13:07:11] [RUN     ] ────────────────────────────────────────────────────────────
[2026-04-06 13:07:12] [MACRO   ] BTC $69390 | 7d-high $70243 | zone: no | 4h chg: 0.29%
[2026-04-06 13:07:12] [MACRO   ] SPX $0.29 | 7d-high $0.30 | zone: no
[2026-04-06 13:07:12] [ACCT    ] Value $0.00 | Available $0.00 | Capital used 0.0% / 30%
[2026-04-06 13:07:12] [SHORT   ] BTC not in short zone — skipping
[2026-04-06 13:07:12] [RUN     ] Sleeping 1 min...
[2026-04-06 13:08:08] [RUN     ] ────────────────────────────────────────────────────────────
[2026-04-06 13:08:08] [MACRO   ] BTC $69376 | 7d-high $70243 short-zone: no | 7d-low $65697 long-zone: no | 4h chg: 0.27%
[2026-04-06 13:08:08] [MACRO   ] SPX $0.29 | 7d-high $0.30 | zone: no
[2026-04-06 13:08:08] [ACCT    ] Value $0.00 | Available $0.00 | Capital used 0.0% / 30%
[2026-04-06 13:08:08] [SHORT   ] BTC not in short zone — skipping
[2026-04-06 13:08:08] [LONG    ] BTC — no position & BTC not in long zone — skipping
[2026-04-06 13:08:08] [LONG    ] SOL — no position & BTC not in long zone — skipping
[2026-04-06 13:08:08] [LONG    ] HYPE — no position & BTC not in long zone — skipping
[2026-04-06 13:08:08] [LONG    ] XRP — no position & BTC not in long zone — skipping
[2026-04-06 13:08:08] [RUN     ] Sleeping 5 min...
[2026-04-06 13:08:12] [RUN     ] ────────────────────────────────────────────────────────────
[2026-04-06 13:08:13] [MACRO   ] BTC $69376 | 7d-high $70243 | zone: no | 4h chg: 0.27%
[2026-04-06 13:08:13] [MACRO   ] SPX $0.29 | 7d-high $0.30 | zone: no
[2026-04-06 13:08:13] [ACCT    ] Value $0.00 | Available $0.00 | Capital used 0.0% / 30%
[2026-04-06 13:08:13] [SHORT   ] BTC not in short zone — skipping
[2026-04-06 13:08:13] [RUN     ] Sleeping 1 min...
[2026-04-06 13:09:13] [RUN     ] ────────────────────────────────────────────────────────────
[2026-04-06 13:09:14] [MACRO   ] BTC $69367 | 7d-high $70243 | zone: no | 4h chg: 0.26%
[2026-04-06 13:09:14] [MACRO   ] SPX $0.29 | 7d-high $0.30 | zone: no
[2026-04-06 13:09:14] [ACCT    ] Value $0.00 | Available $0.00 | Capital used 0.0% / 30%
[2026-04-06 13:09:14] [SHORT   ] BTC not in short zone — skipping
[2026-04-06 13:09:14] [RUN     ] Sleeping 1 min...
[2026-04-06 13:10:14] [RUN     ] ────────────────────────────────────────────────────────────
[2026-04-06 13:10:14] [MACRO   ] BTC $69409 | 7d-high $70243 | zone: no | 4h chg: 0.32%
[2026-04-06 13:10:14] [MACRO   ] SPX $0.29 | 7d-high $0.30 | zone: no
[2026-04-06 13:10:14] [ACCT    ] Value $0.00 | Available $0.00 | Capital used 0.0% / 30%
[2026-04-06 13:10:14] [SHORT   ] BTC not in short zone — skipping
[2026-04-06 13:10:14] [RUN     ] Sleeping 1 min...
[2026-04-06 13:11:14] [RUN     ] ────────────────────────────────────────────────────────────
[2026-04-06 13:11:15] [MACRO   ] BTC $69397 | 7d-high $70243 | zone: no | 4h chg: 0.30%
[2026-04-06 13:11:15] [MACRO   ] SPX $0.29 | 7d-high $0.30 | zone: no
[2026-04-06 13:11:15] [ACCT    ] Value $0.00 | Available $0.00 | Capital used 0.0% / 30%
[2026-04-06 13:11:15] [SHORT   ] BTC not in short zone — skipping
[2026-04-06 13:11:15] [RUN     ] Sleeping 1 min...
[2026-04-06 13:12:15] [RUN     ] ────────────────────────────────────────────────────────────
[2026-04-06 13:12:16] [MACRO   ] BTC $69395 | 7d-high $70243 | zone: no | 4h chg: 0.30%
[2026-04-06 13:12:16] [MACRO   ] SPX $0.29 | 7d-high $0.30 | zone: no
[2026-04-06 13:12:16] [ACCT    ] Value $0.00 | Available $0.00 | Capital used 0.0% / 30%
[2026-04-06 13:12:16] [SHORT   ] BTC not in short zone — skipping
[2026-04-06 13:12:16] [RUN     ] Sleeping 1 min...
[2026-04-06 13:13:08] [RUN     ] ────────────────────────────────────────────────────────────
[2026-04-06 13:13:09] [MACRO   ] BTC $69395 | 7d-high $70243 short-zone: no | 7d-low $65697 long-zone: no | 4h chg: 0.30%
[2026-04-06 13:13:09] [MACRO   ] SPX $0.29 | 7d-high $0.30 | zone: no
[2026-04-06 13:13:09] [ACCT    ] Value $0.00 | Available $0.00 | Capital used 0.0% / 30%
[2026-04-06 13:13:09] [SHORT   ] BTC not in short zone — skipping
[2026-04-06 13:13:09] [LONG    ] BTC — no position & BTC not in long zone — skipping
[2026-04-06 13:13:09] [LONG    ] SOL — no position & BTC not in long zone — skipping
[2026-04-06 13:13:09] [LONG    ] HYPE — no position & BTC not in long zone — skipping
[2026-04-06 13:13:09] [LONG    ] XRP — no position & BTC not in long zone — skipping
[2026-04-06 13:13:09] [RUN     ] Sleeping 5 min...
[2026-04-06 13:13:16] [RUN     ] ────────────────────────────────────────────────────────────
[2026-04-06 13:13:17] [MACRO   ] BTC $69395 | 7d-high $70243 | zone: no | 4h chg: 0.30%
[2026-04-06 13:13:17] [MACRO   ] SPX $0.29 | 7d-high $0.30 | zone: no
[2026-04-06 13:13:17] [ACCT    ] Value $0.00 | Available $0.00 | Capital used 0.0% / 30%
[2026-04-06 13:13:17] [SHORT   ] BTC not in short zone — skipping
[2026-04-06 13:13:17] [RUN     ] Sleeping 1 min...
[2026-04-06 13:14:17] [RUN     ] ────────────────────────────────────────────────────────────
[2026-04-06 13:14:18] [MACRO   ] BTC $69385 | 7d-high $70243 | zone: no | 4h chg: 0.28%
[2026-04-06 13:14:18] [MACRO   ] SPX $0.29 | 7d-high $0.30 | zone: no
[2026-04-06 13:14:18] [ACCT    ] Value $0.00 | Available $0.00 | Capital used 0.0% / 30%
[2026-04-06 13:14:18] [SHORT   ] BTC not in short zone — skipping
[2026-04-06 13:14:18] [RUN     ] Sleeping 1 min...
[2026-04-06 13:15:18] [RUN     ] ────────────────────────────────────────────────────────────
[2026-04-06 13:15:18] [MACRO   ] BTC $69374 | 7d-high $70243 | zone: no | 4h chg: 0.27%
[2026-04-06 13:15:18] [MACRO   ] SPX $0.29 | 7d-high $0.30 | zone: no
[2026-04-06 13:15:18] [ACCT    ] Value $0.00 | Available $0.00 | Capital used 0.0% / 30%
[2026-04-06 13:15:18] [SHORT   ] BTC not in short zone — skipping
[2026-04-06 13:15:18] [RUN     ] Sleeping 1 min...
[2026-04-06 13:16:18] [RUN     ] ────────────────────────────────────────────────────────────
[2026-04-06 13:16:19] [MACRO   ] BTC $69372 | 7d-high $70243 | zone: no | 4h chg: 0.26%
[2026-04-06 13:16:19] [MACRO   ] SPX $0.29 | 7d-high $0.30 | zone: no
[2026-04-06 13:16:19] [ACCT    ] Value $0.00 | Available $0.00 | Capital used 0.0% / 30%
[2026-04-06 13:16:19] [SHORT   ] BTC not in short zone — skipping
[2026-04-06 13:16:19] [RUN     ] Sleeping 1 min...
[2026-04-06 13:17:19] [RUN     ] ────────────────────────────────────────────────────────────
[2026-04-06 13:17:20] [MACRO   ] BTC $69342 | 7d-high $70243 | zone: no | 4h chg: 0.22%
[2026-04-06 13:17:20] [MACRO   ] SPX $0.29 | 7d-high $0.30 | zone: no
[2026-04-06 13:17:20] [ACCT    ] Value $0.00 | Available $0.00 | Capital used 0.0% / 30%
[2026-04-06 13:17:20] [SHORT   ] BTC not in short zone — skipping
[2026-04-06 13:17:20] [RUN     ] Sleeping 1 min...
[2026-04-06 13:18:09] [RUN     ] ────────────────────────────────────────────────────────────
[2026-04-06 13:18:10] [MACRO   ] BTC $69342 | 7d-high $70243 short-zone: no | 7d-low $65697 long-zone: no | 4h chg: 0.22%
[2026-04-06 13:18:10] [MACRO   ] SPX $0.29 | 7d-high $0.30 | zone: no
[2026-04-06 13:18:10] [ACCT    ] Value $0.00 | Available $0.00 | Capital used 0.0% / 30%
[2026-04-06 13:18:10] [SHORT   ] BTC not in short zone — skipping
[2026-04-06 13:18:10] [LONG    ] BTC — no position & BTC not in long zone — skipping
[2026-04-06 13:18:10] [LONG    ] SOL — no position & BTC not in long zone — skipping
[2026-04-06 13:18:10] [LONG    ] HYPE — no position & BTC not in long zone — skipping
[2026-04-06 13:18:10] [LONG    ] XRP — no position & BTC not in long zone — skipping
[2026-04-06 13:18:10] [RUN     ] Sleeping 5 min...
[2026-04-06 13:18:20] [RUN     ] ────────────────────────────────────────────────────────────
[2026-04-06 13:18:21] [MACRO   ] BTC $69334 | 7d-high $70243 | zone: no | 4h chg: 0.21%
[2026-04-06 13:18:21] [MACRO   ] SPX $0.29 | 7d-high $0.30 | zone: no
[2026-04-06 13:18:21] [ACCT    ] Value $0.00 | Available $0.00 | Capital used 0.0% / 30%
[2026-04-06 13:18:21] [SHORT   ] BTC not in short zone — skipping
[2026-04-06 13:18:21] [RUN     ] Sleeping 1 min...
[2026-04-06 13:19:21] [RUN     ] ────────────────────────────────────────────────────────────
[2026-04-06 13:19:21] [MACRO   ] BTC $69315 | 7d-high $70243 | zone: no | 4h chg: 0.18%
[2026-04-06 13:19:21] [MACRO   ] SPX $0.29 | 7d-high $0.30 | zone: no
[2026-04-06 13:19:21] [ACCT    ] Value $0.00 | Available $0.00 | Capital used 0.0% / 30%
[2026-04-06 13:19:21] [SHORT   ] BTC not in short zone — skipping
[2026-04-06 13:19:21] [RUN     ] Sleeping 1 min...
[2026-04-06 13:20:21] [RUN     ] ────────────────────────────────────────────────────────────
[2026-04-06 13:20:22] [MACRO   ] BTC $69338 | 7d-high $70243 | zone: no | 4h chg: 0.21%
[2026-04-06 13:20:22] [MACRO   ] SPX $0.29 | 7d-high $0.30 | zone: no
[2026-04-06 13:20:22] [ACCT    ] Value $0.00 | Available $0.00 | Capital used 0.0% / 30%
[2026-04-06 13:20:22] [SHORT   ] BTC not in short zone — skipping
[2026-04-06 13:20:22] [RUN     ] Sleeping 1 min...
[2026-04-06 13:21:22] [RUN     ] ────────────────────────────────────────────────────────────
[2026-04-06 13:21:24] [MACRO   ] BTC $69322 | 7d-high $70243 | zone: no | 4h chg: 0.19%
[2026-04-06 13:21:24] [MACRO   ] SPX $0.29 | 7d-high $0.30 | zone: no
[2026-04-06 13:21:24] [ACCT    ] Value $0.00 | Available $0.00 | Capital used 0.0% / 30%
[2026-04-06 13:21:24] [SHORT   ] BTC not in short zone — skipping
[2026-04-06 13:21:24] [RUN     ] Sleeping 1 min...
[2026-04-06 13:22:24] [RUN     ] ────────────────────────────────────────────────────────────
[2026-04-06 13:22:24] [MACRO   ] BTC $69348 | 7d-high $70243 | zone: no | 4h chg: 0.23%
[2026-04-06 13:22:24] [MACRO   ] SPX $0.29 | 7d-high $0.30 | zone: no
[2026-04-06 13:22:24] [ACCT    ] Value $0.00 | Available $0.00 | Capital used 0.0% / 30%
[2026-04-06 13:22:24] [SHORT   ] BTC not in short zone — skipping
[2026-04-06 13:22:24] [RUN     ] Sleeping 1 min...
[2026-04-06 13:23:10] [RUN     ] ────────────────────────────────────────────────────────────
[2026-04-06 13:23:11] [MACRO   ] BTC $69317 | 7d-high $70243 short-zone: no | 7d-low $65697 long-zone: no | 4h chg: 0.18%
[2026-04-06 13:23:11] [MACRO   ] SPX $0.29 | 7d-high $0.30 | zone: no
[2026-04-06 13:23:11] [ACCT    ] Value $0.00 | Available $0.00 | Capital used 0.0% / 30%
[2026-04-06 13:23:11] [SHORT   ] BTC not in short zone — skipping
[2026-04-06 13:23:11] [LONG    ] BTC — no position & BTC not in long zone — skipping
[2026-04-06 13:23:11] [LONG    ] SOL — no position & BTC not in long zone — skipping
[2026-04-06 13:23:11] [LONG    ] HYPE — no position & BTC not in long zone — skipping
[2026-04-06 13:23:11] [LONG    ] XRP — no position & BTC not in long zone — skipping
[2026-04-06 13:23:11] [RUN     ] Sleeping 5 min...
[2026-04-06 13:23:24] [RUN     ] ────────────────────────────────────────────────────────────
[2026-04-06 13:23:25] [MACRO   ] BTC $69345 | 7d-high $70243 | zone: no | 4h chg: 0.22%
[2026-04-06 13:23:25] [MACRO   ] SPX $0.29 | 7d-high $0.30 | zone: no
[2026-04-06 13:23:25] [ACCT    ] Value $0.00 | Available $0.00 | Capital used 0.0% / 30%
[2026-04-06 13:23:25] [SHORT   ] BTC not in short zone — skipping
[2026-04-06 13:23:25] [RUN     ] Sleeping 1 min...
[2026-04-06 13:24:25] [RUN     ] ────────────────────────────────────────────────────────────
[2026-04-06 13:24:26] [MACRO   ] BTC $69373 | 7d-high $70243 | zone: no | 4h chg: 0.27%
[2026-04-06 13:24:26] [MACRO   ] SPX $0.29 | 7d-high $0.30 | zone: no
[2026-04-06 13:24:26] [ACCT    ] Value $0.00 | Available $0.00 | Capital used 0.0% / 30%
[2026-04-06 13:24:26] [SHORT   ] BTC not in short zone — skipping
[2026-04-06 13:24:26] [RUN     ] Sleeping 1 min...
[2026-04-06 13:25:26] [RUN     ] ────────────────────────────────────────────────────────────
[2026-04-06 13:25:27] [MACRO   ] BTC $69407 | 7d-high $70243 | zone: no | 4h chg: 0.30%
[2026-04-06 13:25:27] [MACRO   ] SPX $0.29 | 7d-high $0.30 | zone: no
[2026-04-06 13:25:27] [ACCT    ] Value $0.00 | Available $0.00 | Capital used 0.0% / 30%
[2026-04-06 13:25:27] [SHORT   ] BTC not in short zone — skipping
[2026-04-06 13:25:27] [RUN     ] Sleeping 1 min...
[2026-04-06 13:26:27] [RUN     ] ────────────────────────────────────────────────────────────
[2026-04-06 13:26:28] [MACRO   ] BTC $69446 | 7d-high $70243 | zone: no | 4h chg: 0.37%
[2026-04-06 13:26:28] [MACRO   ] SPX $0.29 | 7d-high $0.30 | zone: no
[2026-04-06 13:26:28] [ACCT    ] Value $0.00 | Available $0.00 | Capital used 0.0% / 30%
[2026-04-06 13:26:28] [SHORT   ] BTC not in short zone — skipping
[2026-04-06 13:26:28] [RUN     ] Sleeping 1 min...
[2026-04-06 13:27:28] [RUN     ] ────────────────────────────────────────────────────────────
[2026-04-06 13:27:28] [MACRO   ] BTC $69429 | 7d-high $70243 | zone: no | 4h chg: 0.35%
[2026-04-06 13:27:28] [MACRO   ] SPX $0.29 | 7d-high $0.30 | zone: no
[2026-04-06 13:27:28] [ACCT    ] Value $0.00 | Available $0.00 | Capital used 0.0% / 30%
[2026-04-06 13:27:28] [SHORT   ] BTC not in short zone — skipping
[2026-04-06 13:27:28] [RUN     ] Sleeping 1 min...
[2026-04-06 13:28:11] [RUN     ] ────────────────────────────────────────────────────────────
[2026-04-06 13:28:12] [MACRO   ] BTC $69423 | 7d-high $70243 short-zone: no | 7d-low $65697 long-zone: no | 4h chg: 0.34%
[2026-04-06 13:28:12] [MACRO   ] SPX $0.29 | 7d-high $0.30 | zone: no
[2026-04-06 13:28:12] [ACCT    ] Value $0.00 | Available $0.00 | Capital used 0.0% / 30%
[2026-04-06 13:28:12] [SHORT   ] BTC not in short zone — skipping
[2026-04-06 13:28:12] [LONG    ] BTC — no position & BTC not in long zone — skipping
[2026-04-06 13:28:12] [LONG    ] SOL — no position & BTC not in long zone — skipping
[2026-04-06 13:28:12] [LONG    ] HYPE — no position & BTC not in long zone — skipping
[2026-04-06 13:28:12] [LONG    ] XRP — no position & BTC not in long zone — skipping
[2026-04-06 13:28:12] [RUN     ] Sleeping 5 min...
[2026-04-06 13:28:28] [RUN     ] ────────────────────────────────────────────────────────────
[2026-04-06 13:28:29] [MACRO   ] BTC $69428 | 7d-high $70243 | zone: no | 4h chg: 0.35%
[2026-04-06 13:28:29] [MACRO   ] SPX $0.29 | 7d-high $0.30 | zone: no
[2026-04-06 13:28:29] [ACCT    ] Value $0.00 | Available $0.00 | Capital used 0.0% / 30%
[2026-04-06 13:28:29] [SHORT   ] BTC not in short zone — skipping
[2026-04-06 13:28:29] [RUN     ] Sleeping 1 min...
[2026-04-06 13:29:29] [RUN     ] ────────────────────────────────────────────────────────────
[2026-04-06 13:29:30] [MACRO   ] BTC $69423 | 7d-high $70243 | zone: no | 4h chg: 0.34%
[2026-04-06 13:29:30] [MACRO   ] SPX $0.29 | 7d-high $0.30 | zone: no
[2026-04-06 13:29:30] [ACCT    ] Value $0.00 | Available $0.00 | Capital used 0.0% / 30%
[2026-04-06 13:29:30] [SHORT   ] BTC not in short zone — skipping
[2026-04-06 13:29:30] [RUN     ] Sleeping 1 min...
[2026-04-06 13:30:30] [RUN     ] ────────────────────────────────────────────────────────────
[2026-04-06 13:30:30] [MACRO   ] BTC $69415 | 7d-high $70243 | zone: no | 4h chg: 0.33%
[2026-04-06 13:30:30] [MACRO   ] SPX $0.29 | 7d-high $0.30 | zone: no
[2026-04-06 13:30:30] [ACCT    ] Value $0.00 | Available $0.00 | Capital used 0.0% / 30%
[2026-04-06 13:30:30] [SHORT   ] BTC not in short zone — skipping
[2026-04-06 13:30:30] [RUN     ] Sleeping 1 min...
[2026-04-06 13:31:30] [RUN     ] ────────────────────────────────────────────────────────────
[2026-04-06 13:31:31] [MACRO   ] BTC $69478 | 7d-high $70243 | zone: no | 4h chg: 0.42%
[2026-04-06 13:31:31] [MACRO   ] SPX $0.29 | 7d-high $0.30 | zone: no
[2026-04-06 13:31:31] [ACCT    ] Value $0.00 | Available $0.00 | Capital used 0.0% / 30%
[2026-04-06 13:31:31] [SHORT   ] BTC not in short zone — skipping
[2026-04-06 13:31:31] [RUN     ] Sleeping 1 min...
[2026-04-06 13:32:31] [RUN     ] ────────────────────────────────────────────────────────────
[2026-04-06 13:32:32] [MACRO   ] BTC $69374 | 7d-high $70243 | zone: no | 4h chg: 0.27%
[2026-04-06 13:32:32] [MACRO   ] SPX $0.29 | 7d-high $0.30 | zone: no
[2026-04-06 13:32:32] [ACCT    ] Value $0.00 | Available $0.00 | Capital used 0.0% / 30%
[2026-04-06 13:32:32] [SHORT   ] BTC not in short zone — skipping
[2026-04-06 13:32:32] [RUN     ] Sleeping 1 min...
[2026-04-06 13:33:12] [RUN     ] ────────────────────────────────────────────────────────────
[2026-04-06 13:33:12] [MACRO   ] BTC $69376 | 7d-high $70243 short-zone: no | 7d-low $65697 long-zone: no | 4h chg: 0.27%
[2026-04-06 13:33:12] [MACRO   ] SPX $0.29 | 7d-high $0.30 | zone: no
[2026-04-06 13:33:12] [ACCT    ] Value $0.00 | Available $0.00 | Capital used 0.0% / 30%
[2026-04-06 13:33:12] [SHORT   ] BTC not in short zone — skipping
[2026-04-06 13:33:12] [LONG    ] BTC — no position & BTC not in long zone — skipping
[2026-04-06 13:33:12] [LONG    ] SOL — no position & BTC not in long zone — skipping
[2026-04-06 13:33:12] [LONG    ] HYPE — no position & BTC not in long zone — skipping
[2026-04-06 13:33:12] [LONG    ] XRP — no position & BTC not in long zone — skipping
[2026-04-06 13:33:12] [RUN     ] Sleeping 5 min...
[2026-04-06 13:33:32] [RUN     ] ────────────────────────────────────────────────────────────
[2026-04-06 13:33:33] [MACRO   ] BTC $69426 | 7d-high $70243 | zone: no | 4h chg: 0.35%
[2026-04-06 13:33:33] [MACRO   ] SPX $0.29 | 7d-high $0.30 | zone: no
[2026-04-06 13:33:33] [ACCT    ] Value $0.00 | Available $0.00 | Capital used 0.0% / 30%
[2026-04-06 13:33:33] [SHORT   ] BTC not in short zone — skipping
[2026-04-06 13:33:33] [RUN     ] Sleeping 1 min...
[2026-04-06 13:34:33] [RUN     ] ────────────────────────────────────────────────────────────
[2026-04-06 13:34:34] [MACRO   ] BTC $69432 | 7d-high $70243 | zone: no | 4h chg: 0.35%
[2026-04-06 13:34:34] [MACRO   ] SPX $0.29 | 7d-high $0.30 | zone: no
[2026-04-06 13:34:34] [ACCT    ] Value $0.00 | Available $0.00 | Capital used 0.0% / 30%
[2026-04-06 13:34:34] [SHORT   ] BTC not in short zone — skipping
[2026-04-06 13:34:34] [RUN     ] Sleeping 1 min...
[2026-04-06 13:35:34] [RUN     ] ────────────────────────────────────────────────────────────
[2026-04-06 13:35:35] [MACRO   ] BTC $69480 | 7d-high $70243 | zone: no | 4h chg: 0.42%
[2026-04-06 13:35:35] [MACRO   ] SPX $0.29 | 7d-high $0.30 | zone: no
[2026-04-06 13:35:35] [ACCT    ] Value $0.00 | Available $0.00 | Capital used 0.0% / 30%
[2026-04-06 13:35:35] [SHORT   ] BTC not in short zone — skipping
[2026-04-06 13:35:35] [RUN     ] Sleeping 1 min...
[2026-04-06 13:36:35] [RUN     ] ────────────────────────────────────────────────────────────
[2026-04-06 13:36:36] [MACRO   ] BTC $69341 | 7d-high $70243 | zone: no | 4h chg: 0.22%
[2026-04-06 13:36:36] [MACRO   ] SPX $0.29 | 7d-high $0.30 | zone: no
[2026-04-06 13:36:36] [ACCT    ] Value $0.00 | Available $0.00 | Capital used 0.0% / 30%
[2026-04-06 13:36:36] [SHORT   ] BTC not in short zone — skipping
[2026-04-06 13:36:36] [RUN     ] Sleeping 1 min...
[2026-04-06 13:37:36] [RUN     ] ────────────────────────────────────────────────────────────
[2026-04-06 13:37:36] [MACRO   ] BTC $69204 | 7d-high $70243 | zone: no | 4h chg: 0.02%
[2026-04-06 13:37:36] [MACRO   ] SPX $0.29 | 7d-high $0.30 | zone: no
[2026-04-06 13:37:36] [ACCT    ] Value $0.00 | Available $0.00 | Capital used 0.0% / 30%
[2026-04-06 13:37:36] [SHORT   ] BTC not in short zone — skipping
[2026-04-06 13:37:36] [RUN     ] Sleeping 1 min...
[2026-04-06 13:38:12] [RUN     ] ────────────────────────────────────────────────────────────
[2026-04-06 13:38:13] [MACRO   ] BTC $69270 | 7d-high $70243 short-zone: no | 7d-low $65697 long-zone: no | 4h chg: 0.11%
[2026-04-06 13:38:13] [MACRO   ] SPX $0.29 | 7d-high $0.30 | zone: no
[2026-04-06 13:38:13] [ACCT    ] Value $0.00 | Available $0.00 | Capital used 0.0% / 30%
[2026-04-06 13:38:13] [SHORT   ] BTC not in short zone — skipping
[2026-04-06 13:38:13] [LONG    ] BTC — no position & BTC not in long zone — skipping
[2026-04-06 13:38:13] [LONG    ] SOL — no position & BTC not in long zone — skipping
[2026-04-06 13:38:13] [LONG    ] HYPE — no position & BTC not in long zone — skipping
[2026-04-06 13:38:13] [LONG    ] XRP — no position & BTC not in long zone — skipping
[2026-04-06 13:38:13] [RUN     ] Sleeping 5 min...
[2026-04-06 13:38:36] [RUN     ] ────────────────────────────────────────────────────────────
[2026-04-06 13:38:37] [MACRO   ] BTC $69247 | 7d-high $70243 | zone: no | 4h chg: 0.08%
[2026-04-06 13:38:37] [MACRO   ] SPX $0.29 | 7d-high $0.30 | zone: no
[2026-04-06 13:38:37] [ACCT    ] Value $0.00 | Available $0.00 | Capital used 0.0% / 30%
[2026-04-06 13:38:37] [SHORT   ] BTC not in short zone — skipping
[2026-04-06 13:38:37] [RUN     ] Sleeping 1 min...
[2026-04-06 13:39:37] [RUN     ] ────────────────────────────────────────────────────────────
[2026-04-06 13:39:38] [MACRO   ] BTC $69297 | 7d-high $70243 | zone: no | 4h chg: 0.15%
[2026-04-06 13:39:38] [MACRO   ] SPX $0.29 | 7d-high $0.30 | zone: no
[2026-04-06 13:39:38] [ACCT    ] Value $0.00 | Available $0.00 | Capital used 0.0% / 30%
[2026-04-06 13:39:38] [SHORT   ] BTC not in short zone — skipping
[2026-04-06 13:39:38] [RUN     ] Sleeping 1 min...
[2026-04-06 13:40:38] [RUN     ] ────────────────────────────────────────────────────────────
[2026-04-06 13:40:39] [MACRO   ] BTC $69228 | 7d-high $70243 | zone: no | 4h chg: 0.05%
[2026-04-06 13:40:39] [MACRO   ] SPX $0.29 | 7d-high $0.30 | zone: no
[2026-04-06 13:40:39] [ACCT    ] Value $0.00 | Available $0.00 | Capital used 0.0% / 30%
[2026-04-06 13:40:39] [SHORT   ] BTC not in short zone — skipping
[2026-04-06 13:40:39] [RUN     ] Sleeping 1 min...
[2026-04-06 13:41:39] [RUN     ] ────────────────────────────────────────────────────────────
[2026-04-06 13:41:39] [MACRO   ] BTC $69270 | 7d-high $70243 | zone: no | 4h chg: 0.12%
[2026-04-06 13:41:39] [MACRO   ] SPX $0.29 | 7d-high $0.30 | zone: no
[2026-04-06 13:41:39] [ACCT    ] Value $0.00 | Available $0.00 | Capital used 0.0% / 30%
[2026-04-06 13:41:39] [SHORT   ] BTC not in short zone — skipping
[2026-04-06 13:41:39] [RUN     ] Sleeping 1 min...
[2026-04-06 13:42:39] [RUN     ] ────────────────────────────────────────────────────────────
[2026-04-06 13:42:40] [MACRO   ] BTC $69279 | 7d-high $70243 | zone: no | 4h chg: 0.13%
[2026-04-06 13:42:40] [MACRO   ] SPX $0.29 | 7d-high $0.30 | zone: no
[2026-04-06 13:42:40] [ACCT    ] Value $0.00 | Available $0.00 | Capital used 0.0% / 30%
[2026-04-06 13:42:40] [SHORT   ] BTC not in short zone — skipping
[2026-04-06 13:42:40] [RUN     ] Sleeping 1 min...
[2026-04-06 13:43:13] [RUN     ] ────────────────────────────────────────────────────────────
[2026-04-06 13:43:14] [MACRO   ] BTC $69348 | 7d-high $70243 short-zone: no | 7d-low $65697 long-zone: no | 4h chg: 0.23%
[2026-04-06 13:43:14] [MACRO   ] SPX $0.29 | 7d-high $0.30 | zone: no
[2026-04-06 13:43:14] [ACCT    ] Value $0.00 | Available $0.00 | Capital used 0.0% / 30%
[2026-04-06 13:43:14] [SHORT   ] BTC not in short zone — skipping
[2026-04-06 13:43:14] [LONG    ] BTC — no position & BTC not in long zone — skipping
[2026-04-06 13:43:14] [LONG    ] SOL — no position & BTC not in long zone — skipping
[2026-04-06 13:43:14] [LONG    ] HYPE — no position & BTC not in long zone — skipping
[2026-04-06 13:43:14] [LONG    ] XRP — no position & BTC not in long zone — skipping
[2026-04-06 13:43:14] [RUN     ] Sleeping 5 min...
[2026-04-06 13:43:40] [RUN     ] ────────────────────────────────────────────────────────────
[2026-04-06 13:43:41] [MACRO   ] BTC $69366 | 7d-high $70243 | zone: no | 4h chg: 0.24%
[2026-04-06 13:43:41] [MACRO   ] SPX $0.29 | 7d-high $0.30 | zone: no
[2026-04-06 13:43:41] [ACCT    ] Value $0.00 | Available $0.00 | Capital used 0.0% / 30%
[2026-04-06 13:43:41] [SHORT   ] BTC not in short zone — skipping
[2026-04-06 13:43:41] [RUN     ] Sleeping 1 min...
[2026-04-06 13:44:41] [RUN     ] ────────────────────────────────────────────────────────────
[2026-04-06 13:44:42] [MACRO   ] BTC $69282 | 7d-high $70243 | zone: no | 4h chg: 0.13%
[2026-04-06 13:44:42] [MACRO   ] SPX $0.29 | 7d-high $0.30 | zone: no
[2026-04-06 13:44:42] [ACCT    ] Value $0.00 | Available $0.00 | Capital used 0.0% / 30%
[2026-04-06 13:44:42] [SHORT   ] BTC not in short zone — skipping
[2026-04-06 13:44:42] [RUN     ] Sleeping 1 min...
[2026-04-06 13:45:42] [RUN     ] ────────────────────────────────────────────────────────────
[2026-04-06 13:45:43] [MACRO   ] BTC $69230 | 7d-high $70243 | zone: no | 4h chg: 0.07%
[2026-04-06 13:45:43] [MACRO   ] SPX $0.29 | 7d-high $0.30 | zone: no
[2026-04-06 13:45:43] [ACCT    ] Value $0.00 | Available $0.00 | Capital used 0.0% / 30%
[2026-04-06 13:45:43] [SHORT   ] BTC not in short zone — skipping
[2026-04-06 13:45:43] [RUN     ] Sleeping 1 min...
[2026-04-06 13:46:43] [RUN     ] ────────────────────────────────────────────────────────────
[2026-04-06 13:46:43] [MACRO   ] BTC $69322 | 7d-high $70243 | zone: no | 4h chg: 0.19%
[2026-04-06 13:46:43] [MACRO   ] SPX $0.29 | 7d-high $0.30 | zone: no
[2026-04-06 13:46:43] [ACCT    ] Value $0.00 | Available $0.00 | Capital used 0.0% / 30%
[2026-04-06 13:46:43] [SHORT   ] BTC not in short zone — skipping
[2026-04-06 13:46:43] [RUN     ] Sleeping 1 min...
[2026-04-06 13:47:43] [RUN     ] ────────────────────────────────────────────────────────────
[2026-04-06 13:47:44] [MACRO   ] BTC $69346 | 7d-high $70243 | zone: no | 4h chg: 0.23%
[2026-04-06 13:47:44] [MACRO   ] SPX $0.29 | 7d-high $0.30 | zone: no
[2026-04-06 13:47:44] [ACCT    ] Value $0.00 | Available $0.00 | Capital used 0.0% / 30%
[2026-04-06 13:47:44] [SHORT   ] BTC not in short zone — skipping
[2026-04-06 13:47:44] [RUN     ] Sleeping 1 min...
[2026-04-06 13:48:14] [RUN     ] ────────────────────────────────────────────────────────────
[2026-04-06 13:48:15] [MACRO   ] BTC $69276 | 7d-high $70243 short-zone: no | 7d-low $65697 long-zone: no | 4h chg: 0.14%
[2026-04-06 13:48:15] [MACRO   ] SPX $0.29 | 7d-high $0.30 | zone: no
[2026-04-06 13:48:15] [ACCT    ] Value $0.00 | Available $0.00 | Capital used 0.0% / 30%
[2026-04-06 13:48:15] [SHORT   ] BTC not in short zone — skipping
[2026-04-06 13:48:15] [LONG    ] BTC — no position & BTC not in long zone — skipping
[2026-04-06 13:48:15] [LONG    ] SOL — no position & BTC not in long zone — skipping
[2026-04-06 13:48:15] [LONG    ] HYPE — no position & BTC not in long zone — skipping
[2026-04-06 13:48:15] [LONG    ] XRP — no position & BTC not in long zone — skipping
[2026-04-06 13:48:15] [RUN     ] Sleeping 5 min...
[2026-04-06 13:48:44] [RUN     ] ────────────────────────────────────────────────────────────
[2026-04-06 13:48:45] [MACRO   ] BTC $69265 | 7d-high $70243 | zone: no | 4h chg: 0.11%
[2026-04-06 13:48:45] [MACRO   ] SPX $0.29 | 7d-high $0.30 | zone: no
[2026-04-06 13:48:45] [ACCT    ] Value $0.00 | Available $0.00 | Capital used 0.0% / 30%
[2026-04-06 13:48:45] [SHORT   ] BTC not in short zone — skipping
[2026-04-06 13:48:45] [RUN     ] Sleeping 1 min...
[2026-04-06 13:49:45] [RUN     ] ────────────────────────────────────────────────────────────
[2026-04-06 13:49:46] [MACRO   ] BTC $69315 | 7d-high $70243 | zone: no | 4h chg: 0.18%
[2026-04-06 13:49:46] [MACRO   ] SPX $0.29 | 7d-high $0.30 | zone: no
[2026-04-06 13:49:46] [ACCT    ] Value $0.00 | Available $0.00 | Capital used 0.0% / 30%
[2026-04-06 13:49:46] [SHORT   ] BTC not in short zone — skipping
[2026-04-06 13:49:46] [RUN     ] Sleeping 1 min...
[2026-04-06 13:50:46] [RUN     ] ────────────────────────────────────────────────────────────
[2026-04-06 13:50:47] [MACRO   ] BTC $69363 | 7d-high $70243 | zone: no | 4h chg: 0.25%
[2026-04-06 13:50:47] [MACRO   ] SPX $0.29 | 7d-high $0.30 | zone: no
[2026-04-06 13:50:47] [ACCT    ] Value $0.00 | Available $0.00 | Capital used 0.0% / 30%
[2026-04-06 13:50:47] [SHORT   ] BTC not in short zone — skipping
[2026-04-06 13:50:47] [RUN     ] Sleeping 1 min...
[2026-04-06 13:51:47] [RUN     ] ────────────────────────────────────────────────────────────
[2026-04-06 13:51:48] [MACRO   ] BTC $69390 | 7d-high $70243 | zone: no | 4h chg: 0.29%
[2026-04-06 13:51:48] [MACRO   ] SPX $0.29 | 7d-high $0.30 | zone: no
[2026-04-06 13:51:48] [ACCT    ] Value $0.00 | Available $0.00 | Capital used 0.0% / 30%
[2026-04-06 13:51:48] [SHORT   ] BTC not in short zone — skipping
[2026-04-06 13:51:48] [RUN     ] Sleeping 1 min...
[2026-04-06 13:52:48] [RUN     ] ────────────────────────────────────────────────────────────
[2026-04-06 13:52:49] [MACRO   ] BTC $69411 | 7d-high $70243 | zone: no | 4h chg: 0.32%
[2026-04-06 13:52:49] [MACRO   ] SPX $0.29 | 7d-high $0.30 | zone: no
[2026-04-06 13:52:49] [ACCT    ] Value $0.00 | Available $0.00 | Capital used 0.0% / 30%
[2026-04-06 13:52:49] [SHORT   ] BTC not in short zone — skipping
[2026-04-06 13:52:49] [RUN     ] Sleeping 1 min...
[2026-04-06 13:53:15] [RUN     ] ────────────────────────────────────────────────────────────
[2026-04-06 13:53:16] [MACRO   ] BTC $69341 | 7d-high $70243 short-zone: no | 7d-low $65697 long-zone: no | 4h chg: 0.23%
[2026-04-06 13:53:16] [MACRO   ] SPX $0.29 | 7d-high $0.30 | zone: no
[2026-04-06 13:53:16] [ACCT    ] Value $0.00 | Available $0.00 | Capital used 0.0% / 30%
[2026-04-06 13:53:16] [SHORT   ] BTC not in short zone — skipping
[2026-04-06 13:53:16] [LONG    ] BTC — no position & BTC not in long zone — skipping
[2026-04-06 13:53:16] [LONG    ] SOL — no position & BTC not in long zone — skipping
[2026-04-06 13:53:16] [LONG    ] HYPE — no position & BTC not in long zone — skipping
[2026-04-06 13:53:16] [LONG    ] XRP — no position & BTC not in long zone — skipping
[2026-04-06 13:53:16] [RUN     ] Sleeping 5 min...
[2026-04-06 13:53:49] [RUN     ] ────────────────────────────────────────────────────────────
[2026-04-06 13:53:49] [MACRO   ] BTC $69384 | 7d-high $70243 | zone: no | 4h chg: 0.28%
[2026-04-06 13:53:49] [MACRO   ] SPX $0.29 | 7d-high $0.30 | zone: no
[2026-04-06 13:53:49] [ACCT    ] Value $0.00 | Available $0.00 | Capital used 0.0% / 30%
[2026-04-06 13:53:49] [SHORT   ] BTC not in short zone — skipping
[2026-04-06 13:53:49] [RUN     ] Sleeping 1 min...
[2026-04-06 13:54:49] [RUN     ] ────────────────────────────────────────────────────────────
[2026-04-06 13:54:50] [MACRO   ] BTC $69408 | 7d-high $70243 | zone: no | 4h chg: 0.32%
[2026-04-06 13:54:50] [MACRO   ] SPX $0.29 | 7d-high $0.30 | zone: no
[2026-04-06 13:54:50] [ACCT    ] Value $0.00 | Available $0.00 | Capital used 0.0% / 30%
[2026-04-06 13:54:50] [SHORT   ] BTC not in short zone — skipping
[2026-04-06 13:54:50] [RUN     ] Sleeping 1 min...
[2026-04-06 13:55:50] [RUN     ] ────────────────────────────────────────────────────────────
[2026-04-06 13:55:51] [MACRO   ] BTC $69358 | 7d-high $70243 | zone: no | 4h chg: 0.24%
[2026-04-06 13:55:51] [MACRO   ] SPX $0.29 | 7d-high $0.30 | zone: no
[2026-04-06 13:55:51] [ACCT    ] Value $0.00 | Available $0.00 | Capital used 0.0% / 30%
[2026-04-06 13:55:51] [SHORT   ] BTC not in short zone — skipping
[2026-04-06 13:55:51] [RUN     ] Sleeping 1 min...
[2026-04-06 13:56:51] [RUN     ] ────────────────────────────────────────────────────────────
[2026-04-06 13:56:52] [MACRO   ] BTC $69360 | 7d-high $70243 | zone: no | 4h chg: 0.25%
[2026-04-06 13:56:52] [MACRO   ] SPX $0.29 | 7d-high $0.30 | zone: no
[2026-04-06 13:56:52] [ACCT    ] Value $0.00 | Available $0.00 | Capital used 0.0% / 30%
[2026-04-06 13:56:52] [SHORT   ] BTC not in short zone — skipping
[2026-04-06 13:56:52] [RUN     ] Sleeping 1 min...
[2026-04-06 13:57:52] [RUN     ] ────────────────────────────────────────────────────────────
[2026-04-06 13:57:52] [MACRO   ] BTC $69378 | 7d-high $70243 | zone: no | 4h chg: 0.27%
[2026-04-06 13:57:52] [MACRO   ] SPX $0.29 | 7d-high $0.30 | zone: no
[2026-04-06 13:57:52] [ACCT    ] Value $0.00 | Available $0.00 | Capital used 0.0% / 30%
[2026-04-06 13:57:52] [SHORT   ] BTC not in short zone — skipping
[2026-04-06 13:57:52] [RUN     ] Sleeping 1 min...
[2026-04-06 13:58:16] [RUN     ] ────────────────────────────────────────────────────────────
[2026-04-06 13:58:17] [MACRO   ] BTC $69372 | 7d-high $70243 short-zone: no | 7d-low $65697 long-zone: no | 4h chg: 0.25%
[2026-04-06 13:58:17] [MACRO   ] SPX $0.29 | 7d-high $0.30 | zone: no
[2026-04-06 13:58:17] [ACCT    ] Value $0.00 | Available $0.00 | Capital used 0.0% / 30%
[2026-04-06 13:58:17] [SHORT   ] BTC not in short zone — skipping
[2026-04-06 13:58:17] [LONG    ] BTC — no position & BTC not in long zone — skipping
[2026-04-06 13:58:17] [LONG    ] SOL — no position & BTC not in long zone — skipping
[2026-04-06 13:58:17] [LONG    ] HYPE — no position & BTC not in long zone — skipping
[2026-04-06 13:58:17] [LONG    ] XRP — no position & BTC not in long zone — skipping
[2026-04-06 13:58:17] [RUN     ] Sleeping 5 min...
[2026-04-06 13:58:52] [RUN     ] ────────────────────────────────────────────────────────────
[2026-04-06 13:58:53] [MACRO   ] BTC $69323 | 7d-high $70243 | zone: no | 4h chg: 0.19%
[2026-04-06 13:58:53] [MACRO   ] SPX $0.29 | 7d-high $0.30 | zone: no
[2026-04-06 13:58:53] [ACCT    ] Value $0.00 | Available $0.00 | Capital used 0.0% / 30%
[2026-04-06 13:58:53] [SHORT   ] BTC not in short zone — skipping
[2026-04-06 13:58:53] [RUN     ] Sleeping 1 min...
[2026-04-06 13:59:53] [RUN     ] ────────────────────────────────────────────────────────────
[2026-04-06 13:59:54] [MACRO   ] BTC $69358 | 7d-high $70243 | zone: no | 4h chg: 0.24%
[2026-04-06 13:59:54] [MACRO   ] SPX $0.29 | 7d-high $0.30 | zone: no
[2026-04-06 13:59:54] [ACCT    ] Value $0.00 | Available $0.00 | Capital used 0.0% / 30%
[2026-04-06 13:59:54] [SHORT   ] BTC not in short zone — skipping
[2026-04-06 13:59:54] [RUN     ] Sleeping 1 min...
[2026-04-06 14:00:54] [RUN     ] ────────────────────────────────────────────────────────────
[2026-04-06 14:00:54] [MACRO   ] BTC $69409 | 7d-high $70243 | zone: no | 4h chg: -0.41%
[2026-04-06 14:00:54] [MACRO   ] SPX $0.29 | 7d-high $0.30 | zone: no
[2026-04-06 14:00:54] [ACCT    ] Value $0.00 | Available $0.00 | Capital used 0.0% / 30%
[2026-04-06 14:00:54] [SHORT   ] BTC not in short zone — skipping
[2026-04-06 14:00:54] [RUN     ] Sleeping 1 min...
[2026-04-06 14:01:54] [RUN     ] ────────────────────────────────────────────────────────────
[2026-04-06 14:01:55] [MACRO   ] BTC $69315 | 7d-high $70243 | zone: no | 4h chg: -0.56%
[2026-04-06 14:01:55] [MACRO   ] SPX $0.29 | 7d-high $0.30 | zone: no
[2026-04-06 14:01:55] [ACCT    ] Value $0.00 | Available $0.00 | Capital used 0.0% / 30%
[2026-04-06 14:01:55] [SHORT   ] BTC not in short zone — skipping
[2026-04-06 14:01:55] [RUN     ] Sleeping 1 min...
[2026-04-06 14:02:55] [RUN     ] ────────────────────────────────────────────────────────────
[2026-04-06 14:02:57] [MACRO   ] BTC $69292 | 7d-high $70243 | zone: no | 4h chg: -0.60%
[2026-04-06 14:02:57] [MACRO   ] SPX $0.29 | 7d-high $0.30 | zone: no
[2026-04-06 14:02:57] [ACCT    ] Value $0.00 | Available $0.00 | Capital used 0.0% / 30%
[2026-04-06 14:02:57] [SHORT   ] BTC not in short zone — skipping
[2026-04-06 14:02:57] [RUN     ] Sleeping 1 min...
[2026-04-06 14:03:17] [RUN     ] ────────────────────────────────────────────────────────────
[2026-04-06 14:03:18] [MACRO   ] BTC $69280 | 7d-high $70243 short-zone: no | 7d-low $65697 long-zone: no | 4h chg: -0.62%
[2026-04-06 14:03:18] [MACRO   ] SPX $0.29 | 7d-high $0.30 | zone: no
[2026-04-06 14:03:18] [ACCT    ] Value $0.00 | Available $0.00 | Capital used 0.0% / 30%
[2026-04-06 14:03:18] [SHORT   ] BTC not in short zone — skipping
[2026-04-06 14:03:18] [LONG    ] BTC — no position & BTC not in long zone — skipping
[2026-04-06 14:03:18] [LONG    ] SOL — no position & BTC not in long zone — skipping
[2026-04-06 14:03:18] [LONG    ] HYPE — no position & BTC not in long zone — skipping
[2026-04-06 14:03:18] [LONG    ] XRP — no position & BTC not in long zone — skipping
[2026-04-06 14:03:18] [RUN     ] Sleeping 5 min...
[2026-04-06 14:03:57] [RUN     ] ────────────────────────────────────────────────────────────
[2026-04-06 14:03:58] [MACRO   ] BTC $69274 | 7d-high $70243 | zone: no | 4h chg: -0.61%
[2026-04-06 14:03:58] [MACRO   ] SPX $0.29 | 7d-high $0.30 | zone: no
[2026-04-06 14:03:58] [ACCT    ] Value $0.00 | Available $0.00 | Capital used 0.0% / 30%
[2026-04-06 14:03:58] [SHORT   ] BTC not in short zone — skipping
[2026-04-06 14:03:58] [RUN     ] Sleeping 1 min...
[2026-04-06 14:04:58] [RUN     ] ────────────────────────────────────────────────────────────
[2026-04-06 14:04:59] [MACRO   ] BTC $69175 | 7d-high $70243 | zone: no | 4h chg: -0.73%
[2026-04-06 14:04:59] [MACRO   ] SPX $0.29 | 7d-high $0.30 | zone: no
[2026-04-06 14:04:59] [ACCT    ] Value $0.00 | Available $0.00 | Capital used 0.0% / 30%
[2026-04-06 14:04:59] [SHORT   ] BTC not in short zone — skipping
[2026-04-06 14:04:59] [RUN     ] Sleeping 1 min...
[2026-04-06 14:05:59] [RUN     ] ────────────────────────────────────────────────────────────
[2026-04-06 14:05:59] [MACRO   ] BTC $69177 | 7d-high $70243 | zone: no | 4h chg: -0.75%
[2026-04-06 14:05:59] [MACRO   ] SPX $0.29 | 7d-high $0.30 | zone: no
[2026-04-06 14:05:59] [ACCT    ] Value $0.00 | Available $0.00 | Capital used 0.0% / 30%
[2026-04-06 14:05:59] [SHORT   ] BTC not in short zone — skipping
[2026-04-06 14:05:59] [RUN     ] Sleeping 1 min...
[2026-04-06 14:06:59] [RUN     ] ────────────────────────────────────────────────────────────
[2026-04-06 14:07:00] [MACRO   ] BTC $69223 | 7d-high $70243 | zone: no | 4h chg: -0.68%
[2026-04-06 14:07:00] [MACRO   ] SPX $0.29 | 7d-high $0.30 | zone: no
[2026-04-06 14:07:00] [ACCT    ] Value $0.00 | Available $0.00 | Capital used 0.0% / 30%
[2026-04-06 14:07:00] [SHORT   ] BTC not in short zone — skipping
[2026-04-06 14:07:00] [RUN     ] Sleeping 1 min...
[2026-04-06 14:08:00] [RUN     ] ────────────────────────────────────────────────────────────
[2026-04-06 14:08:01] [MACRO   ] BTC $69176 | 7d-high $70243 | zone: no | 4h chg: -0.75%
[2026-04-06 14:08:01] [MACRO   ] SPX $0.29 | 7d-high $0.30 | zone: no
[2026-04-06 14:08:01] [ACCT    ] Value $0.00 | Available $0.00 | Capital used 0.0% / 30%
[2026-04-06 14:08:01] [SHORT   ] BTC not in short zone — skipping
[2026-04-06 14:08:01] [RUN     ] Sleeping 1 min...
[2026-04-06 14:08:18] [RUN     ] ────────────────────────────────────────────────────────────
[2026-04-06 14:08:19] [MACRO   ] BTC $69178 | 7d-high $70243 short-zone: no | 7d-low $65697 long-zone: no | 4h chg: -0.74%
[2026-04-06 14:08:19] [MACRO   ] SPX $0.29 | 7d-high $0.30 | zone: no
[2026-04-06 14:08:19] [ACCT    ] Value $0.00 | Available $0.00 | Capital used 0.0% / 30%
[2026-04-06 14:08:19] [SHORT   ] BTC not in short zone — skipping
[2026-04-06 14:08:19] [LONG    ] BTC — no position & BTC not in long zone — skipping
[2026-04-06 14:08:19] [LONG    ] SOL — no position & BTC not in long zone — skipping
[2026-04-06 14:08:19] [LONG    ] HYPE — no position & BTC not in long zone — skipping
[2026-04-06 14:08:19] [LONG    ] XRP — no position & BTC not in long zone — skipping
[2026-04-06 14:08:19] [RUN     ] Sleeping 5 min...
[2026-04-06 14:09:01] [RUN     ] ────────────────────────────────────────────────────────────
[2026-04-06 14:09:02] [MACRO   ] BTC $69193 | 7d-high $70243 | zone: no | 4h chg: -0.72%
[2026-04-06 14:09:02] [MACRO   ] SPX $0.29 | 7d-high $0.30 | zone: no
[2026-04-06 14:09:02] [ACCT    ] Value $0.00 | Available $0.00 | Capital used 0.0% / 30%
[2026-04-06 14:09:02] [SHORT   ] BTC not in short zone — skipping
[2026-04-06 14:09:02] [RUN     ] Sleeping 1 min...
[2026-04-06 14:10:02] [RUN     ] ────────────────────────────────────────────────────────────
[2026-04-06 14:10:02] [MACRO   ] BTC $69254 | 7d-high $70243 | zone: no | 4h chg: -0.63%
[2026-04-06 14:10:02] [MACRO   ] SPX $0.29 | 7d-high $0.30 | zone: no
[2026-04-06 14:10:02] [ACCT    ] Value $0.00 | Available $0.00 | Capital used 0.0% / 30%
[2026-04-06 14:10:02] [SHORT   ] BTC not in short zone — skipping
[2026-04-06 14:10:02] [RUN     ] Sleeping 1 min...
[2026-04-06 14:11:02] [RUN     ] ────────────────────────────────────────────────────────────
[2026-04-06 14:11:03] [MACRO   ] BTC $69163 | 7d-high $70243 | zone: no | 4h chg: -0.77%
[2026-04-06 14:11:03] [MACRO   ] SPX $0.29 | 7d-high $0.30 | zone: no
[2026-04-06 14:11:03] [ACCT    ] Value $0.00 | Available $0.00 | Capital used 0.0% / 30%
[2026-04-06 14:11:03] [SHORT   ] BTC not in short zone — skipping
[2026-04-06 14:11:03] [RUN     ] Sleeping 1 min...
[2026-04-06 14:12:03] [RUN     ] ────────────────────────────────────────────────────────────
[2026-04-06 14:12:04] [MACRO   ] BTC $69259 | 7d-high $70243 | zone: no | 4h chg: -0.63%
[2026-04-06 14:12:04] [MACRO   ] SPX $0.29 | 7d-high $0.30 | zone: no
[2026-04-06 14:12:04] [ACCT    ] Value $0.00 | Available $0.00 | Capital used 0.0% / 30%
[2026-04-06 14:12:04] [SHORT   ] BTC not in short zone — skipping
[2026-04-06 14:12:04] [RUN     ] Sleeping 1 min...
[2026-04-06 14:13:04] [RUN     ] ────────────────────────────────────────────────────────────
[2026-04-06 14:13:05] [MACRO   ] BTC $69278 | 7d-high $70243 | zone: no | 4h chg: -0.60%
[2026-04-06 14:13:05] [MACRO   ] SPX $0.29 | 7d-high $0.30 | zone: no
[2026-04-06 14:13:05] [ACCT    ] Value $0.00 | Available $0.00 | Capital used 0.0% / 30%
[2026-04-06 14:13:05] [SHORT   ] BTC not in short zone — skipping
[2026-04-06 14:13:05] [RUN     ] Sleeping 1 min...
[2026-04-06 14:13:19] [RUN     ] ────────────────────────────────────────────────────────────
[2026-04-06 14:13:20] [MACRO   ] BTC $69243 | 7d-high $70243 short-zone: no | 7d-low $65697 long-zone: no | 4h chg: -0.66%
[2026-04-06 14:13:20] [MACRO   ] SPX $0.29 | 7d-high $0.30 | zone: no
[2026-04-06 14:13:20] [ACCT    ] Value $0.00 | Available $0.00 | Capital used 0.0% / 30%
[2026-04-06 14:13:20] [SHORT   ] BTC not in short zone — skipping
[2026-04-06 14:13:20] [LONG    ] BTC — no position & BTC not in long zone — skipping
[2026-04-06 14:13:20] [LONG    ] SOL — no position & BTC not in long zone — skipping
[2026-04-06 14:13:20] [LONG    ] HYPE — no position & BTC not in long zone — skipping
[2026-04-06 14:13:20] [LONG    ] XRP — no position & BTC not in long zone — skipping
[2026-04-06 14:13:20] [RUN     ] Sleeping 5 min...
[2026-04-06 14:14:05] [RUN     ] ────────────────────────────────────────────────────────────
[2026-04-06 14:14:06] [MACRO   ] BTC $69274 | 7d-high $70243 | zone: no | 4h chg: -0.60%
[2026-04-06 14:14:06] [MACRO   ] SPX $0.29 | 7d-high $0.30 | zone: no
[2026-04-06 14:14:06] [ACCT    ] Value $0.00 | Available $0.00 | Capital used 0.0% / 30%
[2026-04-06 14:14:06] [SHORT   ] BTC not in short zone — skipping
[2026-04-06 14:14:06] [RUN     ] Sleeping 1 min...
[2026-04-06 14:15:06] [RUN     ] ────────────────────────────────────────────────────────────
[2026-04-06 14:15:07] [MACRO   ] BTC $69349 | 7d-high $70243 | zone: no | 4h chg: -0.50%
[2026-04-06 14:15:07] [MACRO   ] SPX $0.29 | 7d-high $0.30 | zone: no
[2026-04-06 14:15:07] [ACCT    ] Value $0.00 | Available $0.00 | Capital used 0.0% / 30%
[2026-04-06 14:15:07] [SHORT   ] BTC not in short zone — skipping
[2026-04-06 14:15:07] [RUN     ] Sleeping 1 min...
[2026-04-06 14:16:07] [RUN     ] ────────────────────────────────────────────────────────────
[2026-04-06 14:16:08] [MACRO   ] BTC $69360 | 7d-high $70243 | zone: no | 4h chg: -0.48%
[2026-04-06 14:16:08] [MACRO   ] SPX $0.29 | 7d-high $0.30 | zone: no
[2026-04-06 14:16:08] [ACCT    ] Value $0.00 | Available $0.00 | Capital used 0.0% / 30%
[2026-04-06 14:16:08] [SHORT   ] BTC not in short zone — skipping
[2026-04-06 14:16:08] [RUN     ] Sleeping 1 min...
[2026-04-06 14:17:08] [RUN     ] ────────────────────────────────────────────────────────────
[2026-04-06 14:17:09] [MACRO   ] BTC $69366 | 7d-high $70243 | zone: no | 4h chg: -0.48%
[2026-04-06 14:17:09] [MACRO   ] SPX $0.29 | 7d-high $0.30 | zone: no
[2026-04-06 14:17:09] [ACCT    ] Value $0.00 | Available $0.00 | Capital used 0.0% / 30%
[2026-04-06 14:17:09] [SHORT   ] BTC not in short zone — skipping
[2026-04-06 14:17:09] [RUN     ] Sleeping 1 min...
[2026-04-06 14:18:09] [RUN     ] ────────────────────────────────────────────────────────────
[2026-04-06 14:18:09] [MACRO   ] BTC $69337 | 7d-high $70243 | zone: no | 4h chg: -0.52%
[2026-04-06 14:18:09] [MACRO   ] SPX $0.29 | 7d-high $0.30 | zone: no
[2026-04-06 14:18:09] [ACCT    ] Value $0.00 | Available $0.00 | Capital used 0.0% / 30%
[2026-04-06 14:18:09] [SHORT   ] BTC not in short zone — skipping
[2026-04-06 14:18:09] [RUN     ] Sleeping 1 min...
[2026-04-06 14:18:20] [RUN     ] ────────────────────────────────────────────────────────────
[2026-04-06 14:18:21] [MACRO   ] BTC $69340 | 7d-high $70243 short-zone: no | 7d-low $65697 long-zone: no | 4h chg: -0.51%
[2026-04-06 14:18:21] [MACRO   ] SPX $0.29 | 7d-high $0.30 | zone: no
[2026-04-06 14:18:21] [ACCT    ] Value $0.00 | Available $0.00 | Capital used 0.0% / 30%
[2026-04-06 14:18:21] [SHORT   ] BTC not in short zone — skipping
[2026-04-06 14:18:21] [LONG    ] BTC — no position & BTC not in long zone — skipping
[2026-04-06 14:18:21] [LONG    ] SOL — no position & BTC not in long zone — skipping
[2026-04-06 14:18:21] [LONG    ] HYPE — no position & BTC not in long zone — skipping
[2026-04-06 14:18:21] [LONG    ] XRP — no position & BTC not in long zone — skipping
[2026-04-06 14:18:21] [RUN     ] Sleeping 5 min...
[2026-04-06 14:19:09] [RUN     ] ────────────────────────────────────────────────────────────
[2026-04-06 14:19:10] [MACRO   ] BTC $69379 | 7d-high $70243 | zone: no | 4h chg: -0.45%
[2026-04-06 14:19:10] [MACRO   ] SPX $0.29 | 7d-high $0.30 | zone: no
[2026-04-06 14:19:10] [ACCT    ] Value $0.00 | Available $0.00 | Capital used 0.0% / 30%
[2026-04-06 14:19:10] [SHORT   ] BTC not in short zone — skipping
[2026-04-06 14:19:10] [RUN     ] Sleeping 1 min...
[2026-04-06 14:20:10] [RUN     ] ────────────────────────────────────────────────────────────
[2026-04-06 14:20:11] [MACRO   ] BTC $69497 | 7d-high $70243 | zone: no | 4h chg: -0.27%
[2026-04-06 14:20:11] [MACRO   ] SPX $0.29 | 7d-high $0.30 | zone: no
[2026-04-06 14:20:11] [ACCT    ] Value $0.00 | Available $0.00 | Capital used 0.0% / 30%
[2026-04-06 14:20:11] [SHORT   ] BTC not in short zone — skipping
[2026-04-06 14:20:11] [RUN     ] Sleeping 1 min...
[2026-04-06 14:21:11] [RUN     ] ────────────────────────────────────────────────────────────
[2026-04-06 14:21:12] [MACRO   ] BTC $69528 | 7d-high $70243 | zone: no | 4h chg: -0.24%
[2026-04-06 14:21:12] [MACRO   ] SPX $0.29 | 7d-high $0.30 | zone: no
[2026-04-06 14:21:12] [ACCT    ] Value $0.00 | Available $0.00 | Capital used 0.0% / 30%
[2026-04-06 14:21:12] [SHORT   ] BTC not in short zone — skipping
[2026-04-06 14:21:12] [RUN     ] Sleeping 1 min...
[2026-04-06 14:22:12] [RUN     ] ────────────────────────────────────────────────────────────
[2026-04-06 14:22:13] [MACRO   ] BTC $69521 | 7d-high $70243 | zone: no | 4h chg: -0.25%
[2026-04-06 14:22:13] [MACRO   ] SPX $0.29 | 7d-high $0.30 | zone: no
[2026-04-06 14:22:13] [ACCT    ] Value $0.00 | Available $0.00 | Capital used 0.0% / 30%
[2026-04-06 14:22:13] [SHORT   ] BTC not in short zone — skipping
[2026-04-06 14:22:13] [RUN     ] Sleeping 1 min...
[2026-04-06 14:23:13] [RUN     ] ────────────────────────────────────────────────────────────
[2026-04-06 14:23:13] [MACRO   ] BTC $69495 | 7d-high $70243 | zone: no | 4h chg: -0.29%
[2026-04-06 14:23:13] [MACRO   ] SPX $0.29 | 7d-high $0.30 | zone: no
[2026-04-06 14:23:13] [ACCT    ] Value $0.00 | Available $0.00 | Capital used 0.0% / 30%
[2026-04-06 14:23:13] [SHORT   ] BTC not in short zone — skipping
[2026-04-06 14:23:13] [RUN     ] Sleeping 1 min...
[2026-04-06 14:23:21] [RUN     ] ────────────────────────────────────────────────────────────
[2026-04-06 14:23:21] [MACRO   ] BTC $69517 | 7d-high $70243 short-zone: no | 7d-low $65697 long-zone: no | 4h chg: -0.26%
[2026-04-06 14:23:21] [MACRO   ] SPX $0.29 | 7d-high $0.30 | zone: no
[2026-04-06 14:23:21] [ACCT    ] Value $0.00 | Available $0.00 | Capital used 0.0% / 30%
[2026-04-06 14:23:21] [SHORT   ] BTC not in short zone — skipping
[2026-04-06 14:23:21] [LONG    ] BTC — no position & BTC not in long zone — skipping
[2026-04-06 14:23:21] [LONG    ] SOL — no position & BTC not in long zone — skipping
[2026-04-06 14:23:21] [LONG    ] HYPE — no position & BTC not in long zone — skipping
[2026-04-06 14:23:21] [LONG    ] XRP — no position & BTC not in long zone — skipping
[2026-04-06 14:23:21] [RUN     ] Sleeping 5 min...
[2026-04-06 14:24:13] [RUN     ] ────────────────────────────────────────────────────────────
[2026-04-06 14:24:14] [MACRO   ] BTC $69480 | 7d-high $70243 | zone: no | 4h chg: -0.32%
[2026-04-06 14:24:14] [MACRO   ] SPX $0.29 | 7d-high $0.30 | zone: no
[2026-04-06 14:24:14] [ACCT    ] Value $0.00 | Available $0.00 | Capital used 0.0% / 30%
[2026-04-06 14:24:14] [SHORT   ] BTC not in short zone — skipping
[2026-04-06 14:24:14] [RUN     ] Sleeping 1 min...
[2026-04-06 14:25:14] [RUN     ] ────────────────────────────────────────────────────────────
[2026-04-06 14:25:15] [MACRO   ] BTC $69494 | 7d-high $70243 | zone: no | 4h chg: -0.29%
[2026-04-06 14:25:15] [MACRO   ] SPX $0.29 | 7d-high $0.30 | zone: no
[2026-04-06 14:25:15] [ACCT    ] Value $0.00 | Available $0.00 | Capital used 0.0% / 30%
[2026-04-06 14:25:15] [SHORT   ] BTC not in short zone — skipping
[2026-04-06 14:25:15] [RUN     ] Sleeping 1 min...
[2026-04-06 14:26:15] [RUN     ] ────────────────────────────────────────────────────────────
[2026-04-06 14:26:16] [MACRO   ] BTC $69467 | 7d-high $70243 | zone: no | 4h chg: -0.34%
[2026-04-06 14:26:16] [MACRO   ] SPX $0.29 | 7d-high $0.30 | zone: no
[2026-04-06 14:26:16] [ACCT    ] Value $0.00 | Available $0.00 | Capital used 0.0% / 30%
[2026-04-06 14:26:16] [SHORT   ] BTC not in short zone — skipping
[2026-04-06 14:26:16] [RUN     ] Sleeping 1 min...
[2026-04-06 14:27:16] [RUN     ] ────────────────────────────────────────────────────────────
[2026-04-06 14:27:17] [MACRO   ] BTC $69493 | 7d-high $70243 | zone: no | 4h chg: -0.29%
[2026-04-06 14:27:17] [MACRO   ] SPX $0.29 | 7d-high $0.30 | zone: no
[2026-04-06 14:27:17] [ACCT    ] Value $0.00 | Available $0.00 | Capital used 0.0% / 30%
[2026-04-06 14:27:17] [SHORT   ] BTC not in short zone — skipping
[2026-04-06 14:27:17] [RUN     ] Sleeping 1 min...
[2026-04-06 14:28:17] [RUN     ] ────────────────────────────────────────────────────────────
[2026-04-06 14:28:17] [MACRO   ] BTC $69518 | 7d-high $70243 | zone: no | 4h chg: -0.26%
[2026-04-06 14:28:17] [MACRO   ] SPX $0.29 | 7d-high $0.30 | zone: no
[2026-04-06 14:28:17] [ACCT    ] Value $0.00 | Available $0.00 | Capital used 0.0% / 30%
[2026-04-06 14:28:17] [SHORT   ] BTC not in short zone — skipping
[2026-04-06 14:28:17] [RUN     ] Sleeping 1 min...
[2026-04-06 14:28:21] [RUN     ] ────────────────────────────────────────────────────────────
[2026-04-06 14:28:22] [MACRO   ] BTC $69518 | 7d-high $70243 short-zone: no | 7d-low $65697 long-zone: no | 4h chg: -0.26%
[2026-04-06 14:28:22] [MACRO   ] SPX $0.29 | 7d-high $0.30 | zone: no
[2026-04-06 14:28:22] [ACCT    ] Value $0.00 | Available $0.00 | Capital used 0.0% / 30%
[2026-04-06 14:28:22] [SHORT   ] BTC not in short zone — skipping
[2026-04-06 14:28:22] [LONG    ] BTC — no position & BTC not in long zone — skipping
[2026-04-06 14:28:22] [LONG    ] SOL — no position & BTC not in long zone — skipping
[2026-04-06 14:28:22] [LONG    ] HYPE — no position & BTC not in long zone — skipping
[2026-04-06 14:28:22] [LONG    ] XRP — no position & BTC not in long zone — skipping
[2026-04-06 14:28:22] [RUN     ] Sleeping 5 min...
[2026-04-06 14:29:17] [RUN     ] ────────────────────────────────────────────────────────────
[2026-04-06 14:29:18] [MACRO   ] BTC $69511 | 7d-high $70243 | zone: no | 4h chg: -0.27%
[2026-04-06 14:29:18] [MACRO   ] SPX $0.29 | 7d-high $0.30 | zone: no
[2026-04-06 14:29:18] [ACCT    ] Value $0.00 | Available $0.00 | Capital used 0.0% / 30%
[2026-04-06 14:29:18] [SHORT   ] BTC not in short zone — skipping
[2026-04-06 14:29:18] [RUN     ] Sleeping 1 min...
[2026-04-06 14:30:18] [RUN     ] ────────────────────────────────────────────────────────────
[2026-04-06 14:30:19] [MACRO   ] BTC $69521 | 7d-high $70243 | zone: no | 4h chg: -0.25%
[2026-04-06 14:30:19] [MACRO   ] SPX $0.29 | 7d-high $0.30 | zone: no
[2026-04-06 14:30:19] [ACCT    ] Value $0.00 | Available $0.00 | Capital used 0.0% / 30%
[2026-04-06 14:30:19] [SHORT   ] BTC not in short zone — skipping
[2026-04-06 14:30:19] [RUN     ] Sleeping 1 min...
[2026-04-06 14:31:19] [RUN     ] ────────────────────────────────────────────────────────────
[2026-04-06 14:31:20] [MACRO   ] BTC $69586 | 7d-high $70243 | zone: no | 4h chg: -0.16%
[2026-04-06 14:31:20] [MACRO   ] SPX $0.29 | 7d-high $0.30 | zone: no
[2026-04-06 14:31:20] [ACCT    ] Value $0.00 | Available $0.00 | Capital used 0.0% / 30%
[2026-04-06 14:31:20] [SHORT   ] BTC not in short zone — skipping
[2026-04-06 14:31:20] [RUN     ] Sleeping 1 min...
[2026-04-06 14:32:20] [RUN     ] ────────────────────────────────────────────────────────────
[2026-04-06 14:32:21] [MACRO   ] BTC $69631 | 7d-high $70243 | zone: no | 4h chg: -0.11%
[2026-04-06 14:32:21] [MACRO   ] SPX $0.29 | 7d-high $0.30 | zone: no
[2026-04-06 14:32:21] [ACCT    ] Value $0.00 | Available $0.00 | Capital used 0.0% / 30%
[2026-04-06 14:32:21] [SHORT   ] BTC not in short zone — skipping
[2026-04-06 14:32:21] [RUN     ] Sleeping 1 min...
[2026-04-06 14:33:21] [RUN     ] ────────────────────────────────────────────────────────────
[2026-04-06 14:33:21] [MACRO   ] BTC $69557 | 7d-high $70243 | zone: no | 4h chg: -0.20%
[2026-04-06 14:33:21] [MACRO   ] SPX $0.29 | 7d-high $0.30 | zone: no
[2026-04-06 14:33:21] [ACCT    ] Value $0.00 | Available $0.00 | Capital used 0.0% / 30%
[2026-04-06 14:33:21] [SHORT   ] BTC not in short zone — skipping
[2026-04-06 14:33:21] [RUN     ] Sleeping 1 min...
[2026-04-06 14:33:22] [RUN     ] ────────────────────────────────────────────────────────────
[2026-04-06 14:33:23] [MACRO   ] BTC $69557 | 7d-high $70243 short-zone: no | 7d-low $65697 long-zone: no | 4h chg: -0.20%
[2026-04-06 14:33:23] [MACRO   ] SPX $0.29 | 7d-high $0.30 | zone: no
[2026-04-06 14:33:23] [ACCT    ] Value $0.00 | Available $0.00 | Capital used 0.0% / 30%
[2026-04-06 14:33:23] [SHORT   ] BTC not in short zone — skipping
[2026-04-06 14:33:23] [LONG    ] BTC — no position & BTC not in long zone — skipping
[2026-04-06 14:33:23] [LONG    ] SOL — no position & BTC not in long zone — skipping
[2026-04-06 14:33:23] [LONG    ] HYPE — no position & BTC not in long zone — skipping
[2026-04-06 14:33:23] [LONG    ] XRP — no position & BTC not in long zone — skipping
[2026-04-06 14:33:23] [RUN     ] Sleeping 5 min...
[2026-04-06 14:34:21] [RUN     ] ────────────────────────────────────────────────────────────
[2026-04-06 14:34:22] [MACRO   ] BTC $69564 | 7d-high $70243 | zone: no | 4h chg: -0.19%
[2026-04-06 14:34:22] [MACRO   ] SPX $0.29 | 7d-high $0.30 | zone: no
[2026-04-06 14:34:22] [ACCT    ] Value $0.00 | Available $0.00 | Capital used 0.0% / 30%
[2026-04-06 14:34:22] [SHORT   ] BTC not in short zone — skipping
[2026-04-06 14:34:22] [RUN     ] Sleeping 1 min...
[2026-04-06 14:35:22] [RUN     ] ────────────────────────────────────────────────────────────
[2026-04-06 14:35:23] [MACRO   ] BTC $69620 | 7d-high $70243 | zone: no | 4h chg: -0.11%
[2026-04-06 14:35:23] [MACRO   ] SPX $0.29 | 7d-high $0.30 | zone: no
[2026-04-06 14:35:23] [ACCT    ] Value $0.00 | Available $0.00 | Capital used 0.0% / 30%
[2026-04-06 14:35:23] [SHORT   ] BTC not in short zone — skipping
[2026-04-06 14:35:23] [RUN     ] Sleeping 1 min...
[2026-04-06 14:36:23] [RUN     ] ────────────────────────────────────────────────────────────
[2026-04-06 14:36:24] [MACRO   ] BTC $69762 | 7d-high $70243 | zone: no | 4h chg: 0.09%
[2026-04-06 14:36:24] [MACRO   ] SPX $0.29 | 7d-high $0.30 | zone: no
[2026-04-06 14:36:24] [ACCT    ] Value $0.00 | Available $0.00 | Capital used 0.0% / 30%
[2026-04-06 14:36:24] [SHORT   ] BTC not in short zone — skipping
[2026-04-06 14:36:24] [RUN     ] Sleeping 1 min...
[2026-04-06 14:37:24] [RUN     ] ────────────────────────────────────────────────────────────
[2026-04-06 14:37:24] [MACRO   ] BTC $69691 | 7d-high $70243 | zone: no | 4h chg: -0.01%
[2026-04-06 14:37:24] [MACRO   ] SPX $0.29 | 7d-high $0.30 | zone: no
[2026-04-06 14:37:24] [ACCT    ] Value $0.00 | Available $0.00 | Capital used 0.0% / 30%
[2026-04-06 14:37:24] [SHORT   ] BTC not in short zone — skipping
[2026-04-06 14:37:24] [RUN     ] Sleeping 1 min...
[2026-04-06 14:38:23] [RUN     ] ────────────────────────────────────────────────────────────
[2026-04-06 14:38:24] [MACRO   ] BTC $69678 | 7d-high $70243 short-zone: no | 7d-low $65697 long-zone: no | 4h chg: -0.02%
[2026-04-06 14:38:24] [MACRO   ] SPX $0.29 | 7d-high $0.30 | zone: no
[2026-04-06 14:38:24] [ACCT    ] Value $0.00 | Available $0.00 | Capital used 0.0% / 30%
[2026-04-06 14:38:24] [SHORT   ] BTC not in short zone — skipping
[2026-04-06 14:38:24] [LONG    ] BTC — no position & BTC not in long zone — skipping
[2026-04-06 14:38:24] [LONG    ] SOL — no position & BTC not in long zone — skipping
[2026-04-06 14:38:24] [LONG    ] HYPE — no position & BTC not in long zone — skipping
[2026-04-06 14:38:24] [LONG    ] XRP — no position & BTC not in long zone — skipping
[2026-04-06 14:38:24] [RUN     ] Sleeping 5 min...
[2026-04-06 14:38:24] [RUN     ] ────────────────────────────────────────────────────────────
[2026-04-06 14:38:25] [MACRO   ] BTC $69682 | 7d-high $70243 | zone: no | 4h chg: -0.04%
[2026-04-06 14:38:25] [MACRO   ] SPX $0.29 | 7d-high $0.30 | zone: no
[2026-04-06 14:38:25] [ACCT    ] Value $0.00 | Available $0.00 | Capital used 0.0% / 30%
[2026-04-06 14:38:25] [SHORT   ] BTC not in short zone — skipping
[2026-04-06 14:38:25] [RUN     ] Sleeping 1 min...
[2026-04-06 14:39:25] [RUN     ] ────────────────────────────────────────────────────────────
[2026-04-06 14:39:26] [MACRO   ] BTC $69385 | 7d-high $70243 | zone: no | 4h chg: -0.47%
[2026-04-06 14:39:26] [MACRO   ] SPX $0.29 | 7d-high $0.30 | zone: no
[2026-04-06 14:39:26] [ACCT    ] Value $0.00 | Available $0.00 | Capital used 0.0% / 30%
[2026-04-06 14:39:26] [SHORT   ] BTC not in short zone — skipping
[2026-04-06 14:39:26] [RUN     ] Sleeping 1 min...
[2026-04-06 14:40:26] [RUN     ] ────────────────────────────────────────────────────────────
[2026-04-06 14:40:27] [MACRO   ] BTC $69371 | 7d-high $70243 | zone: no | 4h chg: -0.47%
[2026-04-06 14:40:27] [MACRO   ] SPX $0.29 | 7d-high $0.30 | zone: no
[2026-04-06 14:40:27] [ACCT    ] Value $0.00 | Available $0.00 | Capital used 0.0% / 30%
[2026-04-06 14:40:27] [SHORT   ] BTC not in short zone — skipping
[2026-04-06 14:40:27] [RUN     ] Sleeping 1 min...
[2026-04-06 14:41:27] [RUN     ] ────────────────────────────────────────────────────────────
[2026-04-06 14:41:28] [MACRO   ] BTC $69485 | 7d-high $70243 | zone: no | 4h chg: -0.30%
[2026-04-06 14:41:28] [MACRO   ] SPX $0.29 | 7d-high $0.30 | zone: no
[2026-04-06 14:41:28] [ACCT    ] Value $0.00 | Available $0.00 | Capital used 0.0% / 30%
[2026-04-06 14:41:28] [SHORT   ] BTC not in short zone — skipping
[2026-04-06 14:41:28] [RUN     ] Sleeping 1 min...
[2026-04-06 14:42:28] [RUN     ] ────────────────────────────────────────────────────────────
[2026-04-06 14:42:29] [MACRO   ] BTC $69455 | 7d-high $70243 | zone: no | 4h chg: -0.35%
[2026-04-06 14:42:29] [MACRO   ] SPX $0.29 | 7d-high $0.30 | zone: no
[2026-04-06 14:42:29] [ACCT    ] Value $0.00 | Available $0.00 | Capital used 0.0% / 30%
[2026-04-06 14:42:29] [SHORT   ] BTC not in short zone — skipping
[2026-04-06 14:42:29] [RUN     ] Sleeping 1 min...
[2026-04-06 14:43:24] [RUN     ] ────────────────────────────────────────────────────────────
[2026-04-06 14:43:25] [MACRO   ] BTC $69393 | 7d-high $70243 short-zone: no | 7d-low $65697 long-zone: no | 4h chg: -0.47%
[2026-04-06 14:43:25] [MACRO   ] SPX $0.29 | 7d-high $0.30 | zone: no
[2026-04-06 14:43:25] [ACCT    ] Value $0.00 | Available $0.00 | Capital used 0.0% / 30%
[2026-04-06 14:43:25] [SHORT   ] BTC not in short zone — skipping
[2026-04-06 14:43:25] [LONG    ] BTC — no position & BTC not in long zone — skipping
[2026-04-06 14:43:25] [LONG    ] SOL — no position & BTC not in long zone — skipping
[2026-04-06 14:43:25] [LONG    ] HYPE — no position & BTC not in long zone — skipping
[2026-04-06 14:43:25] [LONG    ] XRP — no position & BTC not in long zone — skipping
[2026-04-06 14:43:25] [RUN     ] Sleeping 5 min...
[2026-04-06 14:43:29] [RUN     ] ────────────────────────────────────────────────────────────
[2026-04-06 14:43:29] [MACRO   ] BTC $69354 | 7d-high $70243 | zone: no | 4h chg: -0.49%
[2026-04-06 14:43:29] [MACRO   ] SPX $0.29 | 7d-high $0.30 | zone: no
[2026-04-06 14:43:29] [ACCT    ] Value $0.00 | Available $0.00 | Capital used 0.0% / 30%
[2026-04-06 14:43:29] [SHORT   ] BTC not in short zone — skipping
[2026-04-06 14:43:29] [RUN     ] Sleeping 1 min...
[2026-04-06 14:44:29] [RUN     ] ────────────────────────────────────────────────────────────
[2026-04-06 14:44:30] [MACRO   ] BTC $69410 | 7d-high $70243 | zone: no | 4h chg: -0.41%
[2026-04-06 14:44:30] [MACRO   ] SPX $0.29 | 7d-high $0.30 | zone: no
[2026-04-06 14:44:30] [ACCT    ] Value $0.00 | Available $0.00 | Capital used 0.0% / 30%
[2026-04-06 14:44:30] [SHORT   ] BTC not in short zone — skipping
[2026-04-06 14:44:30] [RUN     ] Sleeping 1 min...
[2026-04-06 14:45:30] [RUN     ] ────────────────────────────────────────────────────────────
[2026-04-06 14:45:31] [MACRO   ] BTC $69352 | 7d-high $70243 | zone: no | 4h chg: -0.51%
[2026-04-06 14:45:31] [MACRO   ] SPX $0.29 | 7d-high $0.30 | zone: no
[2026-04-06 14:45:31] [ACCT    ] Value $0.00 | Available $0.00 | Capital used 0.0% / 30%
[2026-04-06 14:45:31] [SHORT   ] BTC not in short zone — skipping
[2026-04-06 14:45:31] [RUN     ] Sleeping 1 min...
[2026-04-06 14:46:31] [RUN     ] ────────────────────────────────────────────────────────────
[2026-04-06 14:46:32] [MACRO   ] BTC $69337 | 7d-high $70243 | zone: no | 4h chg: -0.52%
[2026-04-06 14:46:32] [MACRO   ] SPX $0.29 | 7d-high $0.30 | zone: no
[2026-04-06 14:46:32] [ACCT    ] Value $0.00 | Available $0.00 | Capital used 0.0% / 30%
[2026-04-06 14:46:32] [SHORT   ] BTC not in short zone — skipping
[2026-04-06 14:46:32] [RUN     ] Sleeping 1 min...
[2026-04-06 14:47:32] [RUN     ] ────────────────────────────────────────────────────────────
[2026-04-06 14:47:32] [MACRO   ] BTC $69360 | 7d-high $70243 | zone: no | 4h chg: -0.48%
[2026-04-06 14:47:32] [MACRO   ] SPX $0.29 | 7d-high $0.30 | zone: no
[2026-04-06 14:47:32] [ACCT    ] Value $0.00 | Available $0.00 | Capital used 0.0% / 30%
[2026-04-06 14:47:32] [SHORT   ] BTC not in short zone — skipping
[2026-04-06 14:47:32] [RUN     ] Sleeping 1 min...
[2026-04-06 14:48:25] [RUN     ] ────────────────────────────────────────────────────────────
[2026-04-06 14:48:26] [MACRO   ] BTC $69320 | 7d-high $70243 short-zone: no | 7d-low $65697 long-zone: no | 4h chg: -0.54%
[2026-04-06 14:48:26] [MACRO   ] SPX $0.29 | 7d-high $0.30 | zone: no
[2026-04-06 14:48:26] [ACCT    ] Value $0.00 | Available $0.00 | Capital used 0.0% / 30%
[2026-04-06 14:48:26] [SHORT   ] BTC not in short zone — skipping
[2026-04-06 14:48:26] [LONG    ] BTC — no position & BTC not in long zone — skipping
[2026-04-06 14:48:26] [LONG    ] SOL — no position & BTC not in long zone — skipping
[2026-04-06 14:48:26] [LONG    ] HYPE — no position & BTC not in long zone — skipping
[2026-04-06 14:48:26] [LONG    ] XRP — no position & BTC not in long zone — skipping
[2026-04-06 14:48:26] [RUN     ] Sleeping 5 min...
[2026-04-06 14:48:32] [RUN     ] ────────────────────────────────────────────────────────────
[2026-04-06 14:48:33] [MACRO   ] BTC $69303 | 7d-high $70243 | zone: no | 4h chg: -0.56%
[2026-04-06 14:48:33] [MACRO   ] SPX $0.29 | 7d-high $0.30 | zone: no
[2026-04-06 14:48:33] [ACCT    ] Value $0.00 | Available $0.00 | Capital used 0.0% / 30%
[2026-04-06 14:48:33] [SHORT   ] BTC not in short zone — skipping
[2026-04-06 14:48:33] [RUN     ] Sleeping 1 min...
[2026-04-06 14:49:33] [RUN     ] ────────────────────────────────────────────────────────────
[2026-04-06 14:49:34] [MACRO   ] BTC $69311 | 7d-high $70243 | zone: no | 4h chg: -0.56%
[2026-04-06 14:49:34] [MACRO   ] SPX $0.29 | 7d-high $0.30 | zone: no
[2026-04-06 14:49:34] [ACCT    ] Value $0.00 | Available $0.00 | Capital used 0.0% / 30%
[2026-04-06 14:49:34] [SHORT   ] BTC not in short zone — skipping
[2026-04-06 14:49:34] [RUN     ] Sleeping 1 min...
[2026-04-06 14:50:34] [RUN     ] ────────────────────────────────────────────────────────────
[2026-04-06 14:50:35] [MACRO   ] BTC $69344 | 7d-high $70243 | zone: no | 4h chg: -0.51%
[2026-04-06 14:50:35] [MACRO   ] SPX $0.29 | 7d-high $0.30 | zone: no
[2026-04-06 14:50:35] [ACCT    ] Value $0.00 | Available $0.00 | Capital used 0.0% / 30%
[2026-04-06 14:50:35] [SHORT   ] BTC not in short zone — skipping
[2026-04-06 14:50:35] [RUN     ] Sleeping 1 min...
[2026-04-06 14:51:35] [RUN     ] ────────────────────────────────────────────────────────────
[2026-04-06 14:51:36] [MACRO   ] BTC $69377 | 7d-high $70243 | zone: no | 4h chg: -0.46%
[2026-04-06 14:51:36] [MACRO   ] SPX $0.29 | 7d-high $0.30 | zone: no
[2026-04-06 14:51:36] [ACCT    ] Value $0.00 | Available $0.00 | Capital used 0.0% / 30%
[2026-04-06 14:51:36] [SHORT   ] BTC not in short zone — skipping
[2026-04-06 14:51:36] [RUN     ] Sleeping 1 min...
[2026-04-06 14:52:36] [RUN     ] ────────────────────────────────────────────────────────────
[2026-04-06 14:52:37] [MACRO   ] BTC $69474 | 7d-high $70243 | zone: no | 4h chg: -0.32%
[2026-04-06 14:52:37] [MACRO   ] SPX $0.29 | 7d-high $0.30 | zone: no
[2026-04-06 14:52:37] [ACCT    ] Value $0.00 | Available $0.00 | Capital used 0.0% / 30%
[2026-04-06 14:52:37] [SHORT   ] BTC not in short zone — skipping
[2026-04-06 14:52:37] [RUN     ] Sleeping 1 min...
[2026-04-06 14:53:26] [RUN     ] ────────────────────────────────────────────────────────────
[2026-04-06 14:53:27] [MACRO   ] BTC $69539 | 7d-high $70243 short-zone: no | 7d-low $65697 long-zone: no | 4h chg: -0.22%
[2026-04-06 14:53:27] [MACRO   ] SPX $0.29 | 7d-high $0.30 | zone: no
[2026-04-06 14:53:27] [ACCT    ] Value $0.00 | Available $0.00 | Capital used 0.0% / 30%
[2026-04-06 14:53:27] [SHORT   ] BTC not in short zone — skipping
[2026-04-06 14:53:27] [LONG    ] BTC — no position & BTC not in long zone — skipping
[2026-04-06 14:53:27] [LONG    ] SOL — no position & BTC not in long zone — skipping
[2026-04-06 14:53:27] [LONG    ] HYPE — no position & BTC not in long zone — skipping
[2026-04-06 14:53:27] [LONG    ] XRP — no position & BTC not in long zone — skipping
[2026-04-06 14:53:27] [RUN     ] Sleeping 5 min...
[2026-04-06 14:53:37] [RUN     ] ────────────────────────────────────────────────────────────
[2026-04-06 14:53:37] [MACRO   ] BTC $69552 | 7d-high $70243 | zone: no | 4h chg: -0.21%
[2026-04-06 14:53:37] [MACRO   ] SPX $0.29 | 7d-high $0.30 | zone: no
[2026-04-06 14:53:37] [ACCT    ] Value $0.00 | Available $0.00 | Capital used 0.0% / 30%
[2026-04-06 14:53:37] [SHORT   ] BTC not in short zone — skipping
[2026-04-06 14:53:37] [RUN     ] Sleeping 1 min...
[2026-04-06 14:54:37] [RUN     ] ────────────────────────────────────────────────────────────
[2026-04-06 14:54:38] [MACRO   ] BTC $69569 | 7d-high $70243 | zone: no | 4h chg: -0.18%
[2026-04-06 14:54:38] [MACRO   ] SPX $0.29 | 7d-high $0.30 | zone: no
[2026-04-06 14:54:39] [ACCT    ] Value $0.00 | Available $0.00 | Capital used 0.0% / 30%
[2026-04-06 14:54:39] [SHORT   ] BTC not in short zone — skipping
[2026-04-06 14:54:39] [RUN     ] Sleeping 1 min...
[2026-04-06 14:55:39] [RUN     ] ────────────────────────────────────────────────────────────
[2026-04-06 14:55:40] [MACRO   ] BTC $69545 | 7d-high $70243 | zone: no | 4h chg: -0.22%
[2026-04-06 14:55:40] [MACRO   ] SPX $0.29 | 7d-high $0.30 | zone: no
[2026-04-06 14:55:40] [ACCT    ] Value $0.00 | Available $0.00 | Capital used 0.0% / 30%
[2026-04-06 14:55:40] [SHORT   ] BTC not in short zone — skipping
[2026-04-06 14:55:40] [RUN     ] Sleeping 1 min...
[2026-04-06 14:56:40] [RUN     ] ────────────────────────────────────────────────────────────
[2026-04-06 14:56:40] [MACRO   ] BTC $69558 | 7d-high $70243 | zone: no | 4h chg: -0.20%
[2026-04-06 14:56:40] [MACRO   ] SPX $0.29 | 7d-high $0.30 | zone: no
[2026-04-06 14:56:40] [ACCT    ] Value $0.00 | Available $0.00 | Capital used 0.0% / 30%
[2026-04-06 14:56:40] [SHORT   ] BTC not in short zone — skipping
[2026-04-06 14:56:40] [RUN     ] Sleeping 1 min...
[2026-04-06 14:57:40] [RUN     ] ────────────────────────────────────────────────────────────
[2026-04-06 14:57:41] [MACRO   ] BTC $69612 | 7d-high $70243 | zone: no | 4h chg: -0.12%
[2026-04-06 14:57:41] [MACRO   ] SPX $0.29 | 7d-high $0.30 | zone: no
[2026-04-06 14:57:41] [ACCT    ] Value $0.00 | Available $0.00 | Capital used 0.0% / 30%
[2026-04-06 14:57:41] [SHORT   ] BTC not in short zone — skipping
[2026-04-06 14:57:41] [RUN     ] Sleeping 1 min...
[2026-04-06 14:58:27] [RUN     ] ────────────────────────────────────────────────────────────
[2026-04-06 14:58:28] [MACRO   ] BTC $69608 | 7d-high $70243 short-zone: no | 7d-low $65697 long-zone: no | 4h chg: -0.13%
[2026-04-06 14:58:28] [MACRO   ] SPX $0.29 | 7d-high $0.30 | zone: no
[2026-04-06 14:58:28] [ACCT    ] Value $0.00 | Available $0.00 | Capital used 0.0% / 30%
[2026-04-06 14:58:28] [SHORT   ] BTC not in short zone — skipping
[2026-04-06 14:58:28] [LONG    ] BTC — no position & BTC not in long zone — skipping
[2026-04-06 14:58:28] [LONG    ] SOL — no position & BTC not in long zone — skipping
[2026-04-06 14:58:28] [LONG    ] HYPE — no position & BTC not in long zone — skipping
[2026-04-06 14:58:28] [LONG    ] XRP — no position & BTC not in long zone — skipping
[2026-04-06 14:58:28] [RUN     ] Sleeping 5 min...
[2026-04-06 14:58:41] [RUN     ] ────────────────────────────────────────────────────────────
[2026-04-06 14:58:42] [MACRO   ] BTC $69633 | 7d-high $70243 | zone: no | 4h chg: -0.09%
[2026-04-06 14:58:42] [MACRO   ] SPX $0.29 | 7d-high $0.30 | zone: no
[2026-04-06 14:58:42] [ACCT    ] Value $0.00 | Available $0.00 | Capital used 0.0% / 30%
[2026-04-06 14:58:42] [SHORT   ] BTC not in short zone — skipping
[2026-04-06 14:58:42] [RUN     ] Sleeping 1 min...
[2026-04-06 14:59:42] [RUN     ] ────────────────────────────────────────────────────────────
[2026-04-06 14:59:43] [MACRO   ] BTC $69609 | 7d-high $70243 | zone: no | 4h chg: -0.11%
[2026-04-06 14:59:43] [MACRO   ] SPX $0.29 | 7d-high $0.30 | zone: no
[2026-04-06 14:59:43] [ACCT    ] Value $0.00 | Available $0.00 | Capital used 0.0% / 30%
[2026-04-06 14:59:43] [SHORT   ] BTC not in short zone — skipping
[2026-04-06 14:59:43] [RUN     ] Sleeping 1 min...
[2026-04-06 15:00:43] [RUN     ] ────────────────────────────────────────────────────────────
[2026-04-06 15:00:43] [MACRO   ] BTC $69587 | 7d-high $70243 | zone: no | 4h chg: -0.22%
[2026-04-06 15:00:43] [MACRO   ] SPX $0.29 | 7d-high $0.30 | zone: no
[2026-04-06 15:00:43] [ACCT    ] Value $0.00 | Available $0.00 | Capital used 0.0% / 30%
[2026-04-06 15:00:43] [SHORT   ] BTC not in short zone — skipping
[2026-04-06 15:00:43] [RUN     ] Sleeping 1 min...
[2026-04-06 15:01:43] [RUN     ] ────────────────────────────────────────────────────────────
[2026-04-06 15:01:44] [MACRO   ] BTC $69589 | 7d-high $70243 | zone: no | 4h chg: -0.22%
[2026-04-06 15:01:44] [MACRO   ] SPX $0.29 | 7d-high $0.30 | zone: no
[2026-04-06 15:01:44] [ACCT    ] Value $0.00 | Available $0.00 | Capital used 0.0% / 30%
[2026-04-06 15:01:44] [SHORT   ] BTC not in short zone — skipping
[2026-04-06 15:01:44] [RUN     ] Sleeping 1 min...
[2026-04-06 15:02:44] [RUN     ] ────────────────────────────────────────────────────────────
[2026-04-06 15:02:45] [MACRO   ] BTC $69645 | 7d-high $70243 | zone: no | 4h chg: -0.11%
[2026-04-06 15:02:45] [MACRO   ] SPX $0.29 | 7d-high $0.30 | zone: no
[2026-04-06 15:02:45] [ACCT    ] Value $0.00 | Available $0.00 | Capital used 0.0% / 30%
[2026-04-06 15:02:45] [SHORT   ] BTC not in short zone — skipping
[2026-04-06 15:02:45] [RUN     ] Sleeping 1 min...
[2026-04-06 15:03:28] [RUN     ] ────────────────────────────────────────────────────────────
[2026-04-06 15:03:28] [MACRO   ] BTC $69577 | 7d-high $70243 short-zone: no | 7d-low $65697 long-zone: no | 4h chg: -0.23%
[2026-04-06 15:03:28] [MACRO   ] SPX $0.29 | 7d-high $0.30 | zone: no
[2026-04-06 15:03:28] [ACCT    ] Value $0.00 | Available $0.00 | Capital used 0.0% / 30%
[2026-04-06 15:03:28] [SHORT   ] BTC not in short zone — skipping
[2026-04-06 15:03:28] [LONG    ] BTC — no position & BTC not in long zone — skipping
[2026-04-06 15:03:28] [LONG    ] SOL — no position & BTC not in long zone — skipping
[2026-04-06 15:03:28] [LONG    ] HYPE — no position & BTC not in long zone — skipping
[2026-04-06 15:03:28] [LONG    ] XRP — no position & BTC not in long zone — skipping
[2026-04-06 15:03:28] [RUN     ] Sleeping 5 min...
[2026-04-06 15:03:45] [RUN     ] ────────────────────────────────────────────────────────────
[2026-04-06 15:03:46] [MACRO   ] BTC $69574 | 7d-high $70243 | zone: no | 4h chg: -0.24%
[2026-04-06 15:03:46] [MACRO   ] SPX $0.29 | 7d-high $0.30 | zone: no
[2026-04-06 15:03:46] [ACCT    ] Value $0.00 | Available $0.00 | Capital used 0.0% / 30%
[2026-04-06 15:03:46] [SHORT   ] BTC not in short zone — skipping
[2026-04-06 15:03:46] [RUN     ] Sleeping 1 min...
[2026-04-06 15:04:46] [RUN     ] ────────────────────────────────────────────────────────────
[2026-04-06 15:04:47] [MACRO   ] BTC $69592 | 7d-high $70243 | zone: no | 4h chg: -0.21%
[2026-04-06 15:04:47] [MACRO   ] SPX $0.29 | 7d-high $0.30 | zone: no
[2026-04-06 15:04:47] [ACCT    ] Value $0.00 | Available $0.00 | Capital used 0.0% / 30%
[2026-04-06 15:04:47] [SHORT   ] BTC not in short zone — skipping
[2026-04-06 15:04:47] [RUN     ] Sleeping 1 min...
[2026-04-06 15:05:47] [RUN     ] ────────────────────────────────────────────────────────────
[2026-04-06 15:05:47] [MACRO   ] BTC $69601 | 7d-high $70243 | zone: no | 4h chg: -0.20%
[2026-04-06 15:05:47] [MACRO   ] SPX $0.29 | 7d-high $0.30 | zone: no
[2026-04-06 15:05:47] [ACCT    ] Value $0.00 | Available $0.00 | Capital used 0.0% / 30%
[2026-04-06 15:05:47] [SHORT   ] BTC not in short zone — skipping
[2026-04-06 15:05:47] [RUN     ] Sleeping 1 min...
[2026-04-06 15:06:47] [RUN     ] ────────────────────────────────────────────────────────────
[2026-04-06 15:06:48] [MACRO   ] BTC $69556 | 7d-high $70243 | zone: no | 4h chg: -0.26%
[2026-04-06 15:06:48] [MACRO   ] SPX $0.29 | 7d-high $0.30 | zone: no
[2026-04-06 15:06:48] [ACCT    ] Value $0.00 | Available $0.00 | Capital used 0.0% / 30%
[2026-04-06 15:06:48] [SHORT   ] BTC not in short zone — skipping
[2026-04-06 15:06:48] [RUN     ] Sleeping 1 min...
[2026-04-06 15:07:48] [RUN     ] ────────────────────────────────────────────────────────────
[2026-04-06 15:07:49] [MACRO   ] BTC $69564 | 7d-high $70243 | zone: no | 4h chg: -0.25%
[2026-04-06 15:07:49] [MACRO   ] SPX $0.29 | 7d-high $0.30 | zone: no
[2026-04-06 15:07:49] [ACCT    ] Value $0.00 | Available $0.00 | Capital used 0.0% / 30%
[2026-04-06 15:07:49] [SHORT   ] BTC not in short zone — skipping
[2026-04-06 15:07:49] [RUN     ] Sleeping 1 min...
[2026-04-06 15:08:28] [RUN     ] ────────────────────────────────────────────────────────────
[2026-04-06 15:08:29] [MACRO   ] BTC $69627 | 7d-high $70243 short-zone: no | 7d-low $65697 long-zone: no | 4h chg: -0.16%
[2026-04-06 15:08:29] [MACRO   ] SPX $0.29 | 7d-high $0.30 | zone: no
[2026-04-06 15:08:29] [ACCT    ] Value $0.00 | Available $0.00 | Capital used 0.0% / 30%
[2026-04-06 15:08:29] [SHORT   ] BTC not in short zone — skipping
[2026-04-06 15:08:29] [LONG    ] BTC — no position & BTC not in long zone — skipping
[2026-04-06 15:08:29] [LONG    ] SOL — no position & BTC not in long zone — skipping
[2026-04-06 15:08:29] [LONG    ] HYPE — no position & BTC not in long zone — skipping
[2026-04-06 15:08:29] [LONG    ] XRP — no position & BTC not in long zone — skipping
[2026-04-06 15:08:29] [RUN     ] Sleeping 5 min...
[2026-04-06 15:08:49] [RUN     ] ────────────────────────────────────────────────────────────
[2026-04-06 15:08:49] [MACRO   ] BTC $69603 | 7d-high $70243 | zone: no | 4h chg: -0.20%
[2026-04-06 15:08:49] [MACRO   ] SPX $0.29 | 7d-high $0.30 | zone: no
[2026-04-06 15:08:49] [ACCT    ] Value $0.00 | Available $0.00 | Capital used 0.0% / 30%
[2026-04-06 15:08:49] [SHORT   ] BTC not in short zone — skipping
[2026-04-06 15:08:49] [RUN     ] Sleeping 1 min...
[2026-04-06 15:09:49] [RUN     ] ────────────────────────────────────────────────────────────
[2026-04-06 15:09:50] [MACRO   ] BTC $69613 | 7d-high $70243 | zone: no | 4h chg: -0.18%
[2026-04-06 15:09:50] [MACRO   ] SPX $0.29 | 7d-high $0.30 | zone: no
[2026-04-06 15:09:50] [ACCT    ] Value $0.00 | Available $0.00 | Capital used 0.0% / 30%
[2026-04-06 15:09:50] [SHORT   ] BTC not in short zone — skipping
[2026-04-06 15:09:50] [RUN     ] Sleeping 1 min...
[2026-04-06 15:10:50] [RUN     ] ────────────────────────────────────────────────────────────
[2026-04-06 15:10:51] [MACRO   ] BTC $69598 | 7d-high $70243 | zone: no | 4h chg: -0.21%
[2026-04-06 15:10:51] [MACRO   ] SPX $0.29 | 7d-high $0.30 | zone: no
[2026-04-06 15:10:51] [ACCT    ] Value $0.00 | Available $0.00 | Capital used 0.0% / 30%
[2026-04-06 15:10:51] [SHORT   ] BTC not in short zone — skipping
[2026-04-06 15:10:51] [RUN     ] Sleeping 1 min...
[2026-04-06 15:11:51] [RUN     ] ────────────────────────────────────────────────────────────
[2026-04-06 15:11:52] [MACRO   ] BTC $69603 | 7d-high $70243 | zone: no | 4h chg: -0.20%
[2026-04-06 15:11:52] [MACRO   ] SPX $0.29 | 7d-high $0.30 | zone: no
[2026-04-06 15:11:52] [ACCT    ] Value $0.00 | Available $0.00 | Capital used 0.0% / 30%
[2026-04-06 15:11:52] [SHORT   ] BTC not in short zone — skipping
[2026-04-06 15:11:52] [RUN     ] Sleeping 1 min...
[2026-04-06 15:12:52] [RUN     ] ────────────────────────────────────────────────────────────
[2026-04-06 15:12:53] [MACRO   ] BTC $69659 | 7d-high $70243 | zone: no | 4h chg: -0.12%
[2026-04-06 15:12:53] [MACRO   ] SPX $0.28 | 7d-high $0.30 | zone: no
[2026-04-06 15:12:53] [ACCT    ] Value $0.00 | Available $0.00 | Capital used 0.0% / 30%
[2026-04-06 15:12:53] [SHORT   ] BTC not in short zone — skipping
[2026-04-06 15:12:53] [RUN     ] Sleeping 1 min...
[2026-04-06 15:13:29] [RUN     ] ────────────────────────────────────────────────────────────
[2026-04-06 15:13:30] [MACRO   ] BTC $69742 | 7d-high $70243 short-zone: no | 7d-low $65697 long-zone: no | 4h chg: -0.01%
[2026-04-06 15:13:30] [MACRO   ] SPX $0.28 | 7d-high $0.30 | zone: no
[2026-04-06 15:13:30] [ACCT    ] Value $0.00 | Available $0.00 | Capital used 0.0% / 30%
[2026-04-06 15:13:30] [SHORT   ] BTC not in short zone — skipping
[2026-04-06 15:13:30] [LONG    ] BTC — no position & BTC not in long zone — skipping
[2026-04-06 15:13:30] [LONG    ] SOL — no position & BTC not in long zone — skipping
[2026-04-06 15:13:30] [LONG    ] HYPE — no position & BTC not in long zone — skipping
[2026-04-06 15:13:30] [LONG    ] XRP — no position & BTC not in long zone — skipping
[2026-04-06 15:13:30] [RUN     ] Sleeping 5 min...
[2026-04-06 15:13:53] [RUN     ] ────────────────────────────────────────────────────────────
[2026-04-06 15:13:54] [MACRO   ] BTC $69680 | 7d-high $70243 | zone: no | 4h chg: -0.09%
[2026-04-06 15:13:54] [MACRO   ] SPX $0.28 | 7d-high $0.30 | zone: no
[2026-04-06 15:13:54] [ACCT    ] Value $0.00 | Available $0.00 | Capital used 0.0% / 30%
[2026-04-06 15:13:54] [SHORT   ] BTC not in short zone — skipping
[2026-04-06 15:13:54] [RUN     ] Sleeping 1 min...
[2026-04-06 15:14:54] [RUN     ] ────────────────────────────────────────────────────────────
[2026-04-06 15:14:55] [MACRO   ] BTC $69669 | 7d-high $70243 | zone: no | 4h chg: -0.10%
[2026-04-06 15:14:55] [MACRO   ] SPX $0.28 | 7d-high $0.30 | zone: no
[2026-04-06 15:14:55] [ACCT    ] Value $0.00 | Available $0.00 | Capital used 0.0% / 30%
[2026-04-06 15:14:55] [SHORT   ] BTC not in short zone — skipping
[2026-04-06 15:14:55] [RUN     ] Sleeping 1 min...
[2026-04-06 15:15:55] [RUN     ] ────────────────────────────────────────────────────────────
[2026-04-06 15:15:55] [MACRO   ] BTC $69627 | 7d-high $70243 | zone: no | 4h chg: -0.13%
[2026-04-06 15:15:55] [MACRO   ] SPX $0.28 | 7d-high $0.30 | zone: no
[2026-04-06 15:15:55] [ACCT    ] Value $0.00 | Available $0.00 | Capital used 0.0% / 30%
[2026-04-06 15:15:55] [SHORT   ] BTC not in short zone — skipping
[2026-04-06 15:15:55] [RUN     ] Sleeping 1 min...
[2026-04-06 15:16:55] [RUN     ] ────────────────────────────────────────────────────────────
[2026-04-06 15:16:56] [MACRO   ] BTC $69651 | 7d-high $70243 | zone: no | 4h chg: -0.13%
[2026-04-06 15:16:56] [MACRO   ] SPX $0.28 | 7d-high $0.30 | zone: no
[2026-04-06 15:16:56] [ACCT    ] Value $0.00 | Available $0.00 | Capital used 0.0% / 30%
[2026-04-06 15:16:56] [SHORT   ] BTC not in short zone — skipping
[2026-04-06 15:16:56] [RUN     ] Sleeping 1 min...
[2026-04-06 15:17:56] [RUN     ] ────────────────────────────────────────────────────────────
[2026-04-06 15:17:57] [MACRO   ] BTC $69702 | 7d-high $70243 | zone: no | 4h chg: -0.04%
[2026-04-06 15:17:57] [MACRO   ] SPX $0.28 | 7d-high $0.30 | zone: no
[2026-04-06 15:17:57] [ACCT    ] Value $0.00 | Available $0.00 | Capital used 0.0% / 30%
[2026-04-06 15:17:57] [SHORT   ] BTC not in short zone — skipping
[2026-04-06 15:17:57] [RUN     ] Sleeping 1 min...
[2026-04-06 15:18:30] [RUN     ] ────────────────────────────────────────────────────────────
[2026-04-06 15:18:31] [MACRO   ] BTC $69723 | 7d-high $70243 short-zone: no | 7d-low $65697 long-zone: no | 4h chg: -0.03%
[2026-04-06 15:18:31] [MACRO   ] SPX $0.28 | 7d-high $0.30 | zone: no
[2026-04-06 15:18:31] [ACCT    ] Value $0.00 | Available $0.00 | Capital used 0.0% / 30%
[2026-04-06 15:18:31] [SHORT   ] BTC not in short zone — skipping
[2026-04-06 15:18:31] [LONG    ] BTC — no position & BTC not in long zone — skipping
[2026-04-06 15:18:31] [LONG    ] SOL — no position & BTC not in long zone — skipping
[2026-04-06 15:18:31] [LONG    ] HYPE — no position & BTC not in long zone — skipping
[2026-04-06 15:18:31] [LONG    ] XRP — no position & BTC not in long zone — skipping
[2026-04-06 15:18:31] [RUN     ] Sleeping 5 min...
[2026-04-06 15:18:57] [RUN     ] ────────────────────────────────────────────────────────────
[2026-04-06 15:18:58] [MACRO   ] BTC $69698 | 7d-high $70243 | zone: no | 4h chg: -0.06%
[2026-04-06 15:18:58] [MACRO   ] SPX $0.28 | 7d-high $0.30 | zone: no
[2026-04-06 15:18:58] [ACCT    ] Value $0.00 | Available $0.00 | Capital used 0.0% / 30%
[2026-04-06 15:18:58] [SHORT   ] BTC not in short zone — skipping
[2026-04-06 15:18:58] [RUN     ] Sleeping 1 min...
[2026-04-06 15:19:58] [RUN     ] ────────────────────────────────────────────────────────────
[2026-04-06 15:19:58] [MACRO   ] BTC $69624 | 7d-high $70243 | zone: no | 4h chg: -0.17%
[2026-04-06 15:19:58] [MACRO   ] SPX $0.28 | 7d-high $0.30 | zone: no
[2026-04-06 15:19:58] [ACCT    ] Value $0.00 | Available $0.00 | Capital used 0.0% / 30%
[2026-04-06 15:19:58] [SHORT   ] BTC not in short zone — skipping
[2026-04-06 15:19:58] [RUN     ] Sleeping 1 min...
[2026-04-06 15:20:58] [RUN     ] ────────────────────────────────────────────────────────────
[2026-04-06 15:20:59] [MACRO   ] BTC $69630 | 7d-high $70243 | zone: no | 4h chg: -0.16%
[2026-04-06 15:20:59] [MACRO   ] SPX $0.28 | 7d-high $0.30 | zone: no
[2026-04-06 15:20:59] [ACCT    ] Value $0.00 | Available $0.00 | Capital used 0.0% / 30%
[2026-04-06 15:20:59] [SHORT   ] BTC not in short zone — skipping
[2026-04-06 15:20:59] [RUN     ] Sleeping 1 min...
[2026-04-06 15:21:59] [RUN     ] ────────────────────────────────────────────────────────────
[2026-04-06 15:22:00] [MACRO   ] BTC $69621 | 7d-high $70243 | zone: no | 4h chg: -0.17%
[2026-04-06 15:22:00] [MACRO   ] SPX $0.28 | 7d-high $0.30 | zone: no
[2026-04-06 15:22:00] [ACCT    ] Value $0.00 | Available $0.00 | Capital used 0.0% / 30%
[2026-04-06 15:22:00] [SHORT   ] BTC not in short zone — skipping
[2026-04-06 15:22:00] [RUN     ] Sleeping 1 min...
[2026-04-06 15:23:00] [RUN     ] ────────────────────────────────────────────────────────────
[2026-04-06 15:23:01] [MACRO   ] BTC $69646 | 7d-high $70243 | zone: no | 4h chg: -0.13%
[2026-04-06 15:23:01] [MACRO   ] SPX $0.29 | 7d-high $0.30 | zone: no
[2026-04-06 15:23:01] [ACCT    ] Value $0.00 | Available $0.00 | Capital used 0.0% / 30%
[2026-04-06 15:23:01] [SHORT   ] BTC not in short zone — skipping
[2026-04-06 15:23:01] [RUN     ] Sleeping 1 min...
[2026-04-06 15:23:31] [RUN     ] ────────────────────────────────────────────────────────────
[2026-04-06 15:23:31] [MACRO   ] BTC $69641 | 7d-high $70243 short-zone: no | 7d-low $65697 long-zone: no | 4h chg: -0.14%
[2026-04-06 15:23:31] [MACRO   ] SPX $0.29 | 7d-high $0.30 | zone: no
[2026-04-06 15:23:31] [ACCT    ] Value $0.00 | Available $0.00 | Capital used 0.0% / 30%
[2026-04-06 15:23:31] [SHORT   ] BTC not in short zone — skipping
[2026-04-06 15:23:31] [LONG    ] BTC — no position & BTC not in long zone — skipping
[2026-04-06 15:23:31] [LONG    ] SOL — no position & BTC not in long zone — skipping
[2026-04-06 15:23:31] [LONG    ] HYPE — no position & BTC not in long zone — skipping
[2026-04-06 15:23:31] [LONG    ] XRP — no position & BTC not in long zone — skipping
[2026-04-06 15:23:31] [RUN     ] Sleeping 5 min...
[2026-04-06 15:24:01] [RUN     ] ────────────────────────────────────────────────────────────
[2026-04-06 15:24:02] [MACRO   ] BTC $69615 | 7d-high $70243 | zone: no | 4h chg: -0.18%
[2026-04-06 15:24:02] [MACRO   ] SPX $0.29 | 7d-high $0.30 | zone: no
[2026-04-06 15:24:02] [ACCT    ] Value $0.00 | Available $0.00 | Capital used 0.0% / 30%
[2026-04-06 15:24:02] [SHORT   ] BTC not in short zone — skipping
[2026-04-06 15:24:02] [RUN     ] Sleeping 1 min...
[2026-04-06 15:25:02] [RUN     ] ────────────────────────────────────────────────────────────
[2026-04-06 15:25:03] [MACRO   ] BTC $69615 | 7d-high $70243 | zone: no | 4h chg: -0.18%
[2026-04-06 15:25:03] [MACRO   ] SPX $0.29 | 7d-high $0.30 | zone: no
[2026-04-06 15:25:03] [ACCT    ] Value $0.00 | Available $0.00 | Capital used 0.0% / 30%
[2026-04-06 15:25:03] [SHORT   ] BTC not in short zone — skipping
[2026-04-06 15:25:03] [RUN     ] Sleeping 1 min...
[2026-04-06 15:26:03] [RUN     ] ────────────────────────────────────────────────────────────
[2026-04-06 15:26:03] [MACRO   ] BTC $69600 | 7d-high $70243 | zone: no | 4h chg: -0.20%
[2026-04-06 15:26:03] [MACRO   ] SPX $0.29 | 7d-high $0.30 | zone: no
[2026-04-06 15:26:04] [ACCT    ] Value $0.00 | Available $0.00 | Capital used 0.0% / 30%
[2026-04-06 15:26:04] [SHORT   ] BTC not in short zone — skipping
[2026-04-06 15:26:04] [RUN     ] Sleeping 1 min...
[2026-04-06 15:27:04] [RUN     ] ────────────────────────────────────────────────────────────
[2026-04-06 15:27:04] [MACRO   ] BTC $69578 | 7d-high $70243 | zone: no | 4h chg: -0.23%
[2026-04-06 15:27:04] [MACRO   ] SPX $0.29 | 7d-high $0.30 | zone: no
[2026-04-06 15:27:04] [ACCT    ] Value $0.00 | Available $0.00 | Capital used 0.0% / 30%
[2026-04-06 15:27:04] [SHORT   ] BTC not in short zone — skipping
[2026-04-06 15:27:04] [RUN     ] Sleeping 1 min...
[2026-04-06 15:28:04] [RUN     ] ────────────────────────────────────────────────────────────
[2026-04-06 15:28:05] [MACRO   ] BTC $69617 | 7d-high $70243 | zone: no | 4h chg: -0.18%
[2026-04-06 15:28:05] [MACRO   ] SPX $0.29 | 7d-high $0.30 | zone: no
[2026-04-06 15:28:05] [ACCT    ] Value $0.00 | Available $0.00 | Capital used 0.0% / 30%
[2026-04-06 15:28:05] [SHORT   ] BTC not in short zone — skipping
[2026-04-06 15:28:05] [RUN     ] Sleeping 1 min...
[2026-04-06 15:28:31] [RUN     ] ────────────────────────────────────────────────────────────
[2026-04-06 15:28:32] [MACRO   ] BTC $69603 | 7d-high $70243 short-zone: no | 7d-low $65697 long-zone: no | 4h chg: -0.20%
[2026-04-06 15:28:32] [MACRO   ] SPX $0.29 | 7d-high $0.30 | zone: no
[2026-04-06 15:28:32] [ACCT    ] Value $0.00 | Available $0.00 | Capital used 0.0% / 30%
[2026-04-06 15:28:32] [SHORT   ] BTC not in short zone — skipping
[2026-04-06 15:28:32] [LONG    ] BTC — no position & BTC not in long zone — skipping
[2026-04-06 15:28:32] [LONG    ] SOL — no position & BTC not in long zone — skipping
[2026-04-06 15:28:32] [LONG    ] HYPE — no position & BTC not in long zone — skipping
[2026-04-06 15:28:32] [LONG    ] XRP — no position & BTC not in long zone — skipping
[2026-04-06 15:28:32] [RUN     ] Sleeping 5 min...
[2026-04-06 15:29:05] [RUN     ] ────────────────────────────────────────────────────────────
[2026-04-06 15:29:06] [MACRO   ] BTC $69675 | 7d-high $70243 | zone: no | 4h chg: -0.11%
[2026-04-06 15:29:06] [MACRO   ] SPX $0.29 | 7d-high $0.30 | zone: no
[2026-04-06 15:29:06] [ACCT    ] Value $0.00 | Available $0.00 | Capital used 0.0% / 30%
[2026-04-06 15:29:06] [SHORT   ] BTC not in short zone — skipping
[2026-04-06 15:29:06] [RUN     ] Sleeping 1 min...
[2026-04-06 15:30:06] [RUN     ] ────────────────────────────────────────────────────────────
[2026-04-06 15:30:07] [MACRO   ] BTC $69736 | 7d-high $70243 | zone: no | 4h chg: 0.02%
[2026-04-06 15:30:07] [MACRO   ] SPX $0.29 | 7d-high $0.30 | zone: no
[2026-04-06 15:30:07] [ACCT    ] Value $0.00 | Available $0.00 | Capital used 0.0% / 30%
[2026-04-06 15:30:07] [SHORT   ] BTC not in short zone — skipping
[2026-04-06 15:30:07] [RUN     ] Sleeping 1 min...
[2026-04-06 15:31:07] [RUN     ] ────────────────────────────────────────────────────────────
[2026-04-06 15:31:07] [MACRO   ] BTC $69739 | 7d-high $70243 | zone: no | 4h chg: -0.00%
[2026-04-06 15:31:07] [MACRO   ] SPX $0.29 | 7d-high $0.30 | zone: no
[2026-04-06 15:31:07] [ACCT    ] Value $0.00 | Available $0.00 | Capital used 0.0% / 30%
[2026-04-06 15:31:07] [SHORT   ] BTC not in short zone — skipping
[2026-04-06 15:31:07] [RUN     ] Sleeping 1 min...
[2026-04-06 15:32:07] [RUN     ] ────────────────────────────────────────────────────────────
[2026-04-06 15:32:08] [MACRO   ] BTC $69682 | 7d-high $70243 | zone: no | 4h chg: -0.08%
[2026-04-06 15:32:08] [MACRO   ] SPX $0.29 | 7d-high $0.30 | zone: no
[2026-04-06 15:32:08] [ACCT    ] Value $0.00 | Available $0.00 | Capital used 0.0% / 30%
[2026-04-06 15:32:08] [SHORT   ] BTC not in short zone — skipping
[2026-04-06 15:32:08] [RUN     ] Sleeping 1 min...
[2026-04-06 15:33:08] [RUN     ] ────────────────────────────────────────────────────────────
[2026-04-06 15:33:09] [MACRO   ] BTC $69642 | 7d-high $70243 | zone: no | 4h chg: -0.11%
[2026-04-06 15:33:09] [MACRO   ] SPX $0.29 | 7d-high $0.30 | zone: no
[2026-04-06 15:33:09] [ACCT    ] Value $0.00 | Available $0.00 | Capital used 0.0% / 30%
[2026-04-06 15:33:09] [SHORT   ] BTC not in short zone — skipping
[2026-04-06 15:33:09] [RUN     ] Sleeping 1 min...
[2026-04-06 15:33:32] [RUN     ] ────────────────────────────────────────────────────────────
[2026-04-06 15:33:33] [MACRO   ] BTC $69683 | 7d-high $70243 short-zone: no | 7d-low $65697 long-zone: no | 4h chg: -0.08%
[2026-04-06 15:33:33] [MACRO   ] SPX $0.29 | 7d-high $0.30 | zone: no
[2026-04-06 15:33:33] [ACCT    ] Value $0.00 | Available $0.00 | Capital used 0.0% / 30%
[2026-04-06 15:33:33] [SHORT   ] BTC not in short zone — skipping
[2026-04-06 15:33:33] [LONG    ] BTC — no position & BTC not in long zone — skipping
[2026-04-06 15:33:33] [LONG    ] SOL — no position & BTC not in long zone — skipping
[2026-04-06 15:33:33] [LONG    ] HYPE — no position & BTC not in long zone — skipping
[2026-04-06 15:33:33] [LONG    ] XRP — no position & BTC not in long zone — skipping
[2026-04-06 15:33:33] [RUN     ] Sleeping 5 min...
[2026-04-06 15:34:09] [RUN     ] ────────────────────────────────────────────────────────────
[2026-04-06 15:34:10] [MACRO   ] BTC $69736 | 7d-high $70243 | zone: no | 4h chg: -0.01%
[2026-04-06 15:34:10] [MACRO   ] SPX $0.29 | 7d-high $0.30 | zone: no
[2026-04-06 15:34:10] [ACCT    ] Value $0.00 | Available $0.00 | Capital used 0.0% / 30%
[2026-04-06 15:34:10] [SHORT   ] BTC not in short zone — skipping
[2026-04-06 15:34:10] [RUN     ] Sleeping 1 min...
[2026-04-06 15:35:10] [RUN     ] ────────────────────────────────────────────────────────────
[2026-04-06 15:35:10] [MACRO   ] BTC $69691 | 7d-high $70243 | zone: no | 4h chg: -0.07%
[2026-04-06 15:35:10] [MACRO   ] SPX $0.29 | 7d-high $0.30 | zone: no
[2026-04-06 15:35:10] [ACCT    ] Value $0.00 | Available $0.00 | Capital used 0.0% / 30%
[2026-04-06 15:35:10] [SHORT   ] BTC not in short zone — skipping
[2026-04-06 15:35:10] [RUN     ] Sleeping 1 min...
[2026-04-06 15:36:10] [RUN     ] ────────────────────────────────────────────────────────────
[2026-04-06 15:36:11] [MACRO   ] BTC $69693 | 7d-high $70243 | zone: no | 4h chg: -0.07%
[2026-04-06 15:36:11] [MACRO   ] SPX $0.29 | 7d-high $0.30 | zone: no
[2026-04-06 15:36:11] [ACCT    ] Value $0.00 | Available $0.00 | Capital used 0.0% / 30%
[2026-04-06 15:36:11] [SHORT   ] BTC not in short zone — skipping
[2026-04-06 15:36:11] [RUN     ] Sleeping 1 min...
[2026-04-06 15:37:11] [RUN     ] ────────────────────────────────────────────────────────────
[2026-04-06 15:37:12] [MACRO   ] BTC $69631 | 7d-high $70243 | zone: no | 4h chg: -0.16%
[2026-04-06 15:37:12] [MACRO   ] SPX $0.29 | 7d-high $0.30 | zone: no
[2026-04-06 15:37:12] [ACCT    ] Value $0.00 | Available $0.00 | Capital used 0.0% / 30%
[2026-04-06 15:37:12] [SHORT   ] BTC not in short zone — skipping
[2026-04-06 15:37:12] [RUN     ] Sleeping 1 min...
[2026-04-06 15:38:12] [RUN     ] ────────────────────────────────────────────────────────────
[2026-04-06 15:38:13] [MACRO   ] BTC $69667 | 7d-high $70243 | zone: no | 4h chg: -0.12%
[2026-04-06 15:38:13] [MACRO   ] SPX $0.29 | 7d-high $0.30 | zone: no
[2026-04-06 15:38:13] [ACCT    ] Value $0.00 | Available $0.00 | Capital used 0.0% / 30%
[2026-04-06 15:38:13] [SHORT   ] BTC not in short zone — skipping
[2026-04-06 15:38:13] [RUN     ] Sleeping 1 min...
[2026-04-06 15:38:33] [RUN     ] ────────────────────────────────────────────────────────────
[2026-04-06 15:38:34] [MACRO   ] BTC $69682 | 7d-high $70243 short-zone: no | 7d-low $65697 long-zone: no | 4h chg: -0.08%
[2026-04-06 15:38:34] [MACRO   ] SPX $0.29 | 7d-high $0.30 | zone: no
[2026-04-06 15:38:34] [ACCT    ] Value $0.00 | Available $0.00 | Capital used 0.0% / 30%
[2026-04-06 15:38:34] [SHORT   ] BTC not in short zone — skipping
[2026-04-06 15:38:34] [LONG    ] BTC — no position & BTC not in long zone — skipping
[2026-04-06 15:38:34] [LONG    ] SOL — no position & BTC not in long zone — skipping
[2026-04-06 15:38:34] [LONG    ] HYPE — no position & BTC not in long zone — skipping
[2026-04-06 15:38:34] [LONG    ] XRP — no position & BTC not in long zone — skipping
[2026-04-06 15:38:34] [RUN     ] Sleeping 5 min...
[2026-04-06 15:39:13] [RUN     ] ────────────────────────────────────────────────────────────
[2026-04-06 15:39:14] [MACRO   ] BTC $69672 | 7d-high $70243 | zone: no | 4h chg: -0.10%
[2026-04-06 15:39:14] [MACRO   ] SPX $0.29 | 7d-high $0.30 | zone: no
[2026-04-06 15:39:14] [ACCT    ] Value $0.00 | Available $0.00 | Capital used 0.0% / 30%
[2026-04-06 15:39:14] [SHORT   ] BTC not in short zone — skipping
[2026-04-06 15:39:14] [RUN     ] Sleeping 1 min...
[2026-04-06 15:40:14] [RUN     ] ────────────────────────────────────────────────────────────
[2026-04-06 15:40:15] [MACRO   ] BTC $69725 | 7d-high $70243 | zone: no | 4h chg: -0.02%
[2026-04-06 15:40:15] [MACRO   ] SPX $0.29 | 7d-high $0.30 | zone: no
[2026-04-06 15:40:15] [ACCT    ] Value $0.00 | Available $0.00 | Capital used 0.0% / 30%
[2026-04-06 15:40:15] [SHORT   ] BTC not in short zone — skipping
[2026-04-06 15:40:15] [RUN     ] Sleeping 1 min...
[2026-04-06 15:41:15] [RUN     ] ────────────────────────────────────────────────────────────
[2026-04-06 15:41:15] [MACRO   ] BTC $69699 | 7d-high $70243 | zone: no | 4h chg: -0.05%
[2026-04-06 15:41:15] [MACRO   ] SPX $0.29 | 7d-high $0.30 | zone: no
[2026-04-06 15:41:15] [ACCT    ] Value $0.00 | Available $0.00 | Capital used 0.0% / 30%
[2026-04-06 15:41:15] [SHORT   ] BTC not in short zone — skipping
[2026-04-06 15:41:15] [RUN     ] Sleeping 1 min...
[2026-04-06 15:42:15] [RUN     ] ────────────────────────────────────────────────────────────
[2026-04-06 15:42:16] [MACRO   ] BTC $69682 | 7d-high $70243 | zone: no | 4h chg: -0.08%
[2026-04-06 15:42:16] [MACRO   ] SPX $0.29 | 7d-high $0.30 | zone: no
[2026-04-06 15:42:16] [ACCT    ] Value $0.00 | Available $0.00 | Capital used 0.0% / 30%
[2026-04-06 15:42:16] [SHORT   ] BTC not in short zone — skipping
[2026-04-06 15:42:16] [RUN     ] Sleeping 1 min...
[2026-04-06 15:43:16] [RUN     ] ────────────────────────────────────────────────────────────
[2026-04-06 15:43:17] [MACRO   ] BTC $69731 | 7d-high $70243 | zone: no | 4h chg: -0.01%
[2026-04-06 15:43:17] [MACRO   ] SPX $0.29 | 7d-high $0.30 | zone: no
[2026-04-06 15:43:17] [ACCT    ] Value $0.00 | Available $0.00 | Capital used 0.0% / 30%
[2026-04-06 15:43:17] [SHORT   ] BTC not in short zone — skipping
[2026-04-06 15:43:17] [RUN     ] Sleeping 1 min...
[2026-04-06 15:43:34] [RUN     ] ────────────────────────────────────────────────────────────
[2026-04-06 15:43:35] [MACRO   ] BTC $69713 | 7d-high $70243 short-zone: no | 7d-low $65697 long-zone: no | 4h chg: -0.04%
[2026-04-06 15:43:35] [MACRO   ] SPX $0.29 | 7d-high $0.30 | zone: no
[2026-04-06 15:43:35] [ACCT    ] Value $0.00 | Available $0.00 | Capital used 0.0% / 30%
[2026-04-06 15:43:35] [SHORT   ] BTC not in short zone — skipping
[2026-04-06 15:43:35] [LONG    ] BTC — no position & BTC not in long zone — skipping
[2026-04-06 15:43:35] [LONG    ] SOL — no position & BTC not in long zone — skipping
[2026-04-06 15:43:35] [LONG    ] HYPE — no position & BTC not in long zone — skipping
[2026-04-06 15:43:35] [LONG    ] XRP — no position & BTC not in long zone — skipping
[2026-04-06 15:43:35] [RUN     ] Sleeping 5 min...
[2026-04-06 15:44:17] [RUN     ] ────────────────────────────────────────────────────────────
[2026-04-06 15:44:18] [MACRO   ] BTC $69784 | 7d-high $70243 | zone: no | 4h chg: 0.06%
[2026-04-06 15:44:18] [MACRO   ] SPX $0.29 | 7d-high $0.30 | zone: no
[2026-04-06 15:44:18] [ACCT    ] Value $0.00 | Available $0.00 | Capital used 0.0% / 30%
[2026-04-06 15:44:18] [SHORT   ] BTC not in short zone — skipping
[2026-04-06 15:44:18] [RUN     ] Sleeping 1 min...
[2026-04-06 15:45:18] [RUN     ] ────────────────────────────────────────────────────────────
[2026-04-06 15:45:19] [MACRO   ] BTC $69795 | 7d-high $70243 | zone: no | 4h chg: 0.08%
[2026-04-06 15:45:19] [MACRO   ] SPX $0.29 | 7d-high $0.30 | zone: no
[2026-04-06 15:45:19] [ACCT    ] Value $0.00 | Available $0.00 | Capital used 0.0% / 30%
[2026-04-06 15:45:19] [SHORT   ] BTC not in short zone — skipping
[2026-04-06 15:45:19] [RUN     ] Sleeping 1 min...
[2026-04-06 15:46:19] [RUN     ] ────────────────────────────────────────────────────────────
[2026-04-06 15:46:20] [MACRO   ] BTC $69768 | 7d-high $70243 | zone: no | 4h chg: 0.02%
[2026-04-06 15:46:20] [MACRO   ] SPX $0.29 | 7d-high $0.30 | zone: no
[2026-04-06 15:46:20] [ACCT    ] Value $0.00 | Available $0.00 | Capital used 0.0% / 30%
[2026-04-06 15:46:20] [SHORT   ] BTC not in short zone — skipping
[2026-04-06 15:46:20] [RUN     ] Sleeping 1 min...
[2026-04-06 15:47:20] [RUN     ] ────────────────────────────────────────────────────────────
[2026-04-06 15:47:20] [MACRO   ] BTC $69780 | 7d-high $70243 | zone: no | 4h chg: 0.06%
[2026-04-06 15:47:20] [MACRO   ] SPX $0.29 | 7d-high $0.30 | zone: no
[2026-04-06 15:47:20] [ACCT    ] Value $0.00 | Available $0.00 | Capital used 0.0% / 30%
[2026-04-06 15:47:20] [SHORT   ] BTC not in short zone — skipping
[2026-04-06 15:47:20] [RUN     ] Sleeping 1 min...
[2026-04-06 15:48:20] [RUN     ] ────────────────────────────────────────────────────────────
[2026-04-06 15:48:21] [MACRO   ] BTC $69810 | 7d-high $70243 | zone: no | 4h chg: 0.10%
[2026-04-06 15:48:21] [MACRO   ] SPX $0.29 | 7d-high $0.30 | zone: no
[2026-04-06 15:48:21] [ACCT    ] Value $0.00 | Available $0.00 | Capital used 0.0% / 30%
[2026-04-06 15:48:21] [SHORT   ] BTC not in short zone — skipping
[2026-04-06 15:48:21] [RUN     ] Sleeping 1 min...
[2026-04-06 15:48:35] [RUN     ] ────────────────────────────────────────────────────────────
[2026-04-06 15:48:35] [MACRO   ] BTC $69815 | 7d-high $70243 short-zone: no | 7d-low $65697 long-zone: no | 4h chg: 0.11%
[2026-04-06 15:48:35] [MACRO   ] SPX $0.29 | 7d-high $0.30 | zone: no
[2026-04-06 15:48:35] [ACCT    ] Value $0.00 | Available $0.00 | Capital used 0.0% / 30%
[2026-04-06 15:48:35] [SHORT   ] BTC not in short zone — skipping
[2026-04-06 15:48:35] [LONG    ] BTC — no position & BTC not in long zone — skipping
[2026-04-06 15:48:35] [LONG    ] SOL — no position & BTC not in long zone — skipping
[2026-04-06 15:48:35] [LONG    ] HYPE — no position & BTC not in long zone — skipping
[2026-04-06 15:48:35] [LONG    ] XRP — no position & BTC not in long zone — skipping
[2026-04-06 15:48:35] [RUN     ] Sleeping 5 min...
[2026-04-06 15:49:21] [RUN     ] ────────────────────────────────────────────────────────────
[2026-04-06 15:49:22] [MACRO   ] BTC $69796 | 7d-high $70243 | zone: no | 4h chg: 0.08%
[2026-04-06 15:49:22] [MACRO   ] SPX $0.29 | 7d-high $0.30 | zone: no
[2026-04-06 15:49:22] [ACCT    ] Value $0.00 | Available $0.00 | Capital used 0.0% / 30%
[2026-04-06 15:49:22] [SHORT   ] BTC not in short zone — skipping
[2026-04-06 15:49:22] [RUN     ] Sleeping 1 min...
[2026-04-06 15:50:22] [RUN     ] ────────────────────────────────────────────────────────────
[2026-04-06 15:50:23] [MACRO   ] BTC $69793 | 7d-high $70243 | zone: no | 4h chg: 0.08%
[2026-04-06 15:50:23] [MACRO   ] SPX $0.29 | 7d-high $0.30 | zone: no
[2026-04-06 15:50:23] [ACCT    ] Value $0.00 | Available $0.00 | Capital used 0.0% / 30%
[2026-04-06 15:50:23] [SHORT   ] BTC not in short zone — skipping
[2026-04-06 15:50:23] [RUN     ] Sleeping 1 min...
[2026-04-06 15:51:23] [RUN     ] ────────────────────────────────────────────────────────────
[2026-04-06 15:51:23] [MACRO   ] BTC $69847 | 7d-high $70243 | zone: no | 4h chg: 0.15%
[2026-04-06 15:51:23] [MACRO   ] SPX $0.29 | 7d-high $0.30 | zone: no
[2026-04-06 15:51:23] [ACCT    ] Value $0.00 | Available $0.00 | Capital used 0.0% / 30%
[2026-04-06 15:51:23] [SHORT   ] BTC not in short zone — skipping
[2026-04-06 15:51:23] [RUN     ] Sleeping 1 min...
[2026-04-06 15:52:23] [RUN     ] ────────────────────────────────────────────────────────────
[2026-04-06 15:52:25] [MACRO   ] BTC $69814 | 7d-high $70243 | zone: no | 4h chg: 0.11%
[2026-04-06 15:52:25] [MACRO   ] SPX $0.29 | 7d-high $0.30 | zone: no
[2026-04-06 15:52:25] [ACCT    ] Value $0.00 | Available $0.00 | Capital used 0.0% / 30%
[2026-04-06 15:52:25] [SHORT   ] BTC not in short zone — skipping
[2026-04-06 15:52:25] [RUN     ] Sleeping 1 min...
[2026-04-06 15:53:25] [RUN     ] ────────────────────────────────────────────────────────────
[2026-04-06 15:53:26] [MACRO   ] BTC $69912 | 7d-high $70243 | zone: ✓ YES | 4h chg: 0.25%
[2026-04-06 15:53:26] [MACRO   ] SPX $0.29 | 7d-high $0.30 | zone: no
[2026-04-06 15:53:26] [ACCT    ] Value $0.00 | Available $0.00 | Capital used 0.0% / 30%
[2026-04-06 15:53:26] [SHORT   ] CHILLGUY up only 5.0% in 24h (need ≥7.000000000000001%) — skip
[2026-04-06 15:53:26] [SHORT   ] ALGO up only 1.9% in 24h (need ≥7.000000000000001%) — skip
[2026-04-06 15:53:26] [RUN     ] Sleeping 1 min...
[2026-04-06 15:53:35] [RUN     ] ────────────────────────────────────────────────────────────
[2026-04-06 15:53:36] [MACRO   ] BTC $69862 | 7d-high $70243 short-zone: no | 7d-low $65697 long-zone: no | 4h chg: 0.17%
[2026-04-06 15:53:36] [MACRO   ] SPX $0.29 | 7d-high $0.30 | zone: no
[2026-04-06 15:53:36] [ACCT    ] Value $0.00 | Available $0.00 | Capital used 0.0% / 30%
[2026-04-06 15:53:36] [SHORT   ] BTC not in short zone — skipping
[2026-04-06 15:53:36] [LONG    ] BTC — no position & BTC not in long zone — skipping
[2026-04-06 15:53:36] [LONG    ] SOL — no position & BTC not in long zone — skipping
[2026-04-06 15:53:36] [LONG    ] HYPE — no position & BTC not in long zone — skipping
[2026-04-06 15:53:36] [LONG    ] XRP — no position & BTC not in long zone — skipping
[2026-04-06 15:53:36] [RUN     ] Sleeping 5 min...
[2026-04-06 15:54:26] [RUN     ] ────────────────────────────────────────────────────────────
[2026-04-06 15:54:27] [MACRO   ] BTC $69890 | 7d-high $70243 | zone: no | 4h chg: 0.21%
[2026-04-06 15:54:27] [MACRO   ] SPX $0.29 | 7d-high $0.30 | zone: no
[2026-04-06 15:54:27] [ACCT    ] Value $0.00 | Available $0.00 | Capital used 0.0% / 30%
[2026-04-06 15:54:27] [SHORT   ] BTC not in short zone — skipping
[2026-04-06 15:54:27] [RUN     ] Sleeping 1 min...
[2026-04-06 15:55:27] [RUN     ] ────────────────────────────────────────────────────────────
[2026-04-06 15:55:28] [MACRO   ] BTC $69902 | 7d-high $70243 | zone: ✓ YES | 4h chg: 0.21%
[2026-04-06 15:55:28] [MACRO   ] SPX $0.29 | 7d-high $0.30 | zone: no
[2026-04-06 15:55:28] [ACCT    ] Value $0.00 | Available $0.00 | Capital used 0.0% / 30%
[2026-04-06 15:55:28] [SHORT   ] CHILLGUY up only 5.0% in 24h (need ≥7.000000000000001%) — skip
[2026-04-06 15:55:28] [SHORT   ] ALGO up only 2.0% in 24h (need ≥7.000000000000001%) — skip
[2026-04-06 15:55:28] [RUN     ] Sleeping 1 min...
[2026-04-06 15:56:28] [RUN     ] ────────────────────────────────────────────────────────────
[2026-04-06 15:56:29] [MACRO   ] BTC $69886 | 7d-high $70243 | zone: no | 4h chg: 0.21%
[2026-04-06 15:56:29] [MACRO   ] SPX $0.29 | 7d-high $0.30 | zone: no
[2026-04-06 15:56:29] [ACCT    ] Value $0.00 | Available $0.00 | Capital used 0.0% / 30%
[2026-04-06 15:56:29] [SHORT   ] BTC not in short zone — skipping
[2026-04-06 15:56:29] [RUN     ] Sleeping 1 min...
[2026-04-06 15:57:29] [RUN     ] ────────────────────────────────────────────────────────────
[2026-04-06 15:57:30] [MACRO   ] BTC $69912 | 7d-high $70243 | zone: ✓ YES | 4h chg: 0.25%
[2026-04-06 15:57:30] [MACRO   ] SPX $0.29 | 7d-high $0.30 | zone: no
[2026-04-06 15:57:30] [ACCT    ] Value $0.00 | Available $0.00 | Capital used 0.0% / 30%
[2026-04-06 15:57:30] [SHORT   ] CHILLGUY up only 5.0% in 24h (need ≥7.000000000000001%) — skip
[2026-04-06 15:57:30] [SHORT   ] ALGO up only 2.0% in 24h (need ≥7.000000000000001%) — skip
[2026-04-06 15:57:30] [RUN     ] Sleeping 1 min...
[2026-04-06 15:58:30] [RUN     ] ────────────────────────────────────────────────────────────
[2026-04-06 15:58:31] [MACRO   ] BTC $69865 | 7d-high $70243 | zone: no | 4h chg: 0.18%
[2026-04-06 15:58:31] [MACRO   ] SPX $0.29 | 7d-high $0.30 | zone: no
[2026-04-06 15:58:31] [ACCT    ] Value $0.00 | Available $0.00 | Capital used 0.0% / 30%
[2026-04-06 15:58:31] [SHORT   ] BTC not in short zone — skipping
[2026-04-06 15:58:31] [RUN     ] Sleeping 1 min...
[2026-04-06 15:58:36] [RUN     ] ────────────────────────────────────────────────────────────
[2026-04-06 15:58:38] [MACRO   ] BTC $69868 | 7d-high $70243 short-zone: no | 7d-low $65697 long-zone: no | 4h chg: 0.18%
[2026-04-06 15:58:38] [MACRO   ] SPX $0.29 | 7d-high $0.30 | zone: no
[2026-04-06 15:58:38] [ACCT    ] Value $0.00 | Available $0.00 | Capital used 0.0% / 30%
[2026-04-06 15:58:38] [SHORT   ] BTC not in short zone — skipping
[2026-04-06 15:58:38] [LONG    ] BTC — no position & BTC not in long zone — skipping
[2026-04-06 15:58:38] [LONG    ] SOL — no position & BTC not in long zone — skipping
[2026-04-06 15:58:38] [LONG    ] HYPE — no position & BTC not in long zone — skipping
[2026-04-06 15:58:38] [LONG    ] XRP — no position & BTC not in long zone — skipping
[2026-04-06 15:58:38] [RUN     ] Sleeping 5 min...
[2026-04-06 15:59:31] [RUN     ] ────────────────────────────────────────────────────────────
[2026-04-06 15:59:32] [MACRO   ] BTC $69877 | 7d-high $70243 | zone: no | 4h chg: 0.20%
[2026-04-06 15:59:32] [MACRO   ] SPX $0.29 | 7d-high $0.30 | zone: no
[2026-04-06 15:59:32] [ACCT    ] Value $0.00 | Available $0.00 | Capital used 0.0% / 30%
[2026-04-06 15:59:32] [SHORT   ] BTC not in short zone — skipping
[2026-04-06 15:59:32] [RUN     ] Sleeping 1 min...
[2026-04-06 16:00:32] [RUN     ] ────────────────────────────────────────────────────────────
[2026-04-06 16:00:33] [MACRO   ] BTC $69900 | 7d-high $70243 | zone: ✓ YES | 4h chg: 0.45%
[2026-04-06 16:00:33] [MACRO   ] SPX $0.29 | 7d-high $0.30 | zone: no
[2026-04-06 16:00:33] [ACCT    ] Value $0.00 | Available $0.00 | Capital used 0.0% / 30%
[2026-04-06 16:00:34] [SHORT   ] CHILLGUY up only 5.1% in 24h (need ≥7.000000000000001%) — skip
[2026-04-06 16:00:34] [SHORT   ] ALGO up only 2.1% in 24h (need ≥7.000000000000001%) — skip
[2026-04-06 16:00:34] [RUN     ] Sleeping 1 min...
[2026-04-06 16:01:34] [RUN     ] ────────────────────────────────────────────────────────────
[2026-04-06 16:01:35] [MACRO   ] BTC $69944 | 7d-high $70243 | zone: ✓ YES | 4h chg: 0.52%
[2026-04-06 16:01:35] [MACRO   ] SPX $0.29 | 7d-high $0.30 | zone: no
[2026-04-06 16:01:35] [ACCT    ] Value $0.00 | Available $0.00 | Capital used 0.0% / 30%
[2026-04-06 16:01:35] [SHORT   ] CHILLGUY up only 4.9% in 24h (need ≥7.000000000000001%) — skip
[2026-04-06 16:01:35] [SHORT   ] ALGO up only 2.1% in 24h (need ≥7.000000000000001%) — skip
[2026-04-06 16:01:35] [RUN     ] Sleeping 1 min...
[2026-04-06 16:02:15] [EXIT    ] Process exited — code 3221225786
[2026-04-06 16:02:15] [EXIT    ] Process exited — code 3221225786
[2026-04-06 18:44:47] [START   ] ════════════════════════════════════════════════════════════
[2026-04-06 18:44:47] [START   ] Insolvent Terminal — Strategy Manager
[2026-04-06 18:44:47] [START   ] Address:   0xE05B576cDB74634D5c94Fb8C95f80431258992fe
[2026-04-06 18:44:47] [START   ] Long:      BTC, SOL, HYPE, XRP
[2026-04-06 18:44:47] [START   ] Short:     ALGO, CHILLGUY, PUMP
[2026-04-06 18:44:47] [START   ] Cap limit: 30% | Short zone: 0.5% from 7d high | Long zone: 0.5% from 7d low | Interval: 5min
[2026-04-06 18:44:47] [START   ] ════════════════════════════════════════════════════════════
[2026-04-06 18:44:48] [RUN     ] ────────────────────────────────────────────────────────────
[2026-04-06 18:44:48] [MACRO   ] BTC $69736 | 7d-high $70316 short-zone: no | 7d-low $65697 long-zone: no | 4h chg: 0.48%
[2026-04-06 18:44:48] [MACRO   ] SPX $0.28 | 7d-high $0.30 | zone: no
[2026-04-06 18:44:48] [ACCT    ] Value $0.00 | Available $0.00 | Capital used 0.0% / 30%
[2026-04-06 18:44:48] [SHORT   ] BTC not in short zone — skipping
[2026-04-06 18:44:48] [LONG    ] BTC — no position & BTC not in long zone — skipping
[2026-04-06 18:44:48] [LONG    ] SOL — no position & BTC not in long zone — skipping
[2026-04-06 18:44:48] [LONG    ] HYPE — no position & BTC not in long zone — skipping
[2026-04-06 18:44:48] [LONG    ] XRP — no position & BTC not in long zone — skipping
[2026-04-06 18:44:48] [RUN     ] Sleeping 5 min...
[2026-04-06 18:49:48] [RUN     ] ────────────────────────────────────────────────────────────
[2026-04-06 18:49:49] [MACRO   ] BTC $69714 | 7d-high $70316 short-zone: no | 7d-low $65697 long-zone: no | 4h chg: 0.45%
[2026-04-06 18:49:49] [MACRO   ] SPX $0.29 | 7d-high $0.30 | zone: no
[2026-04-06 18:49:49] [ACCT    ] Value $0.00 | Available $0.00 | Capital used 0.0% / 30%
[2026-04-06 18:49:49] [SHORT   ] BTC not in short zone — skipping
[2026-04-06 18:49:49] [LONG    ] BTC — no position & BTC not in long zone — skipping
[2026-04-06 18:49:49] [LONG    ] SOL — no position & BTC not in long zone — skipping
[2026-04-06 18:49:49] [LONG    ] HYPE — no position & BTC not in long zone — skipping
[2026-04-06 18:49:49] [LONG    ] XRP — no position & BTC not in long zone — skipping
[2026-04-06 18:49:49] [RUN     ] Sleeping 5 min...
[2026-04-06 18:54:04] [EXIT    ] Process exited — code ?
[2026-04-06 18:54:05] [START   ] ════════════════════════════════════════════════════════════
[2026-04-06 18:54:05] [START   ] Insolvent Terminal — Strategy Manager
[2026-04-06 18:54:05] [START   ] Address:   0xE05B576cDB74634D5c94Fb8C95f80431258992fe
[2026-04-06 18:54:05] [START   ] Long:      BTC, SOL, HYPE, XRP
[2026-04-06 18:54:05] [START   ] Short:     ALGO, CHILLGUY, PUMP
[2026-04-06 18:54:05] [START   ] Cap limit: 30% | Short zone: 0.5% from 7d high | Long zone: 0.5% from 7d low | Interval: 1min
[2026-04-06 18:54:05] [START   ] ════════════════════════════════════════════════════════════
[2026-04-06 18:54:06] [RUN     ] ────────────────────────────────────────────────────────────
[2026-04-06 18:54:07] [MACRO   ] BTC $69835 | 7d-high $70316 short-zone: no | 7d-low $65697 long-zone: no | 4h chg: 0.62%
[2026-04-06 18:54:07] [MACRO   ] SPX $0.29 | 7d-high $0.30 | zone: no
[2026-04-06 18:54:07] [ACCT    ] Value $0.00 | Available $0.00 | Capital used 0.0% / 30%
[2026-04-06 18:54:07] [SHORT   ] BTC not in short zone — skipping
[2026-04-06 18:54:07] [LONG    ] BTC — no position & BTC not in long zone — skipping
[2026-04-06 18:54:07] [LONG    ] SOL — no position & BTC not in long zone — skipping
[2026-04-06 18:54:07] [LONG    ] HYPE — no position & BTC not in long zone — skipping
[2026-04-06 18:54:07] [LONG    ] XRP — no position & BTC not in long zone — skipping
[2026-04-06 18:54:07] [RUN     ] Sleeping 1 min...
[2026-04-06 18:55:07] [RUN     ] ────────────────────────────────────────────────────────────
[2026-04-06 18:55:07] [MACRO   ] BTC $69847 | 7d-high $70316 short-zone: no | 7d-low $65697 long-zone: no | 4h chg: 0.64%
[2026-04-06 18:55:07] [MACRO   ] SPX $0.29 | 7d-high $0.30 | zone: no
[2026-04-06 18:55:07] [ACCT    ] Value $0.00 | Available $0.00 | Capital used 0.0% / 30%
[2026-04-06 18:55:07] [SHORT   ] BTC not in short zone — skipping
[2026-04-06 18:55:07] [LONG    ] BTC — no position & BTC not in long zone — skipping
[2026-04-06 18:55:07] [LONG    ] SOL — no position & BTC not in long zone — skipping
[2026-04-06 18:55:07] [LONG    ] HYPE — no position & BTC not in long zone — skipping
[2026-04-06 18:55:07] [LONG    ] XRP — no position & BTC not in long zone — skipping
[2026-04-06 18:55:07] [RUN     ] Sleeping 1 min...
[2026-04-06 18:56:07] [RUN     ] ────────────────────────────────────────────────────────────
[2026-04-06 18:56:08] [MACRO   ] BTC $69824 | 7d-high $70316 short-zone: no | 7d-low $65697 long-zone: no | 4h chg: 0.61%
[2026-04-06 18:56:08] [MACRO   ] SPX $0.29 | 7d-high $0.30 | zone: no
[2026-04-06 18:56:08] [ACCT    ] Value $0.00 | Available $0.00 | Capital used 0.0% / 30%
[2026-04-06 18:56:08] [SHORT   ] BTC not in short zone — skipping
[2026-04-06 18:56:08] [LONG    ] BTC — no position & BTC not in long zone — skipping
[2026-04-06 18:56:08] [LONG    ] SOL — no position & BTC not in long zone — skipping
[2026-04-06 18:56:08] [LONG    ] HYPE — no position & BTC not in long zone — skipping
[2026-04-06 18:56:08] [LONG    ] XRP — no position & BTC not in long zone — skipping
[2026-04-06 18:56:08] [RUN     ] Sleeping 1 min...
[2026-04-06 18:57:08] [RUN     ] ────────────────────────────────────────────────────────────
[2026-04-06 18:57:09] [MACRO   ] BTC $69834 | 7d-high $70316 short-zone: no | 7d-low $65697 long-zone: no | 4h chg: 0.62%
[2026-04-06 18:57:09] [MACRO   ] SPX $0.29 | 7d-high $0.30 | zone: no
[2026-04-06 18:57:09] [ACCT    ] Value $0.00 | Available $0.00 | Capital used 0.0% / 30%
[2026-04-06 18:57:09] [SHORT   ] BTC not in short zone — skipping
[2026-04-06 18:57:09] [LONG    ] BTC — no position & BTC not in long zone — skipping
[2026-04-06 18:57:09] [LONG    ] SOL — no position & BTC not in long zone — skipping
[2026-04-06 18:57:09] [LONG    ] HYPE — no position & BTC not in long zone — skipping
[2026-04-06 18:57:09] [LONG    ] XRP — no position & BTC not in long zone — skipping
[2026-04-06 18:57:09] [RUN     ] Sleeping 1 min...
[2026-04-06 18:58:09] [RUN     ] ────────────────────────────────────────────────────────────
[2026-04-06 18:58:10] [MACRO   ] BTC $69824 | 7d-high $70316 short-zone: no | 7d-low $65697 long-zone: no | 4h chg: 0.61%
[2026-04-06 18:58:10] [MACRO   ] SPX $0.29 | 7d-high $0.30 | zone: no
[2026-04-06 18:58:10] [ACCT    ] Value $0.00 | Available $0.00 | Capital used 0.0% / 30%
[2026-04-06 18:58:10] [SHORT   ] BTC not in short zone — skipping
[2026-04-06 18:58:10] [LONG    ] BTC — no position & BTC not in long zone — skipping
[2026-04-06 18:58:10] [LONG    ] SOL — no position & BTC not in long zone — skipping
[2026-04-06 18:58:10] [LONG    ] HYPE — no position & BTC not in long zone — skipping
[2026-04-06 18:58:10] [LONG    ] XRP — no position & BTC not in long zone — skipping
[2026-04-06 18:58:10] [RUN     ] Sleeping 1 min...
[2026-04-06 18:59:10] [RUN     ] ────────────────────────────────────────────────────────────
[2026-04-06 18:59:10] [MACRO   ] BTC $69835 | 7d-high $70316 short-zone: no | 7d-low $65697 long-zone: no | 4h chg: 0.62%
[2026-04-06 18:59:10] [MACRO   ] SPX $0.29 | 7d-high $0.30 | zone: no
[2026-04-06 18:59:10] [ACCT    ] Value $0.00 | Available $0.00 | Capital used 0.0% / 30%
[2026-04-06 18:59:10] [SHORT   ] BTC not in short zone — skipping
[2026-04-06 18:59:10] [LONG    ] BTC — no position & BTC not in long zone — skipping
[2026-04-06 18:59:10] [LONG    ] SOL — no position & BTC not in long zone — skipping
[2026-04-06 18:59:10] [LONG    ] HYPE — no position & BTC not in long zone — skipping
[2026-04-06 18:59:10] [LONG    ] XRP — no position & BTC not in long zone — skipping
[2026-04-06 18:59:10] [RUN     ] Sleeping 1 min...
[2026-04-06 19:00:10] [RUN     ] ────────────────────────────────────────────────────────────
[2026-04-06 19:00:11] [MACRO   ] BTC $69801 | 7d-high $70316 short-zone: no | 7d-low $65697 long-zone: no | 4h chg: 0.26%
[2026-04-06 19:00:11] [MACRO   ] SPX $0.29 | 7d-high $0.30 | zone: no
[2026-04-06 19:00:11] [ACCT    ] Value $0.00 | Available $0.00 | Capital used 0.0% / 30%
[2026-04-06 19:00:11] [SHORT   ] BTC not in short zone — skipping
[2026-04-06 19:00:11] [LONG    ] BTC — no position & BTC not in long zone — skipping
[2026-04-06 19:00:11] [LONG    ] SOL — no position & BTC not in long zone — skipping
[2026-04-06 19:00:11] [LONG    ] HYPE — no position & BTC not in long zone — skipping
[2026-04-06 19:00:11] [LONG    ] XRP — no position & BTC not in long zone — skipping
[2026-04-06 19:00:11] [RUN     ] Sleeping 1 min...
[2026-04-06 19:01:11] [RUN     ] ────────────────────────────────────────────────────────────
[2026-04-06 19:01:12] [MACRO   ] BTC $69793 | 7d-high $70316 short-zone: no | 7d-low $65697 long-zone: no | 4h chg: 0.25%
[2026-04-06 19:01:12] [MACRO   ] SPX $0.29 | 7d-high $0.30 | zone: no
[2026-04-06 19:01:12] [ACCT    ] Value $0.00 | Available $0.00 | Capital used 0.0% / 30%
[2026-04-06 19:01:12] [SHORT   ] BTC not in short zone — skipping
[2026-04-06 19:01:12] [LONG    ] BTC — no position & BTC not in long zone — skipping
[2026-04-06 19:01:12] [LONG    ] SOL — no position & BTC not in long zone — skipping
[2026-04-06 19:01:12] [LONG    ] HYPE — no position & BTC not in long zone — skipping
[2026-04-06 19:01:12] [LONG    ] XRP — no position & BTC not in long zone — skipping
[2026-04-06 19:01:12] [RUN     ] Sleeping 1 min...
[2026-04-06 19:02:12] [RUN     ] ────────────────────────────────────────────────────────────
[2026-04-06 19:02:13] [MACRO   ] BTC $69778 | 7d-high $70316 short-zone: no | 7d-low $65697 long-zone: no | 4h chg: 0.22%
[2026-04-06 19:02:13] [MACRO   ] SPX $0.29 | 7d-high $0.30 | zone: no
[2026-04-06 19:02:13] [ACCT    ] Value $0.00 | Available $0.00 | Capital used 0.0% / 30%
[2026-04-06 19:02:13] [SHORT   ] BTC not in short zone — skipping
[2026-04-06 19:02:13] [LONG    ] BTC — no position & BTC not in long zone — skipping
[2026-04-06 19:02:13] [LONG    ] SOL — no position & BTC not in long zone — skipping
[2026-04-06 19:02:13] [LONG    ] HYPE — no position & BTC not in long zone — skipping
[2026-04-06 19:02:13] [LONG    ] XRP — no position & BTC not in long zone — skipping
[2026-04-06 19:02:13] [RUN     ] Sleeping 1 min...
[2026-04-06 19:03:13] [RUN     ] ────────────────────────────────────────────────────────────
[2026-04-06 19:03:14] [MACRO   ] BTC $69793 | 7d-high $70316 short-zone: no | 7d-low $65697 long-zone: no | 4h chg: 0.22%
[2026-04-06 19:03:14] [MACRO   ] SPX $0.29 | 7d-high $0.30 | zone: no
[2026-04-06 19:03:14] [ACCT    ] Value $0.00 | Available $0.00 | Capital used 0.0% / 30%
[2026-04-06 19:03:14] [SHORT   ] BTC not in short zone — skipping
[2026-04-06 19:03:14] [LONG    ] BTC — no position & BTC not in long zone — skipping
[2026-04-06 19:03:14] [LONG    ] SOL — no position & BTC not in long zone — skipping
[2026-04-06 19:03:14] [LONG    ] HYPE — no position & BTC not in long zone — skipping
[2026-04-06 19:03:14] [LONG    ] XRP — no position & BTC not in long zone — skipping
[2026-04-06 19:03:14] [RUN     ] Sleeping 1 min...
[2026-04-06 19:04:14] [RUN     ] ────────────────────────────────────────────────────────────
[2026-04-06 19:04:15] [MACRO   ] BTC $69713 | 7d-high $70316 short-zone: no | 7d-low $65697 long-zone: no | 4h chg: 0.13%
[2026-04-06 19:04:15] [MACRO   ] SPX $0.29 | 7d-high $0.30 | zone: no
[2026-04-06 19:04:15] [ACCT    ] Value $0.00 | Available $0.00 | Capital used 0.0% / 30%
[2026-04-06 19:04:15] [SHORT   ] BTC not in short zone — skipping
[2026-04-06 19:04:15] [LONG    ] BTC — no position & BTC not in long zone — skipping
[2026-04-06 19:04:15] [LONG    ] SOL — no position & BTC not in long zone — skipping
[2026-04-06 19:04:15] [LONG    ] HYPE — no position & BTC not in long zone — skipping
[2026-04-06 19:04:15] [LONG    ] XRP — no position & BTC not in long zone — skipping
[2026-04-06 19:04:15] [RUN     ] Sleeping 1 min...
[2026-04-06 19:05:15] [RUN     ] ────────────────────────────────────────────────────────────
[2026-04-06 19:05:16] [MACRO   ] BTC $69666 | 7d-high $70316 short-zone: no | 7d-low $65697 long-zone: no | 4h chg: 0.06%
[2026-04-06 19:05:16] [MACRO   ] SPX $0.29 | 7d-high $0.30 | zone: no
[2026-04-06 19:05:16] [ACCT    ] Value $0.00 | Available $0.00 | Capital used 0.0% / 30%
[2026-04-06 19:05:16] [SHORT   ] BTC not in short zone — skipping
[2026-04-06 19:05:16] [LONG    ] BTC — no position & BTC not in long zone — skipping
[2026-04-06 19:05:16] [LONG    ] SOL — no position & BTC not in long zone — skipping
[2026-04-06 19:05:16] [LONG    ] HYPE — no position & BTC not in long zone — skipping
[2026-04-06 19:05:16] [LONG    ] XRP — no position & BTC not in long zone — skipping
[2026-04-06 19:05:16] [RUN     ] Sleeping 1 min...
[2026-04-06 19:06:16] [RUN     ] ────────────────────────────────────────────────────────────
[2026-04-06 19:06:16] [MACRO   ] BTC $69658 | 7d-high $70316 short-zone: no | 7d-low $65697 long-zone: no | 4h chg: 0.05%
[2026-04-06 19:06:16] [MACRO   ] SPX $0.29 | 7d-high $0.30 | zone: no
[2026-04-06 19:06:16] [ACCT    ] Value $0.00 | Available $0.00 | Capital used 0.0% / 30%
[2026-04-06 19:06:16] [SHORT   ] BTC not in short zone — skipping
[2026-04-06 19:06:16] [LONG    ] BTC — no position & BTC not in long zone — skipping
[2026-04-06 19:06:16] [LONG    ] SOL — no position & BTC not in long zone — skipping
[2026-04-06 19:06:16] [LONG    ] HYPE — no position & BTC not in long zone — skipping
[2026-04-06 19:06:16] [LONG    ] XRP — no position & BTC not in long zone — skipping
[2026-04-06 19:06:16] [RUN     ] Sleeping 1 min...
[2026-04-06 19:07:17] [RUN     ] ────────────────────────────────────────────────────────────
[2026-04-06 19:07:17] [MACRO   ] BTC $69593 | 7d-high $70316 short-zone: no | 7d-low $65697 long-zone: no | 4h chg: -0.04%
[2026-04-06 19:07:17] [MACRO   ] SPX $0.28 | 7d-high $0.30 | zone: no
[2026-04-06 19:07:17] [ACCT    ] Value $0.00 | Available $0.00 | Capital used 0.0% / 30%
[2026-04-06 19:07:17] [SHORT   ] BTC not in short zone — skipping
[2026-04-06 19:07:17] [LONG    ] BTC — no position & BTC not in long zone — skipping
[2026-04-06 19:07:17] [LONG    ] SOL — no position & BTC not in long zone — skipping
[2026-04-06 19:07:17] [LONG    ] HYPE — no position & BTC not in long zone — skipping
[2026-04-06 19:07:17] [LONG    ] XRP — no position & BTC not in long zone — skipping
[2026-04-06 19:07:17] [RUN     ] Sleeping 1 min...
[2026-04-06 19:08:17] [RUN     ] ────────────────────────────────────────────────────────────
[2026-04-06 19:08:18] [MACRO   ] BTC $69593 | 7d-high $70316 short-zone: no | 7d-low $65697 long-zone: no | 4h chg: -0.04%
[2026-04-06 19:08:18] [MACRO   ] SPX $0.28 | 7d-high $0.30 | zone: no
[2026-04-06 19:08:18] [ACCT    ] Value $0.00 | Available $0.00 | Capital used 0.0% / 30%
[2026-04-06 19:08:18] [SHORT   ] BTC not in short zone — skipping
[2026-04-06 19:08:18] [LONG    ] BTC — no position & BTC not in long zone — skipping
[2026-04-06 19:08:18] [LONG    ] SOL — no position & BTC not in long zone — skipping
[2026-04-06 19:08:18] [LONG    ] HYPE — no position & BTC not in long zone — skipping
[2026-04-06 19:08:18] [LONG    ] XRP — no position & BTC not in long zone — skipping
[2026-04-06 19:08:18] [RUN     ] Sleeping 1 min...
[2026-04-06 19:09:18] [RUN     ] ────────────────────────────────────────────────────────────
[2026-04-06 19:09:19] [MACRO   ] BTC $69567 | 7d-high $70316 short-zone: no | 7d-low $65697 long-zone: no | 4h chg: -0.08%
[2026-04-06 19:09:19] [MACRO   ] SPX $0.28 | 7d-high $0.30 | zone: no
[2026-04-06 19:09:19] [ACCT    ] Value $0.00 | Available $0.00 | Capital used 0.0% / 30%
[2026-04-06 19:09:19] [SHORT   ] BTC not in short zone — skipping
[2026-04-06 19:09:19] [LONG    ] BTC — no position & BTC not in long zone — skipping
[2026-04-06 19:09:19] [LONG    ] SOL — no position & BTC not in long zone — skipping
[2026-04-06 19:09:19] [LONG    ] HYPE — no position & BTC not in long zone — skipping
[2026-04-06 19:09:19] [LONG    ] XRP — no position & BTC not in long zone — skipping
[2026-04-06 19:09:19] [RUN     ] Sleeping 1 min...
[2026-04-06 19:10:19] [RUN     ] ────────────────────────────────────────────────────────────
[2026-04-06 19:10:19] [MACRO   ] BTC $69592 | 7d-high $70316 short-zone: no | 7d-low $65697 long-zone: no | 4h chg: -0.04%
[2026-04-06 19:10:19] [MACRO   ] SPX $0.28 | 7d-high $0.30 | zone: no
[2026-04-06 19:10:19] [ACCT    ] Value $0.00 | Available $0.00 | Capital used 0.0% / 30%
[2026-04-06 19:10:19] [SHORT   ] BTC not in short zone — skipping
[2026-04-06 19:10:19] [LONG    ] BTC — no position & BTC not in long zone — skipping
[2026-04-06 19:10:19] [LONG    ] SOL — no position & BTC not in long zone — skipping
[2026-04-06 19:10:19] [LONG    ] HYPE — no position & BTC not in long zone — skipping
[2026-04-06 19:10:19] [LONG    ] XRP — no position & BTC not in long zone — skipping
[2026-04-06 19:10:19] [RUN     ] Sleeping 1 min...
[2026-04-06 19:11:19] [RUN     ] ────────────────────────────────────────────────────────────
[2026-04-06 19:11:20] [MACRO   ] BTC $69545 | 7d-high $70316 short-zone: no | 7d-low $65697 long-zone: no | 4h chg: -0.11%
[2026-04-06 19:11:20] [MACRO   ] SPX $0.28 | 7d-high $0.30 | zone: no
[2026-04-06 19:11:20] [ACCT    ] Value $0.00 | Available $0.00 | Capital used 0.0% / 30%
[2026-04-06 19:11:20] [SHORT   ] BTC not in short zone — skipping
[2026-04-06 19:11:20] [LONG    ] BTC — no position & BTC not in long zone — skipping
[2026-04-06 19:11:20] [LONG    ] SOL — no position & BTC not in long zone — skipping
[2026-04-06 19:11:20] [LONG    ] HYPE — no position & BTC not in long zone — skipping
[2026-04-06 19:11:20] [LONG    ] XRP — no position & BTC not in long zone — skipping
[2026-04-06 19:11:20] [RUN     ] Sleeping 1 min...
[2026-04-06 19:12:20] [RUN     ] ────────────────────────────────────────────────────────────
[2026-04-06 19:12:21] [MACRO   ] BTC $69546 | 7d-high $70316 short-zone: no | 7d-low $65697 long-zone: no | 4h chg: -0.11%
[2026-04-06 19:12:21] [MACRO   ] SPX $0.28 | 7d-high $0.30 | zone: no
[2026-04-06 19:12:21] [ACCT    ] Value $0.00 | Available $0.00 | Capital used 0.0% / 30%
[2026-04-06 19:12:21] [SHORT   ] BTC not in short zone — skipping
[2026-04-06 19:12:21] [LONG    ] BTC — no position & BTC not in long zone — skipping
[2026-04-06 19:12:21] [LONG    ] SOL — no position & BTC not in long zone — skipping
[2026-04-06 19:12:21] [LONG    ] HYPE — no position & BTC not in long zone — skipping
[2026-04-06 19:12:21] [LONG    ] XRP — no position & BTC not in long zone — skipping
[2026-04-06 19:12:21] [RUN     ] Sleeping 1 min...
[2026-04-06 19:13:21] [RUN     ] ────────────────────────────────────────────────────────────
[2026-04-06 19:13:22] [MACRO   ] BTC $69614 | 7d-high $70316 short-zone: no | 7d-low $65697 long-zone: no | 4h chg: -0.01%
[2026-04-06 19:13:22] [MACRO   ] SPX $0.28 | 7d-high $0.30 | zone: no
[2026-04-06 19:13:22] [ACCT    ] Value $0.00 | Available $0.00 | Capital used 0.0% / 30%
[2026-04-06 19:13:22] [SHORT   ] BTC not in short zone — skipping
[2026-04-06 19:13:22] [LONG    ] BTC — no position & BTC not in long zone — skipping
[2026-04-06 19:13:22] [LONG    ] SOL — no position & BTC not in long zone — skipping
[2026-04-06 19:13:22] [LONG    ] HYPE — no position & BTC not in long zone — skipping
[2026-04-06 19:13:22] [LONG    ] XRP — no position & BTC not in long zone — skipping
[2026-04-06 19:13:22] [RUN     ] Sleeping 1 min...
[2026-04-06 19:14:22] [RUN     ] ────────────────────────────────────────────────────────────
[2026-04-06 19:14:22] [MACRO   ] BTC $69657 | 7d-high $70316 short-zone: no | 7d-low $65697 long-zone: no | 4h chg: 0.05%
[2026-04-06 19:14:22] [MACRO   ] SPX $0.28 | 7d-high $0.30 | zone: no
[2026-04-06 19:14:22] [ACCT    ] Value $0.00 | Available $0.00 | Capital used 0.0% / 30%
[2026-04-06 19:14:22] [SHORT   ] BTC not in short zone — skipping
[2026-04-06 19:14:22] [LONG    ] BTC — no position & BTC not in long zone — skipping
[2026-04-06 19:14:22] [LONG    ] SOL — no position & BTC not in long zone — skipping
[2026-04-06 19:14:22] [LONG    ] HYPE — no position & BTC not in long zone — skipping
[2026-04-06 19:14:22] [LONG    ] XRP — no position & BTC not in long zone — skipping
[2026-04-06 19:14:22] [RUN     ] Sleeping 1 min...
[2026-04-06 19:15:22] [RUN     ] ────────────────────────────────────────────────────────────
[2026-04-06 19:15:23] [MACRO   ] BTC $69710 | 7d-high $70316 short-zone: no | 7d-low $65697 long-zone: no | 4h chg: 0.13%
[2026-04-06 19:15:23] [MACRO   ] SPX $0.28 | 7d-high $0.30 | zone: no
[2026-04-06 19:15:23] [ACCT    ] Value $0.00 | Available $0.00 | Capital used 0.0% / 30%
[2026-04-06 19:15:23] [SHORT   ] BTC not in short zone — skipping
[2026-04-06 19:15:23] [LONG    ] BTC — no position & BTC not in long zone — skipping
[2026-04-06 19:15:23] [LONG    ] SOL — no position & BTC not in long zone — skipping
[2026-04-06 19:15:23] [LONG    ] HYPE — no position & BTC not in long zone — skipping
[2026-04-06 19:15:23] [LONG    ] XRP — no position & BTC not in long zone — skipping
[2026-04-06 19:15:23] [RUN     ] Sleeping 1 min...
[2026-04-06 19:16:23] [RUN     ] ────────────────────────────────────────────────────────────
[2026-04-06 19:16:24] [MACRO   ] BTC $69732 | 7d-high $70316 short-zone: no | 7d-low $65697 long-zone: no | 4h chg: 0.16%
[2026-04-06 19:16:24] [MACRO   ] SPX $0.28 | 7d-high $0.30 | zone: no
[2026-04-06 19:16:24] [ACCT    ] Value $0.00 | Available $0.00 | Capital used 0.0% / 30%
[2026-04-06 19:16:24] [SHORT   ] BTC not in short zone — skipping
[2026-04-06 19:16:24] [LONG    ] BTC — no position & BTC not in long zone — skipping
[2026-04-06 19:16:24] [LONG    ] SOL — no position & BTC not in long zone — skipping
[2026-04-06 19:16:24] [LONG    ] HYPE — no position & BTC not in long zone — skipping
[2026-04-06 19:16:24] [LONG    ] XRP — no position & BTC not in long zone — skipping
[2026-04-06 19:16:24] [RUN     ] Sleeping 1 min...
[2026-04-06 19:17:24] [RUN     ] ────────────────────────────────────────────────────────────
[2026-04-06 19:17:25] [MACRO   ] BTC $69732 | 7d-high $70316 short-zone: no | 7d-low $65697 long-zone: no | 4h chg: 0.15%
[2026-04-06 19:17:25] [MACRO   ] SPX $0.28 | 7d-high $0.30 | zone: no
[2026-04-06 19:17:25] [ACCT    ] Value $0.00 | Available $0.00 | Capital used 0.0% / 30%
[2026-04-06 19:17:25] [SHORT   ] BTC not in short zone — skipping
[2026-04-06 19:17:25] [LONG    ] BTC — no position & BTC not in long zone — skipping
[2026-04-06 19:17:25] [LONG    ] SOL — no position & BTC not in long zone — skipping
[2026-04-06 19:17:25] [LONG    ] HYPE — no position & BTC not in long zone — skipping
[2026-04-06 19:17:25] [LONG    ] XRP — no position & BTC not in long zone — skipping
[2026-04-06 19:17:25] [RUN     ] Sleeping 1 min...
[2026-04-06 19:18:25] [RUN     ] ────────────────────────────────────────────────────────────
[2026-04-06 19:18:26] [MACRO   ] BTC $69720 | 7d-high $70316 short-zone: no | 7d-low $65697 long-zone: no | 4h chg: 0.13%
[2026-04-06 19:18:26] [MACRO   ] SPX $0.28 | 7d-high $0.30 | zone: no
[2026-04-06 19:18:26] [ACCT    ] Value $0.00 | Available $0.00 | Capital used 0.0% / 30%
[2026-04-06 19:18:26] [SHORT   ] BTC not in short zone — skipping
[2026-04-06 19:18:26] [LONG    ] BTC — no position & BTC not in long zone — skipping
[2026-04-06 19:18:26] [LONG    ] SOL — no position & BTC not in long zone — skipping
[2026-04-06 19:18:26] [LONG    ] HYPE — no position & BTC not in long zone — skipping
[2026-04-06 19:18:26] [LONG    ] XRP — no position & BTC not in long zone — skipping
[2026-04-06 19:18:26] [RUN     ] Sleeping 1 min...
[2026-04-06 19:19:26] [RUN     ] ────────────────────────────────────────────────────────────
[2026-04-06 19:19:27] [MACRO   ] BTC $69715 | 7d-high $70316 short-zone: no | 7d-low $65697 long-zone: no | 4h chg: 0.13%
[2026-04-06 19:19:27] [MACRO   ] SPX $0.28 | 7d-high $0.30 | zone: no
[2026-04-06 19:19:27] [ACCT    ] Value $0.00 | Available $0.00 | Capital used 0.0% / 30%
[2026-04-06 19:19:27] [SHORT   ] BTC not in short zone — skipping
[2026-04-06 19:19:27] [LONG    ] BTC — no position & BTC not in long zone — skipping
[2026-04-06 19:19:27] [LONG    ] SOL — no position & BTC not in long zone — skipping
[2026-04-06 19:19:27] [LONG    ] HYPE — no position & BTC not in long zone — skipping
[2026-04-06 19:19:27] [LONG    ] XRP — no position & BTC not in long zone — skipping
[2026-04-06 19:19:27] [RUN     ] Sleeping 1 min...
[2026-04-06 19:20:27] [RUN     ] ────────────────────────────────────────────────────────────
[2026-04-06 19:20:28] [MACRO   ] BTC $69754 | 7d-high $70316 short-zone: no | 7d-low $65697 long-zone: no | 4h chg: 0.19%
[2026-04-06 19:20:28] [MACRO   ] SPX $0.28 | 7d-high $0.30 | zone: no
[2026-04-06 19:20:28] [ACCT    ] Value $0.00 | Available $0.00 | Capital used 0.0% / 30%
[2026-04-06 19:20:28] [SHORT   ] BTC not in short zone — skipping
[2026-04-06 19:20:28] [LONG    ] BTC — no position & BTC not in long zone — skipping
[2026-04-06 19:20:28] [LONG    ] SOL — no position & BTC not in long zone — skipping
[2026-04-06 19:20:28] [LONG    ] HYPE — no position & BTC not in long zone — skipping
[2026-04-06 19:20:28] [LONG    ] XRP — no position & BTC not in long zone — skipping
[2026-04-06 19:20:28] [RUN     ] Sleeping 1 min...
[2026-04-06 19:21:28] [RUN     ] ────────────────────────────────────────────────────────────
[2026-04-06 19:21:29] [MACRO   ] BTC $69819 | 7d-high $70316 short-zone: no | 7d-low $65697 long-zone: no | 4h chg: 0.28%
[2026-04-06 19:21:29] [MACRO   ] SPX $0.28 | 7d-high $0.30 | zone: no
[2026-04-06 19:21:29] [ACCT    ] Value $0.00 | Available $0.00 | Capital used 0.0% / 30%
[2026-04-06 19:21:29] [SHORT   ] BTC not in short zone — skipping
[2026-04-06 19:21:29] [LONG    ] BTC — no position & BTC not in long zone — skipping
[2026-04-06 19:21:29] [LONG    ] SOL — no position & BTC not in long zone — skipping
[2026-04-06 19:21:29] [LONG    ] HYPE — no position & BTC not in long zone — skipping
[2026-04-06 19:21:29] [LONG    ] XRP — no position & BTC not in long zone — skipping
[2026-04-06 19:21:29] [RUN     ] Sleeping 1 min...
[2026-04-06 19:22:29] [RUN     ] ────────────────────────────────────────────────────────────
[2026-04-06 19:22:29] [MACRO   ] BTC $69826 | 7d-high $70316 short-zone: no | 7d-low $65697 long-zone: no | 4h chg: 0.29%
[2026-04-06 19:22:29] [MACRO   ] SPX $0.28 | 7d-high $0.30 | zone: no
[2026-04-06 19:22:29] [ACCT    ] Value $0.00 | Available $0.00 | Capital used 0.0% / 30%
[2026-04-06 19:22:29] [SHORT   ] BTC not in short zone — skipping
[2026-04-06 19:22:29] [LONG    ] BTC — no position & BTC not in long zone — skipping
[2026-04-06 19:22:29] [LONG    ] SOL — no position & BTC not in long zone — skipping
[2026-04-06 19:22:29] [LONG    ] HYPE — no position & BTC not in long zone — skipping
[2026-04-06 19:22:29] [LONG    ] XRP — no position & BTC not in long zone — skipping
[2026-04-06 19:22:29] [RUN     ] Sleeping 1 min...
[2026-04-06 19:23:29] [RUN     ] ────────────────────────────────────────────────────────────
[2026-04-06 19:23:30] [MACRO   ] BTC $69815 | 7d-high $70316 short-zone: no | 7d-low $65697 long-zone: no | 4h chg: 0.28%
[2026-04-06 19:23:30] [MACRO   ] SPX $0.28 | 7d-high $0.30 | zone: no
[2026-04-06 19:23:30] [ACCT    ] Value $0.00 | Available $0.00 | Capital used 0.0% / 30%
[2026-04-06 19:23:30] [SHORT   ] BTC not in short zone — skipping
[2026-04-06 19:23:30] [LONG    ] BTC — no position & BTC not in long zone — skipping
[2026-04-06 19:23:30] [LONG    ] SOL — no position & BTC not in long zone — skipping
[2026-04-06 19:23:30] [LONG    ] HYPE — no position & BTC not in long zone — skipping
[2026-04-06 19:23:30] [LONG    ] XRP — no position & BTC not in long zone — skipping
[2026-04-06 19:23:30] [RUN     ] Sleeping 1 min...
[2026-04-06 19:24:30] [RUN     ] ────────────────────────────────────────────────────────────
[2026-04-06 19:24:31] [MACRO   ] BTC $69775 | 7d-high $70316 short-zone: no | 7d-low $65697 long-zone: no | 4h chg: 0.22%
[2026-04-06 19:24:31] [MACRO   ] SPX $0.28 | 7d-high $0.30 | zone: no
[2026-04-06 19:24:31] [ACCT    ] Value $0.00 | Available $0.00 | Capital used 0.0% / 30%
[2026-04-06 19:24:31] [SHORT   ] BTC not in short zone — skipping
[2026-04-06 19:24:31] [LONG    ] BTC — no position & BTC not in long zone — skipping
[2026-04-06 19:24:31] [LONG    ] SOL — no position & BTC not in long zone — skipping
[2026-04-06 19:24:31] [LONG    ] HYPE — no position & BTC not in long zone — skipping
[2026-04-06 19:24:31] [LONG    ] XRP — no position & BTC not in long zone — skipping
[2026-04-06 19:24:31] [RUN     ] Sleeping 1 min...
[2026-04-06 19:25:31] [RUN     ] ────────────────────────────────────────────────────────────
[2026-04-06 19:25:32] [MACRO   ] BTC $69760 | 7d-high $70316 short-zone: no | 7d-low $65697 long-zone: no | 4h chg: 0.20%
[2026-04-06 19:25:32] [MACRO   ] SPX $0.28 | 7d-high $0.30 | zone: no
[2026-04-06 19:25:32] [ACCT    ] Value $0.00 | Available $0.00 | Capital used 0.0% / 30%
[2026-04-06 19:25:32] [SHORT   ] BTC not in short zone — skipping
[2026-04-06 19:25:32] [LONG    ] BTC — no position & BTC not in long zone — skipping
[2026-04-06 19:25:32] [LONG    ] SOL — no position & BTC not in long zone — skipping
[2026-04-06 19:25:32] [LONG    ] HYPE — no position & BTC not in long zone — skipping
[2026-04-06 19:25:32] [LONG    ] XRP — no position & BTC not in long zone — skipping
[2026-04-06 19:25:32] [RUN     ] Sleeping 1 min...
[2026-04-06 19:26:32] [RUN     ] ────────────────────────────────────────────────────────────
[2026-04-06 19:26:33] [MACRO   ] BTC $69776 | 7d-high $70316 short-zone: no | 7d-low $65697 long-zone: no | 4h chg: 0.22%
[2026-04-06 19:26:33] [MACRO   ] SPX $0.28 | 7d-high $0.30 | zone: no
[2026-04-06 19:26:33] [ACCT    ] Value $0.00 | Available $0.00 | Capital used 0.0% / 30%
[2026-04-06 19:26:33] [SHORT   ] BTC not in short zone — skipping
[2026-04-06 19:26:33] [LONG    ] BTC — no position & BTC not in long zone — skipping
[2026-04-06 19:26:33] [LONG    ] SOL — no position & BTC not in long zone — skipping
[2026-04-06 19:26:33] [LONG    ] HYPE — no position & BTC not in long zone — skipping
[2026-04-06 19:26:33] [LONG    ] XRP — no position & BTC not in long zone — skipping
[2026-04-06 19:26:33] [RUN     ] Sleeping 1 min...
[2026-04-06 19:27:33] [RUN     ] ────────────────────────────────────────────────────────────
[2026-04-06 19:27:34] [MACRO   ] BTC $69764 | 7d-high $70316 short-zone: no | 7d-low $65697 long-zone: no | 4h chg: 0.21%
[2026-04-06 19:27:34] [MACRO   ] SPX $0.28 | 7d-high $0.30 | zone: no
[2026-04-06 19:27:34] [ACCT    ] Value $0.00 | Available $0.00 | Capital used 0.0% / 30%
[2026-04-06 19:27:34] [SHORT   ] BTC not in short zone — skipping
[2026-04-06 19:27:34] [LONG    ] BTC — no position & BTC not in long zone — skipping
[2026-04-06 19:27:34] [LONG    ] SOL — no position & BTC not in long zone — skipping
[2026-04-06 19:27:34] [LONG    ] HYPE — no position & BTC not in long zone — skipping
[2026-04-06 19:27:34] [LONG    ] XRP — no position & BTC not in long zone — skipping
[2026-04-06 19:27:34] [RUN     ] Sleeping 1 min...
[2026-04-06 19:28:34] [RUN     ] ────────────────────────────────────────────────────────────
[2026-04-06 19:28:34] [MACRO   ] BTC $69776 | 7d-high $70316 short-zone: no | 7d-low $65697 long-zone: no | 4h chg: 0.22%
[2026-04-06 19:28:34] [MACRO   ] SPX $0.28 | 7d-high $0.30 | zone: no
[2026-04-06 19:28:34] [ACCT    ] Value $0.00 | Available $0.00 | Capital used 0.0% / 30%
[2026-04-06 19:28:34] [SHORT   ] BTC not in short zone — skipping
[2026-04-06 19:28:34] [LONG    ] BTC — no position & BTC not in long zone — skipping
[2026-04-06 19:28:34] [LONG    ] SOL — no position & BTC not in long zone — skipping
[2026-04-06 19:28:34] [LONG    ] HYPE — no position & BTC not in long zone — skipping
[2026-04-06 19:28:34] [LONG    ] XRP — no position & BTC not in long zone — skipping
[2026-04-06 19:28:34] [RUN     ] Sleeping 1 min...
[2026-04-06 19:29:34] [RUN     ] ────────────────────────────────────────────────────────────
[2026-04-06 19:29:36] [MACRO   ] BTC $69829 | 7d-high $70316 short-zone: no | 7d-low $65697 long-zone: no | 4h chg: 0.30%
[2026-04-06 19:29:36] [MACRO   ] SPX $0.28 | 7d-high $0.30 | zone: no
[2026-04-06 19:29:36] [ACCT    ] Value $0.00 | Available $0.00 | Capital used 0.0% / 30%
[2026-04-06 19:29:36] [SHORT   ] BTC not in short zone — skipping
[2026-04-06 19:29:36] [LONG    ] BTC — no position & BTC not in long zone — skipping
[2026-04-06 19:29:36] [LONG    ] SOL — no position & BTC not in long zone — skipping
[2026-04-06 19:29:36] [LONG    ] HYPE — no position & BTC not in long zone — skipping
[2026-04-06 19:29:36] [LONG    ] XRP — no position & BTC not in long zone — skipping
[2026-04-06 19:29:36] [RUN     ] Sleeping 1 min...
[2026-04-06 19:30:36] [RUN     ] ────────────────────────────────────────────────────────────
[2026-04-06 19:30:37] [MACRO   ] BTC $69813 | 7d-high $70316 short-zone: no | 7d-low $65697 long-zone: no | 4h chg: 0.27%
[2026-04-06 19:30:37] [MACRO   ] SPX $0.28 | 7d-high $0.30 | zone: no
[2026-04-06 19:30:37] [ACCT    ] Value $0.00 | Available $0.00 | Capital used 0.0% / 30%
[2026-04-06 19:30:37] [SHORT   ] BTC not in short zone — skipping
[2026-04-06 19:30:37] [LONG    ] BTC — no position & BTC not in long zone — skipping
[2026-04-06 19:30:37] [LONG    ] SOL — no position & BTC not in long zone — skipping
[2026-04-06 19:30:37] [LONG    ] HYPE — no position & BTC not in long zone — skipping
[2026-04-06 19:30:37] [LONG    ] XRP — no position & BTC not in long zone — skipping
[2026-04-06 19:30:37] [RUN     ] Sleeping 1 min...
[2026-04-06 19:31:37] [RUN     ] ────────────────────────────────────────────────────────────
[2026-04-06 19:31:37] [MACRO   ] BTC $69819 | 7d-high $70316 short-zone: no | 7d-low $65697 long-zone: no | 4h chg: 0.28%
[2026-04-06 19:31:37] [MACRO   ] SPX $0.28 | 7d-high $0.30 | zone: no
[2026-04-06 19:31:37] [ACCT    ] Value $0.00 | Available $0.00 | Capital used 0.0% / 30%
[2026-04-06 19:31:37] [SHORT   ] BTC not in short zone — skipping
[2026-04-06 19:31:37] [LONG    ] BTC — no position & BTC not in long zone — skipping
[2026-04-06 19:31:37] [LONG    ] SOL — no position & BTC not in long zone — skipping
[2026-04-06 19:31:37] [LONG    ] HYPE — no position & BTC not in long zone — skipping
[2026-04-06 19:31:37] [LONG    ] XRP — no position & BTC not in long zone — skipping
[2026-04-06 19:31:37] [RUN     ] Sleeping 1 min...
[2026-04-06 19:32:37] [RUN     ] ────────────────────────────────────────────────────────────
[2026-04-06 19:32:38] [MACRO   ] BTC $69842 | 7d-high $70316 short-zone: no | 7d-low $65697 long-zone: no | 4h chg: 0.32%
[2026-04-06 19:32:38] [MACRO   ] SPX $0.28 | 7d-high $0.30 | zone: no
[2026-04-06 19:32:38] [ACCT    ] Value $0.00 | Available $0.00 | Capital used 0.0% / 30%
[2026-04-06 19:32:38] [SHORT   ] BTC not in short zone — skipping
[2026-04-06 19:32:38] [LONG    ] BTC — no position & BTC not in long zone — skipping
[2026-04-06 19:32:38] [LONG    ] SOL — no position & BTC not in long zone — skipping
[2026-04-06 19:32:38] [LONG    ] HYPE — no position & BTC not in long zone — skipping
[2026-04-06 19:32:38] [LONG    ] XRP — no position & BTC not in long zone — skipping
[2026-04-06 19:32:38] [RUN     ] Sleeping 1 min...
[2026-04-06 19:32:57] [START   ] ════════════════════════════════════════════════════════════
[2026-04-06 19:32:57] [START   ] Insolvent Terminal — Strategy Manager
[2026-04-06 19:32:57] [START   ] Address:   0xE05B576cDB74634D5c94Fb8C95f80431258992fe
[2026-04-06 19:32:57] [START   ] Long:      BTC, SOL, HYPE, XRP
[2026-04-06 19:32:57] [START   ] Short:     ALGO, CHILLGUY, PUMP
[2026-04-06 19:32:57] [START   ] Cap limit: 30% | Short zone: 0.5% from 7d high | Long zone: 0.5% from 7d low | Interval: 1min
[2026-04-06 19:32:57] [START   ] ════════════════════════════════════════════════════════════
[2026-04-06 19:32:58] [RUN     ] ────────────────────────────────────────────────────────────
[2026-04-06 19:32:59] [MACRO   ] BTC $69840 | 7d-high $70316 short-zone: no | 7d-low $65697 long-zone: no | 4h chg: 0.31%
[2026-04-06 19:32:59] [MACRO   ] SPX $0.28 | 7d-high $0.30 | zone: no
[2026-04-06 19:32:59] [ACCT    ] Value $0.00 | Available $0.00 | Capital used 0.0% / 30%
[2026-04-06 19:32:59] [SHORT   ] BTC not in short zone — skipping
[2026-04-06 19:32:59] [LONG    ] BTC — no position & BTC not in long zone — skipping
[2026-04-06 19:32:59] [LONG    ] SOL — no position & BTC not in long zone — skipping
[2026-04-06 19:32:59] [LONG    ] HYPE — no position & BTC not in long zone — skipping
[2026-04-06 19:32:59] [LONG    ] XRP — no position & BTC not in long zone — skipping
[2026-04-06 19:32:59] [RUN     ] Sleeping 1 min...
[2026-04-06 19:33:38] [RUN     ] ────────────────────────────────────────────────────────────
[2026-04-06 19:33:39] [MACRO   ] BTC $69821 | 7d-high $70316 short-zone: no | 7d-low $65697 long-zone: no | 4h chg: 0.28%
[2026-04-06 19:33:39] [MACRO   ] SPX $0.28 | 7d-high $0.30 | zone: no
[2026-04-06 19:33:39] [ACCT    ] Value $0.00 | Available $0.00 | Capital used 0.0% / 30%
[2026-04-06 19:33:39] [SHORT   ] BTC not in short zone — skipping
[2026-04-06 19:33:39] [LONG    ] BTC — no position & BTC not in long zone — skipping
[2026-04-06 19:33:39] [LONG    ] SOL — no position & BTC not in long zone — skipping
[2026-04-06 19:33:39] [LONG    ] HYPE — no position & BTC not in long zone — skipping
[2026-04-06 19:33:39] [LONG    ] XRP — no position & BTC not in long zone — skipping
[2026-04-06 19:33:39] [RUN     ] Sleeping 1 min...
[2026-04-06 19:33:59] [RUN     ] ────────────────────────────────────────────────────────────
[2026-04-06 19:34:00] [MACRO   ] BTC $69791 | 7d-high $70316 short-zone: no | 7d-low $65697 long-zone: no | 4h chg: 0.24%
[2026-04-06 19:34:00] [MACRO   ] SPX $0.28 | 7d-high $0.30 | zone: no
[2026-04-06 19:34:00] [ACCT    ] Value $0.00 | Available $0.00 | Capital used 0.0% / 30%
[2026-04-06 19:34:00] [SHORT   ] BTC not in short zone — skipping
[2026-04-06 19:34:00] [LONG    ] BTC — no position & BTC not in long zone — skipping
[2026-04-06 19:34:00] [LONG    ] SOL — no position & BTC not in long zone — skipping
[2026-04-06 19:34:00] [LONG    ] HYPE — no position & BTC not in long zone — skipping
[2026-04-06 19:34:00] [LONG    ] XRP — no position & BTC not in long zone — skipping
[2026-04-06 19:34:00] [RUN     ] Sleeping 1 min...
[2026-04-06 19:34:39] [RUN     ] ────────────────────────────────────────────────────────────
[2026-04-06 19:34:40] [MACRO   ] BTC $69784 | 7d-high $70316 short-zone: no | 7d-low $65697 long-zone: no | 4h chg: 0.23%
[2026-04-06 19:34:40] [MACRO   ] SPX $0.28 | 7d-high $0.30 | zone: no
[2026-04-06 19:34:40] [ACCT    ] Value $0.00 | Available $0.00 | Capital used 0.0% / 30%
[2026-04-06 19:34:40] [SHORT   ] BTC not in short zone — skipping
[2026-04-06 19:34:40] [LONG    ] BTC — no position & BTC not in long zone — skipping
[2026-04-06 19:34:40] [LONG    ] SOL — no position & BTC not in long zone — skipping
[2026-04-06 19:34:40] [LONG    ] HYPE — no position & BTC not in long zone — skipping
[2026-04-06 19:34:40] [LONG    ] XRP — no position & BTC not in long zone — skipping
[2026-04-06 19:34:40] [RUN     ] Sleeping 1 min...
[2026-04-06 19:34:57] [EXIT    ] Process exited — code ?
[2026-04-06 19:35:40] [RUN     ] ────────────────────────────────────────────────────────────
[2026-04-06 19:35:41] [MACRO   ] BTC $69787 | 7d-high $70316 short-zone: no | 7d-low $65697 long-zone: no | 4h chg: 0.24%
[2026-04-06 19:35:41] [MACRO   ] SPX $0.28 | 7d-high $0.30 | zone: no
[2026-04-06 19:35:41] [ACCT    ] Value $0.00 | Available $0.00 | Capital used 0.0% / 30%
[2026-04-06 19:35:41] [SHORT   ] BTC not in short zone — skipping
[2026-04-06 19:35:41] [LONG    ] BTC — no position & BTC not in long zone — skipping
[2026-04-06 19:35:41] [LONG    ] SOL — no position & BTC not in long zone — skipping
[2026-04-06 19:35:41] [LONG    ] HYPE — no position & BTC not in long zone — skipping
[2026-04-06 19:35:41] [LONG    ] XRP — no position & BTC not in long zone — skipping
[2026-04-06 19:35:41] [RUN     ] Sleeping 1 min...
[2026-04-06 19:36:41] [RUN     ] ────────────────────────────────────────────────────────────
[2026-04-06 19:36:41] [MACRO   ] BTC $69802 | 7d-high $70316 short-zone: no | 7d-low $65697 long-zone: no | 4h chg: 0.26%
[2026-04-06 19:36:41] [MACRO   ] SPX $0.28 | 7d-high $0.30 | zone: no
[2026-04-06 19:36:41] [ACCT    ] Value $0.00 | Available $0.00 | Capital used 0.0% / 30%
[2026-04-06 19:36:41] [SHORT   ] BTC not in short zone — skipping
[2026-04-06 19:36:41] [LONG    ] BTC — no position & BTC not in long zone — skipping
[2026-04-06 19:36:41] [LONG    ] SOL — no position & BTC not in long zone — skipping
[2026-04-06 19:36:41] [LONG    ] HYPE — no position & BTC not in long zone — skipping
[2026-04-06 19:36:41] [LONG    ] XRP — no position & BTC not in long zone — skipping
[2026-04-06 19:36:41] [RUN     ] Sleeping 1 min...
[2026-04-06 19:37:41] [RUN     ] ────────────────────────────────────────────────────────────
[2026-04-06 19:37:42] [MACRO   ] BTC $69794 | 7d-high $70316 short-zone: no | 7d-low $65697 long-zone: no | 4h chg: 0.25%
[2026-04-06 19:37:42] [MACRO   ] SPX $0.28 | 7d-high $0.30 | zone: no
[2026-04-06 19:37:42] [ACCT    ] Value $0.00 | Available $0.00 | Capital used 0.0% / 30%
[2026-04-06 19:37:42] [SHORT   ] BTC not in short zone — skipping
[2026-04-06 19:37:42] [LONG    ] BTC — no position & BTC not in long zone — skipping
[2026-04-06 19:37:42] [LONG    ] SOL — no position & BTC not in long zone — skipping
[2026-04-06 19:37:42] [LONG    ] HYPE — no position & BTC not in long zone — skipping
[2026-04-06 19:37:42] [LONG    ] XRP — no position & BTC not in long zone — skipping
[2026-04-06 19:37:42] [RUN     ] Sleeping 1 min...
[2026-04-06 19:38:42] [RUN     ] ────────────────────────────────────────────────────────────
[2026-04-06 19:38:43] [MACRO   ] BTC $69736 | 7d-high $70316 short-zone: no | 7d-low $65697 long-zone: no | 4h chg: 0.16%
[2026-04-06 19:38:43] [MACRO   ] SPX $0.28 | 7d-high $0.30 | zone: no
[2026-04-06 19:38:43] [ACCT    ] Value $0.00 | Available $0.00 | Capital used 0.0% / 30%
[2026-04-06 19:38:43] [SHORT   ] BTC not in short zone — skipping
[2026-04-06 19:38:43] [LONG    ] BTC — no position & BTC not in long zone — skipping
[2026-04-06 19:38:43] [LONG    ] SOL — no position & BTC not in long zone — skipping
[2026-04-06 19:38:43] [LONG    ] HYPE — no position & BTC not in long zone — skipping
[2026-04-06 19:38:43] [LONG    ] XRP — no position & BTC not in long zone — skipping
[2026-04-06 19:38:43] [RUN     ] Sleeping 1 min...
[2026-04-06 19:39:43] [RUN     ] ────────────────────────────────────────────────────────────
[2026-04-06 19:39:44] [MACRO   ] BTC $69761 | 7d-high $70316 short-zone: no | 7d-low $65697 long-zone: no | 4h chg: 0.20%
[2026-04-06 19:39:44] [MACRO   ] SPX $0.28 | 7d-high $0.30 | zone: no
[2026-04-06 19:39:44] [ACCT    ] Value $0.00 | Available $0.00 | Capital used 0.0% / 30%
[2026-04-06 19:39:44] [SHORT   ] BTC not in short zone — skipping
[2026-04-06 19:39:44] [LONG    ] BTC — no position & BTC not in long zone — skipping
[2026-04-06 19:39:44] [LONG    ] SOL — no position & BTC not in long zone — skipping
[2026-04-06 19:39:44] [LONG    ] HYPE — no position & BTC not in long zone — skipping
[2026-04-06 19:39:44] [LONG    ] XRP — no position & BTC not in long zone — skipping
[2026-04-06 19:39:44] [RUN     ] Sleeping 1 min...
[2026-04-06 19:40:44] [RUN     ] ────────────────────────────────────────────────────────────
[2026-04-06 19:40:45] [MACRO   ] BTC $69720 | 7d-high $70316 short-zone: no | 7d-low $65697 long-zone: no | 4h chg: 0.14%
[2026-04-06 19:40:45] [MACRO   ] SPX $0.28 | 7d-high $0.30 | zone: no
[2026-04-06 19:40:45] [ACCT    ] Value $0.00 | Available $0.00 | Capital used 0.0% / 30%
[2026-04-06 19:40:45] [SHORT   ] BTC not in short zone — skipping
[2026-04-06 19:40:45] [LONG    ] BTC — no position & BTC not in long zone — skipping
[2026-04-06 19:40:45] [LONG    ] SOL — no position & BTC not in long zone — skipping
[2026-04-06 19:40:45] [LONG    ] HYPE — no position & BTC not in long zone — skipping
[2026-04-06 19:40:45] [LONG    ] XRP — no position & BTC not in long zone — skipping
[2026-04-06 19:40:45] [RUN     ] Sleeping 1 min...
[2026-04-06 19:41:45] [RUN     ] ────────────────────────────────────────────────────────────
[2026-04-06 19:41:45] [MACRO   ] BTC $69660 | 7d-high $70316 short-zone: no | 7d-low $65697 long-zone: no | 4h chg: 0.06%
[2026-04-06 19:41:45] [MACRO   ] SPX $0.28 | 7d-high $0.30 | zone: no
[2026-04-06 19:41:45] [ACCT    ] Value $0.00 | Available $0.00 | Capital used 0.0% / 30%
[2026-04-06 19:41:45] [SHORT   ] BTC not in short zone — skipping
[2026-04-06 19:41:45] [LONG    ] BTC — no position & BTC not in long zone — skipping
[2026-04-06 19:41:45] [LONG    ] SOL — no position & BTC not in long zone — skipping
[2026-04-06 19:41:45] [LONG    ] HYPE — no position & BTC not in long zone — skipping
[2026-04-06 19:41:45] [LONG    ] XRP — no position & BTC not in long zone — skipping
[2026-04-06 19:41:45] [RUN     ] Sleeping 1 min...
[2026-04-06 19:42:45] [RUN     ] ────────────────────────────────────────────────────────────
[2026-04-06 19:42:47] [MACRO   ] BTC $69688 | 7d-high $70316 short-zone: no | 7d-low $65697 long-zone: no | 4h chg: 0.09%
[2026-04-06 19:42:47] [MACRO   ] SPX $0.28 | 7d-high $0.30 | zone: no
[2026-04-06 19:42:47] [ACCT    ] Value $0.00 | Available $0.00 | Capital used 0.0% / 30%
[2026-04-06 19:42:47] [SHORT   ] BTC not in short zone — skipping
[2026-04-06 19:42:47] [LONG    ] BTC — no position & BTC not in long zone — skipping
[2026-04-06 19:42:47] [LONG    ] SOL — no position & BTC not in long zone — skipping
[2026-04-06 19:42:47] [LONG    ] HYPE — no position & BTC not in long zone — skipping
[2026-04-06 19:42:47] [LONG    ] XRP — no position & BTC not in long zone — skipping
[2026-04-06 19:42:47] [RUN     ] Sleeping 1 min...
[2026-04-06 19:43:47] [RUN     ] ────────────────────────────────────────────────────────────
[2026-04-06 19:43:47] [MACRO   ] BTC $69721 | 7d-high $70316 short-zone: no | 7d-low $65697 long-zone: no | 4h chg: 0.14%
[2026-04-06 19:43:47] [MACRO   ] SPX $0.28 | 7d-high $0.30 | zone: no
[2026-04-06 19:43:47] [ACCT    ] Value $0.00 | Available $0.00 | Capital used 0.0% / 30%
[2026-04-06 19:43:47] [SHORT   ] BTC not in short zone — skipping
[2026-04-06 19:43:47] [LONG    ] BTC — no position & BTC not in long zone — skipping
[2026-04-06 19:43:47] [LONG    ] SOL — no position & BTC not in long zone — skipping
[2026-04-06 19:43:47] [LONG    ] HYPE — no position & BTC not in long zone — skipping
[2026-04-06 19:43:47] [LONG    ] XRP — no position & BTC not in long zone — skipping
[2026-04-06 19:43:47] [RUN     ] Sleeping 1 min...
[2026-04-06 19:44:47] [RUN     ] ────────────────────────────────────────────────────────────
[2026-04-06 19:44:48] [MACRO   ] BTC $69727 | 7d-high $70316 short-zone: no | 7d-low $65697 long-zone: no | 4h chg: 0.15%
[2026-04-06 19:44:48] [MACRO   ] SPX $0.28 | 7d-high $0.30 | zone: no
[2026-04-06 19:44:48] [ACCT    ] Value $0.00 | Available $0.00 | Capital used 0.0% / 30%
[2026-04-06 19:44:48] [SHORT   ] BTC not in short zone — skipping
[2026-04-06 19:44:48] [LONG    ] BTC — no position & BTC not in long zone — skipping
[2026-04-06 19:44:48] [LONG    ] SOL — no position & BTC not in long zone — skipping
[2026-04-06 19:44:48] [LONG    ] HYPE — no position & BTC not in long zone — skipping
[2026-04-06 19:44:48] [LONG    ] XRP — no position & BTC not in long zone — skipping
[2026-04-06 19:44:48] [RUN     ] Sleeping 1 min...
[2026-04-06 19:45:48] [RUN     ] ────────────────────────────────────────────────────────────
[2026-04-06 19:45:49] [MACRO   ] BTC $69706 | 7d-high $70316 short-zone: no | 7d-low $65697 long-zone: no | 4h chg: 0.12%
[2026-04-06 19:45:49] [MACRO   ] SPX $0.28 | 7d-high $0.30 | zone: no
[2026-04-06 19:45:49] [ACCT    ] Value $0.00 | Available $0.00 | Capital used 0.0% / 30%
[2026-04-06 19:45:49] [SHORT   ] BTC not in short zone — skipping
[2026-04-06 19:45:49] [LONG    ] BTC — no position & BTC not in long zone — skipping
[2026-04-06 19:45:49] [LONG    ] SOL — no position & BTC not in long zone — skipping
[2026-04-06 19:45:49] [LONG    ] HYPE — no position & BTC not in long zone — skipping
[2026-04-06 19:45:49] [LONG    ] XRP — no position & BTC not in long zone — skipping
[2026-04-06 19:45:49] [RUN     ] Sleeping 1 min...
[2026-04-06 19:46:49] [RUN     ] ────────────────────────────────────────────────────────────
[2026-04-06 19:46:50] [MACRO   ] BTC $69676 | 7d-high $70316 short-zone: no | 7d-low $65697 long-zone: no | 4h chg: 0.08%
[2026-04-06 19:46:50] [MACRO   ] SPX $0.28 | 7d-high $0.30 | zone: no
[2026-04-06 19:46:50] [ACCT    ] Value $0.00 | Available $0.00 | Capital used 0.0% / 30%
[2026-04-06 19:46:50] [SHORT   ] BTC not in short zone — skipping
[2026-04-06 19:46:50] [LONG    ] BTC — no position & BTC not in long zone — skipping
[2026-04-06 19:46:50] [LONG    ] SOL — no position & BTC not in long zone — skipping
[2026-04-06 19:46:50] [LONG    ] HYPE — no position & BTC not in long zone — skipping
[2026-04-06 19:46:50] [LONG    ] XRP — no position & BTC not in long zone — skipping
[2026-04-06 19:46:50] [RUN     ] Sleeping 1 min...
[2026-04-06 19:47:50] [RUN     ] ────────────────────────────────────────────────────────────
[2026-04-06 19:47:50] [MACRO   ] BTC $69654 | 7d-high $70316 short-zone: no | 7d-low $65697 long-zone: no | 4h chg: 0.05%
[2026-04-06 19:47:50] [MACRO   ] SPX $0.28 | 7d-high $0.30 | zone: no
[2026-04-06 19:47:51] [ACCT    ] Value $0.00 | Available $0.00 | Capital used 0.0% / 30%
[2026-04-06 19:47:51] [SHORT   ] BTC not in short zone — skipping
[2026-04-06 19:47:51] [LONG    ] BTC — no position & BTC not in long zone — skipping
[2026-04-06 19:47:51] [LONG    ] SOL — no position & BTC not in long zone — skipping
[2026-04-06 19:47:51] [LONG    ] HYPE — no position & BTC not in long zone — skipping
[2026-04-06 19:47:51] [LONG    ] XRP — no position & BTC not in long zone — skipping
[2026-04-06 19:47:51] [RUN     ] Sleeping 1 min...
[2026-04-06 19:48:51] [RUN     ] ────────────────────────────────────────────────────────────
[2026-04-06 19:48:51] [MACRO   ] BTC $69682 | 7d-high $70316 short-zone: no | 7d-low $65697 long-zone: no | 4h chg: 0.09%
[2026-04-06 19:48:51] [MACRO   ] SPX $0.28 | 7d-high $0.30 | zone: no
[2026-04-06 19:48:51] [ACCT    ] Value $0.00 | Available $0.00 | Capital used 0.0% / 30%
[2026-04-06 19:48:51] [SHORT   ] BTC not in short zone — skipping
[2026-04-06 19:48:51] [LONG    ] BTC — no position & BTC not in long zone — skipping
[2026-04-06 19:48:51] [LONG    ] SOL — no position & BTC not in long zone — skipping
[2026-04-06 19:48:51] [LONG    ] HYPE — no position & BTC not in long zone — skipping
[2026-04-06 19:48:51] [LONG    ] XRP — no position & BTC not in long zone — skipping
[2026-04-06 19:48:51] [RUN     ] Sleeping 1 min...
[2026-04-06 19:49:51] [RUN     ] ────────────────────────────────────────────────────────────
[2026-04-06 19:49:52] [MACRO   ] BTC $69689 | 7d-high $70316 short-zone: no | 7d-low $65697 long-zone: no | 4h chg: 0.10%
[2026-04-06 19:49:52] [MACRO   ] SPX $0.28 | 7d-high $0.30 | zone: no
[2026-04-06 19:49:52] [ACCT    ] Value $0.00 | Available $0.00 | Capital used 0.0% / 30%
[2026-04-06 19:49:52] [SHORT   ] BTC not in short zone — skipping
[2026-04-06 19:49:52] [LONG    ] BTC — no position & BTC not in long zone — skipping
[2026-04-06 19:49:52] [LONG    ] SOL — no position & BTC not in long zone — skipping
[2026-04-06 19:49:52] [LONG    ] HYPE — no position & BTC not in long zone — skipping
[2026-04-06 19:49:52] [LONG    ] XRP — no position & BTC not in long zone — skipping
[2026-04-06 19:49:52] [RUN     ] Sleeping 1 min...
[2026-04-06 19:50:52] [RUN     ] ────────────────────────────────────────────────────────────
[2026-04-06 19:50:53] [MACRO   ] BTC $69673 | 7d-high $70316 short-zone: no | 7d-low $65697 long-zone: no | 4h chg: 0.07%
[2026-04-06 19:50:53] [MACRO   ] SPX $0.28 | 7d-high $0.30 | zone: no
[2026-04-06 19:50:53] [ACCT    ] Value $0.00 | Available $0.00 | Capital used 0.0% / 30%
[2026-04-06 19:50:53] [SHORT   ] BTC not in short zone — skipping
[2026-04-06 19:50:53] [LONG    ] BTC — no position & BTC not in long zone — skipping
[2026-04-06 19:50:53] [LONG    ] SOL — no position & BTC not in long zone — skipping
[2026-04-06 19:50:53] [LONG    ] HYPE — no position & BTC not in long zone — skipping
[2026-04-06 19:50:53] [LONG    ] XRP — no position & BTC not in long zone — skipping
[2026-04-06 19:50:53] [RUN     ] Sleeping 1 min...
[2026-04-06 19:51:53] [RUN     ] ────────────────────────────────────────────────────────────
[2026-04-06 19:51:54] [MACRO   ] BTC $69643 | 7d-high $70316 short-zone: no | 7d-low $65697 long-zone: no | 4h chg: 0.03%
[2026-04-06 19:51:54] [MACRO   ] SPX $0.28 | 7d-high $0.30 | zone: no
[2026-04-06 19:51:54] [ACCT    ] Value $0.00 | Available $0.00 | Capital used 0.0% / 30%
[2026-04-06 19:51:54] [SHORT   ] BTC not in short zone — skipping
[2026-04-06 19:51:54] [LONG    ] BTC — no position & BTC not in long zone — skipping
[2026-04-06 19:51:54] [LONG    ] SOL — no position & BTC not in long zone — skipping
[2026-04-06 19:51:54] [LONG    ] HYPE — no position & BTC not in long zone — skipping
[2026-04-06 19:51:54] [LONG    ] XRP — no position & BTC not in long zone — skipping
[2026-04-06 19:51:54] [RUN     ] Sleeping 1 min...
[2026-04-06 19:52:54] [RUN     ] ────────────────────────────────────────────────────────────
[2026-04-06 19:52:54] [MACRO   ] BTC $69638 | 7d-high $70316 short-zone: no | 7d-low $65697 long-zone: no | 4h chg: 0.02%
[2026-04-06 19:52:54] [MACRO   ] SPX $0.28 | 7d-high $0.30 | zone: no
[2026-04-06 19:52:54] [ACCT    ] Value $0.00 | Available $0.00 | Capital used 0.0% / 30%
[2026-04-06 19:52:54] [SHORT   ] BTC not in short zone — skipping
[2026-04-06 19:52:54] [LONG    ] BTC — no position & BTC not in long zone — skipping
[2026-04-06 19:52:54] [LONG    ] SOL — no position & BTC not in long zone — skipping
[2026-04-06 19:52:54] [LONG    ] HYPE — no position & BTC not in long zone — skipping
[2026-04-06 19:52:54] [LONG    ] XRP — no position & BTC not in long zone — skipping
[2026-04-06 19:52:54] [RUN     ] Sleeping 1 min...
[2026-04-06 19:53:54] [RUN     ] ────────────────────────────────────────────────────────────
[2026-04-06 19:53:55] [MACRO   ] BTC $69687 | 7d-high $70316 short-zone: no | 7d-low $65697 long-zone: no | 4h chg: 0.11%
[2026-04-06 19:53:55] [MACRO   ] SPX $0.28 | 7d-high $0.30 | zone: no
[2026-04-06 19:53:55] [ACCT    ] Value $0.00 | Available $0.00 | Capital used 0.0% / 30%
[2026-04-06 19:53:55] [SHORT   ] BTC not in short zone — skipping
[2026-04-06 19:53:55] [LONG    ] BTC — no position & BTC not in long zone — skipping
[2026-04-06 19:53:55] [LONG    ] SOL — no position & BTC not in long zone — skipping
[2026-04-06 19:53:55] [LONG    ] HYPE — no position & BTC not in long zone — skipping
[2026-04-06 19:53:55] [LONG    ] XRP — no position & BTC not in long zone — skipping
[2026-04-06 19:53:55] [RUN     ] Sleeping 1 min...
[2026-04-06 19:54:55] [RUN     ] ────────────────────────────────────────────────────────────
[2026-04-06 19:54:56] [MACRO   ] BTC $69701 | 7d-high $70316 short-zone: no | 7d-low $65697 long-zone: no | 4h chg: 0.11%
[2026-04-06 19:54:56] [MACRO   ] SPX $0.28 | 7d-high $0.30 | zone: no
[2026-04-06 19:54:56] [ACCT    ] Value $0.00 | Available $0.00 | Capital used 0.0% / 30%
[2026-04-06 19:54:56] [SHORT   ] BTC not in short zone — skipping
[2026-04-06 19:54:56] [LONG    ] BTC — no position & BTC not in long zone — skipping
[2026-04-06 19:54:56] [LONG    ] SOL — no position & BTC not in long zone — skipping
[2026-04-06 19:54:56] [LONG    ] HYPE — no position & BTC not in long zone — skipping
[2026-04-06 19:54:56] [LONG    ] XRP — no position & BTC not in long zone — skipping
[2026-04-06 19:54:56] [RUN     ] Sleeping 1 min...
[2026-04-06 19:55:56] [RUN     ] ────────────────────────────────────────────────────────────
[2026-04-06 19:55:57] [MACRO   ] BTC $69648 | 7d-high $70316 short-zone: no | 7d-low $65697 long-zone: no | 4h chg: 0.04%
[2026-04-06 19:55:57] [MACRO   ] SPX $0.28 | 7d-high $0.30 | zone: no
[2026-04-06 19:55:57] [ACCT    ] Value $0.00 | Available $0.00 | Capital used 0.0% / 30%
[2026-04-06 19:55:57] [SHORT   ] BTC not in short zone — skipping
[2026-04-06 19:55:57] [LONG    ] BTC — no position & BTC not in long zone — skipping
[2026-04-06 19:55:57] [LONG    ] SOL — no position & BTC not in long zone — skipping
[2026-04-06 19:55:57] [LONG    ] HYPE — no position & BTC not in long zone — skipping
[2026-04-06 19:55:57] [LONG    ] XRP — no position & BTC not in long zone — skipping
[2026-04-06 19:55:57] [RUN     ] Sleeping 1 min...
[2026-04-06 19:56:57] [RUN     ] ────────────────────────────────────────────────────────────
[2026-04-06 19:56:58] [MACRO   ] BTC $69640 | 7d-high $70316 short-zone: no | 7d-low $65697 long-zone: no | 4h chg: 0.03%
[2026-04-06 19:56:58] [MACRO   ] SPX $0.28 | 7d-high $0.30 | zone: no
[2026-04-06 19:56:58] [ACCT    ] Value $0.00 | Available $0.00 | Capital used 0.0% / 30%
[2026-04-06 19:56:58] [SHORT   ] BTC not in short zone — skipping
[2026-04-06 19:56:58] [LONG    ] BTC — no position & BTC not in long zone — skipping
[2026-04-06 19:56:58] [LONG    ] SOL — no position & BTC not in long zone — skipping
[2026-04-06 19:56:58] [LONG    ] HYPE — no position & BTC not in long zone — skipping
[2026-04-06 19:56:58] [LONG    ] XRP — no position & BTC not in long zone — skipping
[2026-04-06 19:56:58] [RUN     ] Sleeping 1 min...
[2026-04-06 19:57:58] [RUN     ] ────────────────────────────────────────────────────────────
[2026-04-06 19:57:58] [MACRO   ] BTC $69642 | 7d-high $70316 short-zone: no | 7d-low $65697 long-zone: no | 4h chg: 0.04%
[2026-04-06 19:57:58] [MACRO   ] SPX $0.28 | 7d-high $0.30 | zone: no
[2026-04-06 19:57:58] [ACCT    ] Value $0.00 | Available $0.00 | Capital used 0.0% / 30%
[2026-04-06 19:57:58] [SHORT   ] BTC not in short zone — skipping
[2026-04-06 19:57:58] [LONG    ] BTC — no position & BTC not in long zone — skipping
[2026-04-06 19:57:58] [LONG    ] SOL — no position & BTC not in long zone — skipping
[2026-04-06 19:57:58] [LONG    ] HYPE — no position & BTC not in long zone — skipping
[2026-04-06 19:57:58] [LONG    ] XRP — no position & BTC not in long zone — skipping
[2026-04-06 19:57:58] [RUN     ] Sleeping 1 min...
[2026-04-06 19:58:58] [RUN     ] ────────────────────────────────────────────────────────────
[2026-04-06 19:58:59] [MACRO   ] BTC $69698 | 7d-high $70316 short-zone: no | 7d-low $65697 long-zone: no | 4h chg: 0.11%
[2026-04-06 19:58:59] [MACRO   ] SPX $0.28 | 7d-high $0.30 | zone: no
[2026-04-06 19:58:59] [ACCT    ] Value $0.00 | Available $0.00 | Capital used 0.0% / 30%
[2026-04-06 19:58:59] [SHORT   ] BTC not in short zone — skipping
[2026-04-06 19:58:59] [LONG    ] BTC — no position & BTC not in long zone — skipping
[2026-04-06 19:58:59] [LONG    ] SOL — no position & BTC not in long zone — skipping
[2026-04-06 19:58:59] [LONG    ] HYPE — no position & BTC not in long zone — skipping
[2026-04-06 19:58:59] [LONG    ] XRP — no position & BTC not in long zone — skipping
[2026-04-06 19:58:59] [RUN     ] Sleeping 1 min...
[2026-04-06 19:59:59] [RUN     ] ────────────────────────────────────────────────────────────
[2026-04-06 20:00:00] [MACRO   ] BTC $69706 | 7d-high $70316 short-zone: no | 7d-low $65697 long-zone: no | 4h chg: -0.31%
[2026-04-06 20:00:00] [MACRO   ] SPX $0.28 | 7d-high $0.30 | zone: no
[2026-04-06 20:00:00] [ACCT    ] Value $0.00 | Available $0.00 | Capital used 0.0% / 30%
[2026-04-06 20:00:00] [SHORT   ] BTC not in short zone — skipping
[2026-04-06 20:00:00] [LONG    ] BTC — no position & BTC not in long zone — skipping
[2026-04-06 20:00:00] [LONG    ] SOL — no position & BTC not in long zone — skipping
[2026-04-06 20:00:00] [LONG    ] HYPE — no position & BTC not in long zone — skipping
[2026-04-06 20:00:00] [LONG    ] XRP — no position & BTC not in long zone — skipping
[2026-04-06 20:00:00] [RUN     ] Sleeping 1 min...
[2026-04-06 20:01:00] [RUN     ] ────────────────────────────────────────────────────────────
[2026-04-06 20:01:01] [MACRO   ] BTC $69617 | 7d-high $70316 short-zone: no | 7d-low $65697 long-zone: no | 4h chg: -0.44%
[2026-04-06 20:01:01] [MACRO   ] SPX $0.28 | 7d-high $0.30 | zone: no
[2026-04-06 20:01:01] [ACCT    ] Value $0.00 | Available $0.00 | Capital used 0.0% / 30%
[2026-04-06 20:01:01] [SHORT   ] BTC not in short zone — skipping
[2026-04-06 20:01:01] [LONG    ] BTC — no position & BTC not in long zone — skipping
[2026-04-06 20:01:01] [LONG    ] SOL — no position & BTC not in long zone — skipping
[2026-04-06 20:01:01] [LONG    ] HYPE — no position & BTC not in long zone — skipping
[2026-04-06 20:01:01] [LONG    ] XRP — no position & BTC not in long zone — skipping
[2026-04-06 20:01:01] [RUN     ] Sleeping 1 min...
[2026-04-06 20:02:01] [RUN     ] ────────────────────────────────────────────────────────────
[2026-04-06 20:02:01] [MACRO   ] BTC $69577 | 7d-high $70316 short-zone: no | 7d-low $65697 long-zone: no | 4h chg: -0.50%
[2026-04-06 20:02:01] [MACRO   ] SPX $0.28 | 7d-high $0.30 | zone: no
[2026-04-06 20:02:01] [ACCT    ] Value $0.00 | Available $0.00 | Capital used 0.0% / 30%
[2026-04-06 20:02:01] [SHORT   ] BTC not in short zone — skipping
[2026-04-06 20:02:01] [LONG    ] BTC — no position & BTC not in long zone — skipping
[2026-04-06 20:02:01] [LONG    ] SOL — no position & BTC not in long zone — skipping
[2026-04-06 20:02:01] [LONG    ] HYPE — no position & BTC not in long zone — skipping
[2026-04-06 20:02:01] [LONG    ] XRP — no position & BTC not in long zone — skipping
[2026-04-06 20:02:01] [RUN     ] Sleeping 1 min...
[2026-04-06 20:03:01] [RUN     ] ────────────────────────────────────────────────────────────
[2026-04-06 20:03:02] [MACRO   ] BTC $69608 | 7d-high $70316 short-zone: no | 7d-low $65697 long-zone: no | 4h chg: -0.45%
[2026-04-06 20:03:02] [MACRO   ] SPX $0.28 | 7d-high $0.30 | zone: no
[2026-04-06 20:03:02] [ACCT    ] Value $0.00 | Available $0.00 | Capital used 0.0% / 30%
[2026-04-06 20:03:02] [SHORT   ] BTC not in short zone — skipping
[2026-04-06 20:03:02] [LONG    ] BTC — no position & BTC not in long zone — skipping
[2026-04-06 20:03:02] [LONG    ] SOL — no position & BTC not in long zone — skipping
[2026-04-06 20:03:02] [LONG    ] HYPE — no position & BTC not in long zone — skipping
[2026-04-06 20:03:02] [LONG    ] XRP — no position & BTC not in long zone — skipping
[2026-04-06 20:03:02] [RUN     ] Sleeping 1 min...
[2026-04-06 20:04:02] [RUN     ] ────────────────────────────────────────────────────────────
[2026-04-06 20:04:03] [MACRO   ] BTC $69631 | 7d-high $70316 short-zone: no | 7d-low $65697 long-zone: no | 4h chg: -0.42%
[2026-04-06 20:04:03] [MACRO   ] SPX $0.28 | 7d-high $0.30 | zone: no
[2026-04-06 20:04:03] [ACCT    ] Value $0.00 | Available $0.00 | Capital used 0.0% / 30%
[2026-04-06 20:04:03] [SHORT   ] BTC not in short zone — skipping
[2026-04-06 20:04:03] [LONG    ] BTC — no position & BTC not in long zone — skipping
[2026-04-06 20:04:03] [LONG    ] SOL — no position & BTC not in long zone — skipping
[2026-04-06 20:04:03] [LONG    ] HYPE — no position & BTC not in long zone — skipping
[2026-04-06 20:04:03] [LONG    ] XRP — no position & BTC not in long zone — skipping
[2026-04-06 20:04:03] [RUN     ] Sleeping 1 min...
[2026-04-06 20:05:03] [RUN     ] ────────────────────────────────────────────────────────────
[2026-04-06 20:05:04] [MACRO   ] BTC $69636 | 7d-high $70316 short-zone: no | 7d-low $65697 long-zone: no | 4h chg: -0.41%
[2026-04-06 20:05:04] [MACRO   ] SPX $0.28 | 7d-high $0.30 | zone: no
[2026-04-06 20:05:04] [ACCT    ] Value $0.00 | Available $0.00 | Capital used 0.0% / 30%
[2026-04-06 20:05:04] [SHORT   ] BTC not in short zone — skipping
[2026-04-06 20:05:04] [LONG    ] BTC — no position & BTC not in long zone — skipping
[2026-04-06 20:05:04] [LONG    ] SOL — no position & BTC not in long zone — skipping
[2026-04-06 20:05:04] [LONG    ] HYPE — no position & BTC not in long zone — skipping
[2026-04-06 20:05:04] [LONG    ] XRP — no position & BTC not in long zone — skipping
[2026-04-06 20:05:04] [RUN     ] Sleeping 1 min...
[2026-04-06 20:06:04] [RUN     ] ────────────────────────────────────────────────────────────
[2026-04-06 20:06:04] [MACRO   ] BTC $69641 | 7d-high $70316 short-zone: no | 7d-low $65697 long-zone: no | 4h chg: -0.41%
[2026-04-06 20:06:04] [MACRO   ] SPX $0.28 | 7d-high $0.30 | zone: no
[2026-04-06 20:06:05] [ACCT    ] Value $0.00 | Available $0.00 | Capital used 0.0% / 30%
[2026-04-06 20:06:05] [SHORT   ] BTC not in short zone — skipping
[2026-04-06 20:06:05] [LONG    ] BTC — no position & BTC not in long zone — skipping
[2026-04-06 20:06:05] [LONG    ] SOL — no position & BTC not in long zone — skipping
[2026-04-06 20:06:05] [LONG    ] HYPE — no position & BTC not in long zone — skipping
[2026-04-06 20:06:05] [LONG    ] XRP — no position & BTC not in long zone — skipping
[2026-04-06 20:06:05] [RUN     ] Sleeping 1 min...
[2026-04-06 20:07:05] [RUN     ] ────────────────────────────────────────────────────────────
[2026-04-06 20:07:05] [MACRO   ] BTC $69661 | 7d-high $70316 short-zone: no | 7d-low $65697 long-zone: no | 4h chg: -0.38%
[2026-04-06 20:07:05] [MACRO   ] SPX $0.28 | 7d-high $0.30 | zone: no
[2026-04-06 20:07:05] [ACCT    ] Value $0.00 | Available $0.00 | Capital used 0.0% / 30%
[2026-04-06 20:07:05] [SHORT   ] BTC not in short zone — skipping
[2026-04-06 20:07:05] [LONG    ] BTC — no position & BTC not in long zone — skipping
[2026-04-06 20:07:05] [LONG    ] SOL — no position & BTC not in long zone — skipping
[2026-04-06 20:07:05] [LONG    ] HYPE — no position & BTC not in long zone — skipping
[2026-04-06 20:07:05] [LONG    ] XRP — no position & BTC not in long zone — skipping
[2026-04-06 20:07:05] [RUN     ] Sleeping 1 min...
[2026-04-06 20:08:05] [RUN     ] ────────────────────────────────────────────────────────────
[2026-04-06 20:08:06] [MACRO   ] BTC $69703 | 7d-high $70316 short-zone: no | 7d-low $65697 long-zone: no | 4h chg: -0.32%
[2026-04-06 20:08:06] [MACRO   ] SPX $0.28 | 7d-high $0.30 | zone: no
[2026-04-06 20:08:06] [ACCT    ] Value $0.00 | Available $0.00 | Capital used 0.0% / 30%
[2026-04-06 20:08:06] [SHORT   ] BTC not in short zone — skipping
[2026-04-06 20:08:06] [LONG    ] BTC — no position & BTC not in long zone — skipping
[2026-04-06 20:08:06] [LONG    ] SOL — no position & BTC not in long zone — skipping
[2026-04-06 20:08:06] [LONG    ] HYPE — no position & BTC not in long zone — skipping
[2026-04-06 20:08:06] [LONG    ] XRP — no position & BTC not in long zone — skipping
[2026-04-06 20:08:06] [RUN     ] Sleeping 1 min...
[2026-04-06 20:09:06] [RUN     ] ────────────────────────────────────────────────────────────
[2026-04-06 20:09:07] [MACRO   ] BTC $69697 | 7d-high $70316 short-zone: no | 7d-low $65697 long-zone: no | 4h chg: -0.33%
[2026-04-06 20:09:07] [MACRO   ] SPX $0.28 | 7d-high $0.30 | zone: no
[2026-04-06 20:09:07] [ACCT    ] Value $0.00 | Available $0.00 | Capital used 0.0% / 30%
[2026-04-06 20:09:07] [SHORT   ] BTC not in short zone — skipping
[2026-04-06 20:09:07] [LONG    ] BTC — no position & BTC not in long zone — skipping
[2026-04-06 20:09:07] [LONG    ] SOL — no position & BTC not in long zone — skipping
[2026-04-06 20:09:07] [LONG    ] HYPE — no position & BTC not in long zone — skipping
[2026-04-06 20:09:07] [LONG    ] XRP — no position & BTC not in long zone — skipping
[2026-04-06 20:09:07] [RUN     ] Sleeping 1 min...
[2026-04-06 20:10:07] [RUN     ] ────────────────────────────────────────────────────────────
[2026-04-06 20:10:08] [MACRO   ] BTC $69687 | 7d-high $70316 short-zone: no | 7d-low $65697 long-zone: no | 4h chg: -0.34%
[2026-04-06 20:10:08] [MACRO   ] SPX $0.28 | 7d-high $0.30 | zone: no
[2026-04-06 20:10:08] [ACCT    ] Value $0.00 | Available $0.00 | Capital used 0.0% / 30%
[2026-04-06 20:10:08] [SHORT   ] BTC not in short zone — skipping
[2026-04-06 20:10:08] [LONG    ] BTC — no position & BTC not in long zone — skipping
[2026-04-06 20:10:08] [LONG    ] SOL — no position & BTC not in long zone — skipping
[2026-04-06 20:10:08] [LONG    ] HYPE — no position & BTC not in long zone — skipping
[2026-04-06 20:10:08] [LONG    ] XRP — no position & BTC not in long zone — skipping
[2026-04-06 20:10:08] [RUN     ] Sleeping 1 min...
[2026-04-06 20:11:08] [RUN     ] ────────────────────────────────────────────────────────────
[2026-04-06 20:11:08] [MACRO   ] BTC $69664 | 7d-high $70316 short-zone: no | 7d-low $65697 long-zone: no | 4h chg: -0.37%
[2026-04-06 20:11:08] [MACRO   ] SPX $0.28 | 7d-high $0.30 | zone: no
[2026-04-06 20:11:08] [ACCT    ] Value $0.00 | Available $0.00 | Capital used 0.0% / 30%
[2026-04-06 20:11:08] [SHORT   ] BTC not in short zone — skipping
[2026-04-06 20:11:08] [LONG    ] BTC — no position & BTC not in long zone — skipping
[2026-04-06 20:11:08] [LONG    ] SOL — no position & BTC not in long zone — skipping
[2026-04-06 20:11:08] [LONG    ] HYPE — no position & BTC not in long zone — skipping
[2026-04-06 20:11:08] [LONG    ] XRP — no position & BTC not in long zone — skipping
[2026-04-06 20:11:08] [RUN     ] Sleeping 1 min...
[2026-04-06 20:12:08] [RUN     ] ────────────────────────────────────────────────────────────
[2026-04-06 20:12:09] [MACRO   ] BTC $69661 | 7d-high $70316 short-zone: no | 7d-low $65697 long-zone: no | 4h chg: -0.38%
[2026-04-06 20:12:09] [MACRO   ] SPX $0.28 | 7d-high $0.30 | zone: no
[2026-04-06 20:12:09] [ACCT    ] Value $0.00 | Available $0.00 | Capital used 0.0% / 30%
[2026-04-06 20:12:09] [SHORT   ] BTC not in short zone — skipping
[2026-04-06 20:12:09] [LONG    ] BTC — no position & BTC not in long zone — skipping
[2026-04-06 20:12:09] [LONG    ] SOL — no position & BTC not in long zone — skipping
[2026-04-06 20:12:09] [LONG    ] HYPE — no position & BTC not in long zone — skipping
[2026-04-06 20:12:09] [LONG    ] XRP — no position & BTC not in long zone — skipping
[2026-04-06 20:12:09] [RUN     ] Sleeping 1 min...
[2026-04-06 20:13:09] [RUN     ] ────────────────────────────────────────────────────────────
[2026-04-06 20:13:10] [MACRO   ] BTC $69698 | 7d-high $70316 short-zone: no | 7d-low $65697 long-zone: no | 4h chg: -0.32%
[2026-04-06 20:13:10] [MACRO   ] SPX $0.28 | 7d-high $0.30 | zone: no
[2026-04-06 20:13:10] [ACCT    ] Value $0.00 | Available $0.00 | Capital used 0.0% / 30%
[2026-04-06 20:13:10] [SHORT   ] BTC not in short zone — skipping
[2026-04-06 20:13:10] [LONG    ] BTC — no position & BTC not in long zone — skipping
[2026-04-06 20:13:10] [LONG    ] SOL — no position & BTC not in long zone — skipping
[2026-04-06 20:13:10] [LONG    ] HYPE — no position & BTC not in long zone — skipping
[2026-04-06 20:13:10] [LONG    ] XRP — no position & BTC not in long zone — skipping
[2026-04-06 20:13:10] [RUN     ] Sleeping 1 min...
[2026-04-06 20:14:10] [RUN     ] ────────────────────────────────────────────────────────────
[2026-04-06 20:14:11] [MACRO   ] BTC $69684 | 7d-high $70316 short-zone: no | 7d-low $65697 long-zone: no | 4h chg: -0.34%
[2026-04-06 20:14:11] [MACRO   ] SPX $0.28 | 7d-high $0.30 | zone: no
[2026-04-06 20:14:11] [ACCT    ] Value $0.00 | Available $0.00 | Capital used 0.0% / 30%
[2026-04-06 20:14:11] [SHORT   ] BTC not in short zone — skipping
[2026-04-06 20:14:11] [LONG    ] BTC — no position & BTC not in long zone — skipping
[2026-04-06 20:14:11] [LONG    ] SOL — no position & BTC not in long zone — skipping
[2026-04-06 20:14:11] [LONG    ] HYPE — no position & BTC not in long zone — skipping
[2026-04-06 20:14:11] [LONG    ] XRP — no position & BTC not in long zone — skipping
[2026-04-06 20:14:11] [RUN     ] Sleeping 1 min...
[2026-04-06 20:15:11] [RUN     ] ────────────────────────────────────────────────────────────
[2026-04-06 20:15:12] [MACRO   ] BTC $69742 | 7d-high $70316 short-zone: no | 7d-low $65697 long-zone: no | 4h chg: -0.25%
[2026-04-06 20:15:12] [MACRO   ] SPX $0.28 | 7d-high $0.30 | zone: no
[2026-04-06 20:15:12] [ACCT    ] Value $0.00 | Available $0.00 | Capital used 0.0% / 30%
[2026-04-06 20:15:12] [SHORT   ] BTC not in short zone — skipping
[2026-04-06 20:15:12] [LONG    ] BTC — no position & BTC not in long zone — skipping
[2026-04-06 20:15:12] [LONG    ] SOL — no position & BTC not in long zone — skipping
[2026-04-06 20:15:12] [LONG    ] HYPE — no position & BTC not in long zone — skipping
[2026-04-06 20:15:12] [LONG    ] XRP — no position & BTC not in long zone — skipping
[2026-04-06 20:15:12] [RUN     ] Sleeping 1 min...
[2026-04-06 20:16:12] [RUN     ] ────────────────────────────────────────────────────────────
[2026-04-06 20:16:13] [MACRO   ] BTC $69744 | 7d-high $70316 short-zone: no | 7d-low $65697 long-zone: no | 4h chg: -0.24%
[2026-04-06 20:16:13] [MACRO   ] SPX $0.28 | 7d-high $0.30 | zone: no
[2026-04-06 20:16:13] [ACCT    ] Value $0.00 | Available $0.00 | Capital used 0.0% / 30%
[2026-04-06 20:16:13] [SHORT   ] BTC not in short zone — skipping
[2026-04-06 20:16:13] [LONG    ] BTC — no position & BTC not in long zone — skipping
[2026-04-06 20:16:13] [LONG    ] SOL — no position & BTC not in long zone — skipping
[2026-04-06 20:16:13] [LONG    ] HYPE — no position & BTC not in long zone — skipping
[2026-04-06 20:16:13] [LONG    ] XRP — no position & BTC not in long zone — skipping
[2026-04-06 20:16:13] [RUN     ] Sleeping 1 min...
[2026-04-06 20:17:13] [RUN     ] ────────────────────────────────────────────────────────────
[2026-04-06 20:17:13] [MACRO   ] BTC $69812 | 7d-high $70316 short-zone: no | 7d-low $65697 long-zone: no | 4h chg: -0.17%
[2026-04-06 20:17:13] [MACRO   ] SPX $0.28 | 7d-high $0.30 | zone: no
[2026-04-06 20:17:13] [ACCT    ] Value $0.00 | Available $0.00 | Capital used 0.0% / 30%
[2026-04-06 20:17:13] [SHORT   ] BTC not in short zone — skipping
[2026-04-06 20:17:13] [LONG    ] BTC — no position & BTC not in long zone — skipping
[2026-04-06 20:17:13] [LONG    ] SOL — no position & BTC not in long zone — skipping
[2026-04-06 20:17:13] [LONG    ] HYPE — no position & BTC not in long zone — skipping
[2026-04-06 20:17:13] [LONG    ] XRP — no position & BTC not in long zone — skipping
[2026-04-06 20:17:13] [RUN     ] Sleeping 1 min...
[2026-04-06 20:18:13] [RUN     ] ────────────────────────────────────────────────────────────
[2026-04-06 20:18:14] [MACRO   ] BTC $69770 | 7d-high $70316 short-zone: no | 7d-low $65697 long-zone: no | 4h chg: -0.22%
[2026-04-06 20:18:14] [MACRO   ] SPX $0.28 | 7d-high $0.30 | zone: no
[2026-04-06 20:18:14] [ACCT    ] Value $0.00 | Available $0.00 | Capital used 0.0% / 30%
[2026-04-06 20:18:14] [SHORT   ] BTC not in short zone — skipping
[2026-04-06 20:18:14] [LONG    ] BTC — no position & BTC not in long zone — skipping
[2026-04-06 20:18:14] [LONG    ] SOL — no position & BTC not in long zone — skipping
[2026-04-06 20:18:14] [LONG    ] HYPE — no position & BTC not in long zone — skipping
[2026-04-06 20:18:14] [LONG    ] XRP — no position & BTC not in long zone — skipping
[2026-04-06 20:18:14] [RUN     ] Sleeping 1 min...
[2026-04-06 20:19:14] [RUN     ] ────────────────────────────────────────────────────────────
[2026-04-06 20:19:15] [MACRO   ] BTC $69800 | 7d-high $70316 short-zone: no | 7d-low $65697 long-zone: no | 4h chg: -0.18%
[2026-04-06 20:19:15] [MACRO   ] SPX $0.28 | 7d-high $0.30 | zone: no
[2026-04-06 20:19:15] [ACCT    ] Value $0.00 | Available $0.00 | Capital used 0.0% / 30%
[2026-04-06 20:19:15] [SHORT   ] BTC not in short zone — skipping
[2026-04-06 20:19:15] [LONG    ] BTC — no position & BTC not in long zone — skipping
[2026-04-06 20:19:15] [LONG    ] SOL — no position & BTC not in long zone — skipping
[2026-04-06 20:19:15] [LONG    ] HYPE — no position & BTC not in long zone — skipping
[2026-04-06 20:19:15] [LONG    ] XRP — no position & BTC not in long zone — skipping
[2026-04-06 20:19:15] [RUN     ] Sleeping 1 min...
[2026-04-06 20:20:15] [RUN     ] ────────────────────────────────────────────────────────────
[2026-04-06 20:20:16] [MACRO   ] BTC $69813 | 7d-high $70316 short-zone: no | 7d-low $65697 long-zone: no | 4h chg: -0.16%
[2026-04-06 20:20:16] [MACRO   ] SPX $0.28 | 7d-high $0.30 | zone: no
[2026-04-06 20:20:16] [ACCT    ] Value $0.00 | Available $0.00 | Capital used 0.0% / 30%
[2026-04-06 20:20:16] [SHORT   ] BTC not in short zone — skipping
[2026-04-06 20:20:16] [LONG    ] BTC — no position & BTC not in long zone — skipping
[2026-04-06 20:20:16] [LONG    ] SOL — no position & BTC not in long zone — skipping
[2026-04-06 20:20:16] [LONG    ] HYPE — no position & BTC not in long zone — skipping
[2026-04-06 20:20:16] [LONG    ] XRP — no position & BTC not in long zone — skipping
[2026-04-06 20:20:16] [RUN     ] Sleeping 1 min...
[2026-04-06 20:21:16] [RUN     ] ────────────────────────────────────────────────────────────
[2026-04-06 20:21:17] [MACRO   ] BTC $69796 | 7d-high $70316 short-zone: no | 7d-low $65697 long-zone: no | 4h chg: -0.18%
[2026-04-06 20:21:17] [MACRO   ] SPX $0.28 | 7d-high $0.30 | zone: no
[2026-04-06 20:21:17] [ACCT    ] Value $0.00 | Available $0.00 | Capital used 0.0% / 30%
[2026-04-06 20:21:17] [SHORT   ] BTC not in short zone — skipping
[2026-04-06 20:21:17] [LONG    ] BTC — no position & BTC not in long zone — skipping
[2026-04-06 20:21:17] [LONG    ] SOL — no position & BTC not in long zone — skipping
[2026-04-06 20:21:17] [LONG    ] HYPE — no position & BTC not in long zone — skipping
[2026-04-06 20:21:17] [LONG    ] XRP — no position & BTC not in long zone — skipping
[2026-04-06 20:21:17] [RUN     ] Sleeping 1 min...
[2026-04-06 20:22:17] [RUN     ] ────────────────────────────────────────────────────────────
[2026-04-06 20:22:18] [MACRO   ] BTC $69787 | 7d-high $70316 short-zone: no | 7d-low $65697 long-zone: no | 4h chg: -0.20%
[2026-04-06 20:22:18] [MACRO   ] SPX $0.28 | 7d-high $0.30 | zone: no
[2026-04-06 20:22:18] [ACCT    ] Value $0.00 | Available $0.00 | Capital used 0.0% / 30%
[2026-04-06 20:22:18] [SHORT   ] BTC not in short zone — skipping
[2026-04-06 20:22:18] [LONG    ] BTC — no position & BTC not in long zone — skipping
[2026-04-06 20:22:18] [LONG    ] SOL — no position & BTC not in long zone — skipping
[2026-04-06 20:22:18] [LONG    ] HYPE — no position & BTC not in long zone — skipping
[2026-04-06 20:22:18] [LONG    ] XRP — no position & BTC not in long zone — skipping
[2026-04-06 20:22:18] [RUN     ] Sleeping 1 min...
[2026-04-06 20:23:18] [RUN     ] ────────────────────────────────────────────────────────────
[2026-04-06 20:23:18] [MACRO   ] BTC $69818 | 7d-high $70316 short-zone: no | 7d-low $65697 long-zone: no | 4h chg: -0.15%
[2026-04-06 20:23:18] [MACRO   ] SPX $0.28 | 7d-high $0.30 | zone: no
[2026-04-06 20:23:18] [ACCT    ] Value $0.00 | Available $0.00 | Capital used 0.0% / 30%
[2026-04-06 20:23:18] [SHORT   ] BTC not in short zone — skipping
[2026-04-06 20:23:18] [LONG    ] BTC — no position & BTC not in long zone — skipping
[2026-04-06 20:23:18] [LONG    ] SOL — no position & BTC not in long zone — skipping
[2026-04-06 20:23:18] [LONG    ] HYPE — no position & BTC not in long zone — skipping
[2026-04-06 20:23:18] [LONG    ] XRP — no position & BTC not in long zone — skipping
[2026-04-06 20:23:18] [RUN     ] Sleeping 1 min...
[2026-04-06 20:24:18] [RUN     ] ────────────────────────────────────────────────────────────
[2026-04-06 20:24:19] [MACRO   ] BTC $69831 | 7d-high $70316 short-zone: no | 7d-low $65697 long-zone: no | 4h chg: -0.14%
[2026-04-06 20:24:19] [MACRO   ] SPX $0.28 | 7d-high $0.30 | zone: no
[2026-04-06 20:24:19] [ACCT    ] Value $0.00 | Available $0.00 | Capital used 0.0% / 30%
[2026-04-06 20:24:19] [SHORT   ] BTC not in short zone — skipping
[2026-04-06 20:24:19] [LONG    ] BTC — no position & BTC not in long zone — skipping
[2026-04-06 20:24:19] [LONG    ] SOL — no position & BTC not in long zone — skipping
[2026-04-06 20:24:19] [LONG    ] HYPE — no position & BTC not in long zone — skipping
[2026-04-06 20:24:19] [LONG    ] XRP — no position & BTC not in long zone — skipping
[2026-04-06 20:24:19] [RUN     ] Sleeping 1 min...
[2026-04-06 20:25:19] [RUN     ] ────────────────────────────────────────────────────────────
[2026-04-06 20:25:20] [MACRO   ] BTC $69813 | 7d-high $70316 short-zone: no | 7d-low $65697 long-zone: no | 4h chg: -0.16%
[2026-04-06 20:25:20] [MACRO   ] SPX $0.28 | 7d-high $0.30 | zone: no
[2026-04-06 20:25:20] [ACCT    ] Value $0.00 | Available $0.00 | Capital used 0.0% / 30%
[2026-04-06 20:25:20] [SHORT   ] BTC not in short zone — skipping
[2026-04-06 20:25:20] [LONG    ] BTC — no position & BTC not in long zone — skipping
[2026-04-06 20:25:20] [LONG    ] SOL — no position & BTC not in long zone — skipping
[2026-04-06 20:25:20] [LONG    ] HYPE — no position & BTC not in long zone — skipping
[2026-04-06 20:25:20] [LONG    ] XRP — no position & BTC not in long zone — skipping
[2026-04-06 20:25:20] [RUN     ] Sleeping 1 min...
[2026-04-06 20:26:20] [RUN     ] ────────────────────────────────────────────────────────────
[2026-04-06 20:26:22] [MACRO   ] BTC $69894 | 7d-high $70316 short-zone: no | 7d-low $65697 long-zone: no | 4h chg: -0.04%
[2026-04-06 20:26:22] [MACRO   ] SPX $0.28 | 7d-high $0.30 | zone: no
[2026-04-06 20:26:22] [ACCT    ] Value $0.00 | Available $0.00 | Capital used 0.0% / 30%
[2026-04-06 20:26:22] [SHORT   ] BTC not in short zone — skipping
[2026-04-06 20:26:22] [LONG    ] BTC — no position & BTC not in long zone — skipping
[2026-04-06 20:26:22] [LONG    ] SOL — no position & BTC not in long zone — skipping
[2026-04-06 20:26:22] [LONG    ] HYPE — no position & BTC not in long zone — skipping
[2026-04-06 20:26:22] [LONG    ] XRP — no position & BTC not in long zone — skipping
[2026-04-06 20:26:22] [RUN     ] Sleeping 1 min...
[2026-04-06 20:27:22] [RUN     ] ────────────────────────────────────────────────────────────
[2026-04-06 20:27:22] [MACRO   ] BTC $69876 | 7d-high $70316 short-zone: no | 7d-low $65697 long-zone: no | 4h chg: -0.07%
[2026-04-06 20:27:22] [MACRO   ] SPX $0.28 | 7d-high $0.30 | zone: no
[2026-04-06 20:27:22] [ACCT    ] Value $0.00 | Available $0.00 | Capital used 0.0% / 30%
[2026-04-06 20:27:22] [SHORT   ] BTC not in short zone — skipping
[2026-04-06 20:27:22] [LONG    ] BTC — no position & BTC not in long zone — skipping
[2026-04-06 20:27:22] [LONG    ] SOL — no position & BTC not in long zone — skipping
[2026-04-06 20:27:22] [LONG    ] HYPE — no position & BTC not in long zone — skipping
[2026-04-06 20:27:22] [LONG    ] XRP — no position & BTC not in long zone — skipping
[2026-04-06 20:27:22] [RUN     ] Sleeping 1 min...
[2026-04-06 20:28:22] [RUN     ] ────────────────────────────────────────────────────────────
[2026-04-06 20:28:23] [MACRO   ] BTC $69924 | 7d-high $70316 short-zone: no | 7d-low $65697 long-zone: no | 4h chg: -0.01%
[2026-04-06 20:28:23] [MACRO   ] SPX $0.29 | 7d-high $0.30 | zone: no
[2026-04-06 20:28:23] [ACCT    ] Value $0.00 | Available $0.00 | Capital used 0.0% / 30%
[2026-04-06 20:28:23] [SHORT   ] BTC not in short zone — skipping
[2026-04-06 20:28:23] [LONG    ] BTC — no position & BTC not in long zone — skipping
[2026-04-06 20:28:23] [LONG    ] SOL — no position & BTC not in long zone — skipping
[2026-04-06 20:28:23] [LONG    ] HYPE — no position & BTC not in long zone — skipping
[2026-04-06 20:28:23] [LONG    ] XRP — no position & BTC not in long zone — skipping
[2026-04-06 20:28:23] [RUN     ] Sleeping 1 min...
[2026-04-06 20:29:23] [RUN     ] ────────────────────────────────────────────────────────────
[2026-04-06 20:29:24] [MACRO   ] BTC $69912 | 7d-high $70316 short-zone: no | 7d-low $65697 long-zone: no | 4h chg: -0.02%
[2026-04-06 20:29:24] [MACRO   ] SPX $0.29 | 7d-high $0.30 | zone: no
[2026-04-06 20:29:24] [ACCT    ] Value $0.00 | Available $0.00 | Capital used 0.0% / 30%
[2026-04-06 20:29:24] [SHORT   ] BTC not in short zone — skipping
[2026-04-06 20:29:24] [LONG    ] BTC — no position & BTC not in long zone — skipping
[2026-04-06 20:29:24] [LONG    ] SOL — no position & BTC not in long zone — skipping
[2026-04-06 20:29:24] [LONG    ] HYPE — no position & BTC not in long zone — skipping
[2026-04-06 20:29:24] [LONG    ] XRP — no position & BTC not in long zone — skipping
[2026-04-06 20:29:24] [RUN     ] Sleeping 1 min...
[2026-04-06 20:30:24] [RUN     ] ────────────────────────────────────────────────────────────
[2026-04-06 20:30:25] [MACRO   ] BTC $69921 | 7d-high $70316 short-zone: no | 7d-low $65697 long-zone: no | 4h chg: -0.01%
[2026-04-06 20:30:25] [MACRO   ] SPX $0.28 | 7d-high $0.30 | zone: no
[2026-04-06 20:30:25] [ACCT    ] Value $0.00 | Available $0.00 | Capital used 0.0% / 30%
[2026-04-06 20:30:25] [SHORT   ] BTC not in short zone — skipping
[2026-04-06 20:30:25] [LONG    ] BTC — no position & BTC not in long zone — skipping
[2026-04-06 20:30:25] [LONG    ] SOL — no position & BTC not in long zone — skipping
[2026-04-06 20:30:25] [LONG    ] HYPE — no position & BTC not in long zone — skipping
[2026-04-06 20:30:25] [LONG    ] XRP — no position & BTC not in long zone — skipping
[2026-04-06 20:30:25] [RUN     ] Sleeping 1 min...
[2026-04-06 20:31:25] [RUN     ] ────────────────────────────────────────────────────────────
[2026-04-06 20:31:25] [MACRO   ] BTC $69934 | 7d-high $70316 short-zone: no | 7d-low $65697 long-zone: no | 4h chg: 0.01%
[2026-04-06 20:31:25] [MACRO   ] SPX $0.28 | 7d-high $0.30 | zone: no
[2026-04-06 20:31:25] [ACCT    ] Value $0.00 | Available $0.00 | Capital used 0.0% / 30%
[2026-04-06 20:31:25] [SHORT   ] BTC not in short zone — skipping
[2026-04-06 20:31:25] [LONG    ] BTC — no position & BTC not in long zone — skipping
[2026-04-06 20:31:25] [LONG    ] SOL — no position & BTC not in long zone — skipping
[2026-04-06 20:31:25] [LONG    ] HYPE — no position & BTC not in long zone — skipping
[2026-04-06 20:31:25] [LONG    ] XRP — no position & BTC not in long zone — skipping
[2026-04-06 20:31:25] [RUN     ] Sleeping 1 min...
[2026-04-06 20:32:25] [RUN     ] ────────────────────────────────────────────────────────────
[2026-04-06 20:32:26] [MACRO   ] BTC $69927 | 7d-high $70316 short-zone: no | 7d-low $65697 long-zone: no | 4h chg: 0.00%
[2026-04-06 20:32:26] [MACRO   ] SPX $0.28 | 7d-high $0.30 | zone: no
[2026-04-06 20:32:26] [ACCT    ] Value $0.00 | Available $0.00 | Capital used 0.0% / 30%
[2026-04-06 20:32:26] [SHORT   ] BTC not in short zone — skipping
[2026-04-06 20:32:26] [LONG    ] BTC — no position & BTC not in long zone — skipping
[2026-04-06 20:32:26] [LONG    ] SOL — no position & BTC not in long zone — skipping
[2026-04-06 20:32:26] [LONG    ] HYPE — no position & BTC not in long zone — skipping
[2026-04-06 20:32:26] [LONG    ] XRP — no position & BTC not in long zone — skipping
[2026-04-06 20:32:26] [RUN     ] Sleeping 1 min...
[2026-04-06 20:33:26] [RUN     ] ────────────────────────────────────────────────────────────
[2026-04-06 20:33:27] [MACRO   ] BTC $69903 | 7d-high $70316 short-zone: no | 7d-low $65697 long-zone: no | 4h chg: -0.03%
[2026-04-06 20:33:27] [MACRO   ] SPX $0.28 | 7d-high $0.30 | zone: no
[2026-04-06 20:33:27] [ACCT    ] Value $0.00 | Available $0.00 | Capital used 0.0% / 30%
[2026-04-06 20:33:27] [SHORT   ] BTC not in short zone — skipping
[2026-04-06 20:33:27] [LONG    ] BTC — no position & BTC not in long zone — skipping
[2026-04-06 20:33:27] [LONG    ] SOL — no position & BTC not in long zone — skipping
[2026-04-06 20:33:27] [LONG    ] HYPE — no position & BTC not in long zone — skipping
[2026-04-06 20:33:27] [LONG    ] XRP — no position & BTC not in long zone — skipping
[2026-04-06 20:33:27] [RUN     ] Sleeping 1 min...
[2026-04-06 20:34:27] [RUN     ] ────────────────────────────────────────────────────────────
[2026-04-06 20:34:28] [MACRO   ] BTC $69905 | 7d-high $70316 short-zone: no | 7d-low $65697 long-zone: no | 4h chg: -0.03%
[2026-04-06 20:34:28] [MACRO   ] SPX $0.28 | 7d-high $0.30 | zone: no
[2026-04-06 20:34:28] [ACCT    ] Value $0.00 | Available $0.00 | Capital used 0.0% / 30%
[2026-04-06 20:34:28] [SHORT   ] BTC not in short zone — skipping
[2026-04-06 20:34:28] [LONG    ] BTC — no position & BTC not in long zone — skipping
[2026-04-06 20:34:28] [LONG    ] SOL — no position & BTC not in long zone — skipping
[2026-04-06 20:34:28] [LONG    ] HYPE — no position & BTC not in long zone — skipping
[2026-04-06 20:34:28] [LONG    ] XRP — no position & BTC not in long zone — skipping
[2026-04-06 20:34:28] [RUN     ] Sleeping 1 min...
[2026-04-06 20:35:28] [RUN     ] ────────────────────────────────────────────────────────────
[2026-04-06 20:35:29] [MACRO   ] BTC $69925 | 7d-high $70316 short-zone: no | 7d-low $65697 long-zone: no | 4h chg: -0.00%
[2026-04-06 20:35:29] [MACRO   ] SPX $0.28 | 7d-high $0.30 | zone: no
[2026-04-06 20:35:29] [ACCT    ] Value $0.00 | Available $0.00 | Capital used 0.0% / 30%
[2026-04-06 20:35:29] [SHORT   ] BTC not in short zone — skipping
[2026-04-06 20:35:29] [LONG    ] BTC — no position & BTC not in long zone — skipping
[2026-04-06 20:35:29] [LONG    ] SOL — no position & BTC not in long zone — skipping
[2026-04-06 20:35:29] [LONG    ] HYPE — no position & BTC not in long zone — skipping
[2026-04-06 20:35:29] [LONG    ] XRP — no position & BTC not in long zone — skipping
[2026-04-06 20:35:29] [RUN     ] Sleeping 1 min...
[2026-04-06 20:36:29] [RUN     ] ────────────────────────────────────────────────────────────
[2026-04-06 20:36:30] [MACRO   ] BTC $69925 | 7d-high $70316 short-zone: no | 7d-low $65697 long-zone: no | 4h chg: 0.00%
[2026-04-06 20:36:30] [MACRO   ] SPX $0.28 | 7d-high $0.30 | zone: no
[2026-04-06 20:36:30] [ACCT    ] Value $0.00 | Available $0.00 | Capital used 0.0% / 30%
[2026-04-06 20:36:30] [SHORT   ] BTC not in short zone — skipping
[2026-04-06 20:36:30] [LONG    ] BTC — no position & BTC not in long zone — skipping
[2026-04-06 20:36:30] [LONG    ] SOL — no position & BTC not in long zone — skipping
[2026-04-06 20:36:30] [LONG    ] HYPE — no position & BTC not in long zone — skipping
[2026-04-06 20:36:30] [LONG    ] XRP — no position & BTC not in long zone — skipping
[2026-04-06 20:36:30] [RUN     ] Sleeping 1 min...
[2026-04-06 20:37:30] [RUN     ] ────────────────────────────────────────────────────────────
[2026-04-06 20:37:30] [MACRO   ] BTC $69917 | 7d-high $70316 short-zone: no | 7d-low $65697 long-zone: no | 4h chg: -0.01%
[2026-04-06 20:37:30] [MACRO   ] SPX $0.28 | 7d-high $0.30 | zone: no
[2026-04-06 20:37:30] [ACCT    ] Value $0.00 | Available $0.00 | Capital used 0.0% / 30%
[2026-04-06 20:37:30] [SHORT   ] BTC not in short zone — skipping
[2026-04-06 20:37:30] [LONG    ] BTC — no position & BTC not in long zone — skipping
[2026-04-06 20:37:30] [LONG    ] SOL — no position & BTC not in long zone — skipping
[2026-04-06 20:37:30] [LONG    ] HYPE — no position & BTC not in long zone — skipping
[2026-04-06 20:37:30] [LONG    ] XRP — no position & BTC not in long zone — skipping
[2026-04-06 20:37:30] [RUN     ] Sleeping 1 min...
[2026-04-06 20:38:30] [RUN     ] ────────────────────────────────────────────────────────────
[2026-04-06 20:38:31] [MACRO   ] BTC $69925 | 7d-high $70316 short-zone: no | 7d-low $65697 long-zone: no | 4h chg: 0.00%
[2026-04-06 20:38:31] [MACRO   ] SPX $0.28 | 7d-high $0.30 | zone: no
[2026-04-06 20:38:31] [ACCT    ] Value $0.00 | Available $0.00 | Capital used 0.0% / 30%
[2026-04-06 20:38:31] [SHORT   ] BTC not in short zone — skipping
[2026-04-06 20:38:31] [LONG    ] BTC — no position & BTC not in long zone — skipping
[2026-04-06 20:38:31] [LONG    ] SOL — no position & BTC not in long zone — skipping
[2026-04-06 20:38:31] [LONG    ] HYPE — no position & BTC not in long zone — skipping
[2026-04-06 20:38:31] [LONG    ] XRP — no position & BTC not in long zone — skipping
[2026-04-06 20:38:31] [RUN     ] Sleeping 1 min...
[2026-04-06 20:39:31] [RUN     ] ────────────────────────────────────────────────────────────
[2026-04-06 20:39:33] [MACRO   ] BTC $69925 | 7d-high $70316 short-zone: no | 7d-low $65697 long-zone: no | 4h chg: -0.00%
[2026-04-06 20:39:33] [MACRO   ] SPX $0.28 | 7d-high $0.30 | zone: no
[2026-04-06 20:39:33] [ACCT    ] Value $0.00 | Available $0.00 | Capital used 0.0% / 30%
[2026-04-06 20:39:33] [SHORT   ] BTC not in short zone — skipping
[2026-04-06 20:39:33] [LONG    ] BTC — no position & BTC not in long zone — skipping
[2026-04-06 20:39:33] [LONG    ] SOL — no position & BTC not in long zone — skipping
[2026-04-06 20:39:33] [LONG    ] HYPE — no position & BTC not in long zone — skipping
[2026-04-06 20:39:33] [LONG    ] XRP — no position & BTC not in long zone — skipping
[2026-04-06 20:39:33] [RUN     ] Sleeping 1 min...
[2026-04-06 20:40:33] [RUN     ] ────────────────────────────────────────────────────────────
[2026-04-06 20:40:33] [MACRO   ] BTC $69904 | 7d-high $70316 short-zone: no | 7d-low $65697 long-zone: no | 4h chg: -0.03%
[2026-04-06 20:40:33] [MACRO   ] SPX $0.28 | 7d-high $0.30 | zone: no
[2026-04-06 20:40:33] [ACCT    ] Value $0.00 | Available $0.00 | Capital used 0.0% / 30%
[2026-04-06 20:40:33] [SHORT   ] BTC not in short zone — skipping
[2026-04-06 20:40:33] [LONG    ] BTC — no position & BTC not in long zone — skipping
[2026-04-06 20:40:33] [LONG    ] SOL — no position & BTC not in long zone — skipping
[2026-04-06 20:40:33] [LONG    ] HYPE — no position & BTC not in long zone — skipping
[2026-04-06 20:40:33] [LONG    ] XRP — no position & BTC not in long zone — skipping
[2026-04-06 20:40:33] [RUN     ] Sleeping 1 min...
[2026-04-06 20:41:33] [RUN     ] ────────────────────────────────────────────────────────────
[2026-04-06 20:41:34] [MACRO   ] BTC $69864 | 7d-high $70316 short-zone: no | 7d-low $65697 long-zone: no | 4h chg: -0.09%
[2026-04-06 20:41:34] [MACRO   ] SPX $0.28 | 7d-high $0.30 | zone: no
[2026-04-06 20:41:34] [ACCT    ] Value $0.00 | Available $0.00 | Capital used 0.0% / 30%
[2026-04-06 20:41:34] [SHORT   ] BTC not in short zone — skipping
[2026-04-06 20:41:34] [LONG    ] BTC — no position & BTC not in long zone — skipping
[2026-04-06 20:41:34] [LONG    ] SOL — no position & BTC not in long zone — skipping
[2026-04-06 20:41:34] [LONG    ] HYPE — no position & BTC not in long zone — skipping
[2026-04-06 20:41:34] [LONG    ] XRP — no position & BTC not in long zone — skipping
[2026-04-06 20:41:34] [RUN     ] Sleeping 1 min...
[2026-04-06 20:42:34] [RUN     ] ────────────────────────────────────────────────────────────
[2026-04-06 20:42:35] [MACRO   ] BTC $69879 | 7d-high $70316 short-zone: no | 7d-low $65697 long-zone: no | 4h chg: -0.07%
[2026-04-06 20:42:35] [MACRO   ] SPX $0.28 | 7d-high $0.30 | zone: no
[2026-04-06 20:42:35] [ACCT    ] Value $0.00 | Available $0.00 | Capital used 0.0% / 30%
[2026-04-06 20:42:35] [SHORT   ] BTC not in short zone — skipping
[2026-04-06 20:42:35] [LONG    ] BTC — no position & BTC not in long zone — skipping
[2026-04-06 20:42:35] [LONG    ] SOL — no position & BTC not in long zone — skipping
[2026-04-06 20:42:35] [LONG    ] HYPE — no position & BTC not in long zone — skipping
[2026-04-06 20:42:35] [LONG    ] XRP — no position & BTC not in long zone — skipping
[2026-04-06 20:42:35] [RUN     ] Sleeping 1 min...
[2026-04-06 21:37:40] [RUN     ] ────────────────────────────────────────────────────────────
[2026-04-06 21:37:40] [ERROR   ] Loop: Unknown HTTP request error: TypeError: fetch failed
[2026-04-06 21:37:40] [RUN     ] Sleeping 1 min...
[2026-04-06 21:38:40] [RUN     ] ────────────────────────────────────────────────────────────
[2026-04-06 21:38:41] [MACRO   ] BTC $69422 | 7d-high $70316 short-zone: no | 7d-low $65697 long-zone: no | 4h chg: -0.47%
[2026-04-06 21:38:41] [MACRO   ] SPX $0.28 | 7d-high $0.30 | zone: no
[2026-04-06 21:38:41] [ACCT    ] Value $0.00 | Available $0.00 | Capital used 0.0% / 30%
[2026-04-06 21:38:41] [SHORT   ] BTC not in short zone — skipping
[2026-04-06 21:38:41] [LONG    ] BTC — no position & BTC not in long zone — skipping
[2026-04-06 21:38:41] [LONG    ] SOL — no position & BTC not in long zone — skipping
[2026-04-06 21:38:41] [LONG    ] HYPE — no position & BTC not in long zone — skipping
[2026-04-06 21:38:41] [LONG    ] XRP — no position & BTC not in long zone — skipping
[2026-04-06 21:38:41] [RUN     ] Sleeping 1 min...
[2026-04-06 21:39:41] [RUN     ] ────────────────────────────────────────────────────────────
[2026-04-06 21:39:41] [MACRO   ] BTC $69444 | 7d-high $70316 short-zone: no | 7d-low $65697 long-zone: no | 4h chg: -0.44%
[2026-04-06 21:39:41] [MACRO   ] SPX $0.28 | 7d-high $0.30 | zone: no
[2026-04-06 21:39:41] [ACCT    ] Value $0.00 | Available $0.00 | Capital used 0.0% / 30%
[2026-04-06 21:39:41] [SHORT   ] BTC not in short zone — skipping
[2026-04-06 21:39:41] [LONG    ] BTC — no position & BTC not in long zone — skipping
[2026-04-06 21:39:41] [LONG    ] SOL — no position & BTC not in long zone — skipping
[2026-04-06 21:39:41] [LONG    ] HYPE — no position & BTC not in long zone — skipping
[2026-04-06 21:39:41] [LONG    ] XRP — no position & BTC not in long zone — skipping
[2026-04-06 21:39:41] [RUN     ] Sleeping 1 min...
[2026-04-06 21:40:41] [RUN     ] ────────────────────────────────────────────────────────────
[2026-04-06 21:40:42] [MACRO   ] BTC $69448 | 7d-high $70316 short-zone: no | 7d-low $65697 long-zone: no | 4h chg: -0.43%
[2026-04-06 21:40:42] [MACRO   ] SPX $0.28 | 7d-high $0.30 | zone: no
[2026-04-06 21:40:42] [ACCT    ] Value $0.00 | Available $0.00 | Capital used 0.0% / 30%
[2026-04-06 21:40:42] [SHORT   ] BTC not in short zone — skipping
[2026-04-06 21:40:42] [LONG    ] BTC — no position & BTC not in long zone — skipping
[2026-04-06 21:40:42] [LONG    ] SOL — no position & BTC not in long zone — skipping
[2026-04-06 21:40:42] [LONG    ] HYPE — no position & BTC not in long zone — skipping
[2026-04-06 21:40:42] [LONG    ] XRP — no position & BTC not in long zone — skipping
[2026-04-06 21:40:42] [RUN     ] Sleeping 1 min...
[2026-04-06 21:41:42] [RUN     ] ────────────────────────────────────────────────────────────
[2026-04-06 21:41:43] [MACRO   ] BTC $69452 | 7d-high $70316 short-zone: no | 7d-low $65697 long-zone: no | 4h chg: -0.43%
[2026-04-06 21:41:43] [MACRO   ] SPX $0.28 | 7d-high $0.30 | zone: no
[2026-04-06 21:41:43] [ACCT    ] Value $0.00 | Available $0.00 | Capital used 0.0% / 30%
[2026-04-06 21:41:43] [SHORT   ] BTC not in short zone — skipping
[2026-04-06 21:41:43] [LONG    ] BTC — no position & BTC not in long zone — skipping
[2026-04-06 21:41:43] [LONG    ] SOL — no position & BTC not in long zone — skipping
[2026-04-06 21:41:43] [LONG    ] HYPE — no position & BTC not in long zone — skipping
[2026-04-06 21:41:43] [LONG    ] XRP — no position & BTC not in long zone — skipping
[2026-04-06 21:41:43] [RUN     ] Sleeping 1 min...
[2026-04-06 21:42:43] [RUN     ] ────────────────────────────────────────────────────────────
[2026-04-06 21:42:44] [MACRO   ] BTC $69441 | 7d-high $70316 short-zone: no | 7d-low $65697 long-zone: no | 4h chg: -0.44%
[2026-04-06 21:42:44] [MACRO   ] SPX $0.28 | 7d-high $0.30 | zone: no
[2026-04-06 21:42:44] [ACCT    ] Value $0.00 | Available $0.00 | Capital used 0.0% / 30%
[2026-04-06 21:42:44] [SHORT   ] BTC not in short zone — skipping
[2026-04-06 21:42:44] [LONG    ] BTC — no position & BTC not in long zone — skipping
[2026-04-06 21:42:44] [LONG    ] SOL — no position & BTC not in long zone — skipping
[2026-04-06 21:42:44] [LONG    ] HYPE — no position & BTC not in long zone — skipping
[2026-04-06 21:42:44] [LONG    ] XRP — no position & BTC not in long zone — skipping
[2026-04-06 21:42:44] [RUN     ] Sleeping 1 min...
[2026-04-06 21:43:44] [RUN     ] ────────────────────────────────────────────────────────────
[2026-04-06 21:43:44] [MACRO   ] BTC $69408 | 7d-high $70316 short-zone: no | 7d-low $65697 long-zone: no | 4h chg: -0.49%
[2026-04-06 21:43:44] [MACRO   ] SPX $0.28 | 7d-high $0.30 | zone: no
[2026-04-06 21:43:44] [ACCT    ] Value $0.00 | Available $0.00 | Capital used 0.0% / 30%
[2026-04-06 21:43:44] [SHORT   ] BTC not in short zone — skipping
[2026-04-06 21:43:44] [LONG    ] BTC — no position & BTC not in long zone — skipping
[2026-04-06 21:43:44] [LONG    ] SOL — no position & BTC not in long zone — skipping
[2026-04-06 21:43:44] [LONG    ] HYPE — no position & BTC not in long zone — skipping
[2026-04-06 21:43:44] [LONG    ] XRP — no position & BTC not in long zone — skipping
[2026-04-06 21:43:44] [RUN     ] Sleeping 1 min...
[2026-04-06 21:44:44] [RUN     ] ────────────────────────────────────────────────────────────
[2026-04-06 21:44:45] [MACRO   ] BTC $69431 | 7d-high $70316 short-zone: no | 7d-low $65697 long-zone: no | 4h chg: -0.45%
[2026-04-06 21:44:45] [MACRO   ] SPX $0.28 | 7d-high $0.30 | zone: no
[2026-04-06 21:44:45] [ACCT    ] Value $0.00 | Available $0.00 | Capital used 0.0% / 30%
[2026-04-06 21:44:45] [SHORT   ] BTC not in short zone — skipping
[2026-04-06 21:44:45] [LONG    ] BTC — no position & BTC not in long zone — skipping
[2026-04-06 21:44:45] [LONG    ] SOL — no position & BTC not in long zone — skipping
[2026-04-06 21:44:45] [LONG    ] HYPE — no position & BTC not in long zone — skipping
[2026-04-06 21:44:45] [LONG    ] XRP — no position & BTC not in long zone — skipping
[2026-04-06 21:44:45] [RUN     ] Sleeping 1 min...
[2026-04-06 21:45:45] [RUN     ] ────────────────────────────────────────────────────────────
[2026-04-06 21:45:46] [MACRO   ] BTC $69417 | 7d-high $70316 short-zone: no | 7d-low $65697 long-zone: no | 4h chg: -0.48%
[2026-04-06 21:45:46] [MACRO   ] SPX $0.28 | 7d-high $0.30 | zone: no
[2026-04-06 21:45:46] [ACCT    ] Value $0.00 | Available $0.00 | Capital used 0.0% / 30%
[2026-04-06 21:45:46] [SHORT   ] BTC not in short zone — skipping
[2026-04-06 21:45:46] [LONG    ] BTC — no position & BTC not in long zone — skipping
[2026-04-06 21:45:46] [LONG    ] SOL — no position & BTC not in long zone — skipping
[2026-04-06 21:45:46] [LONG    ] HYPE — no position & BTC not in long zone — skipping
[2026-04-06 21:45:46] [LONG    ] XRP — no position & BTC not in long zone — skipping
[2026-04-06 21:45:46] [RUN     ] Sleeping 1 min...
[2026-04-06 21:46:46] [RUN     ] ────────────────────────────────────────────────────────────
[2026-04-06 21:46:47] [MACRO   ] BTC $69452 | 7d-high $70316 short-zone: no | 7d-low $65697 long-zone: no | 4h chg: -0.43%
[2026-04-06 21:46:47] [MACRO   ] SPX $0.28 | 7d-high $0.30 | zone: no
[2026-04-06 21:46:47] [ACCT    ] Value $0.00 | Available $0.00 | Capital used 0.0% / 30%
[2026-04-06 21:46:47] [SHORT   ] BTC not in short zone — skipping
[2026-04-06 21:46:47] [LONG    ] BTC — no position & BTC not in long zone — skipping
[2026-04-06 21:46:47] [LONG    ] SOL — no position & BTC not in long zone — skipping
[2026-04-06 21:46:47] [LONG    ] HYPE — no position & BTC not in long zone — skipping
[2026-04-06 21:46:47] [LONG    ] XRP — no position & BTC not in long zone — skipping
[2026-04-06 21:46:47] [RUN     ] Sleeping 1 min...
[2026-04-06 21:47:47] [RUN     ] ────────────────────────────────────────────────────────────
[2026-04-06 21:47:47] [MACRO   ] BTC $69455 | 7d-high $70316 short-zone: no | 7d-low $65697 long-zone: no | 4h chg: -0.42%
[2026-04-06 21:47:47] [MACRO   ] SPX $0.28 | 7d-high $0.30 | zone: no
[2026-04-06 21:47:47] [ACCT    ] Value $0.00 | Available $0.00 | Capital used 0.0% / 30%
[2026-04-06 21:47:47] [SHORT   ] BTC not in short zone — skipping
[2026-04-06 21:47:47] [LONG    ] BTC — no position & BTC not in long zone — skipping
[2026-04-06 21:47:47] [LONG    ] SOL — no position & BTC not in long zone — skipping
[2026-04-06 21:47:47] [LONG    ] HYPE — no position & BTC not in long zone — skipping
[2026-04-06 21:47:47] [LONG    ] XRP — no position & BTC not in long zone — skipping
[2026-04-06 21:47:47] [RUN     ] Sleeping 1 min...
[2026-04-06 21:48:47] [RUN     ] ────────────────────────────────────────────────────────────
[2026-04-06 21:48:48] [MACRO   ] BTC $69449 | 7d-high $70316 short-zone: no | 7d-low $65697 long-zone: no | 4h chg: -0.43%
[2026-04-06 21:48:48] [MACRO   ] SPX $0.28 | 7d-high $0.30 | zone: no
[2026-04-06 21:48:48] [ACCT    ] Value $0.00 | Available $0.00 | Capital used 0.0% / 30%
[2026-04-06 21:48:48] [SHORT   ] BTC not in short zone — skipping
[2026-04-06 21:48:48] [LONG    ] BTC — no position & BTC not in long zone — skipping
[2026-04-06 21:48:48] [LONG    ] SOL — no position & BTC not in long zone — skipping
[2026-04-06 21:48:48] [LONG    ] HYPE — no position & BTC not in long zone — skipping
[2026-04-06 21:48:48] [LONG    ] XRP — no position & BTC not in long zone — skipping
[2026-04-06 21:48:48] [RUN     ] Sleeping 1 min...
[2026-04-06 21:49:48] [RUN     ] ────────────────────────────────────────────────────────────
[2026-04-06 21:49:49] [MACRO   ] BTC $69514 | 7d-high $70316 short-zone: no | 7d-low $65697 long-zone: no | 4h chg: -0.34%
[2026-04-06 21:49:49] [MACRO   ] SPX $0.28 | 7d-high $0.30 | zone: no
[2026-04-06 21:49:49] [ACCT    ] Value $0.00 | Available $0.00 | Capital used 0.0% / 30%
[2026-04-06 21:49:49] [SHORT   ] BTC not in short zone — skipping
[2026-04-06 21:49:49] [LONG    ] BTC — no position & BTC not in long zone — skipping
[2026-04-06 21:49:49] [LONG    ] SOL — no position & BTC not in long zone — skipping
[2026-04-06 21:49:49] [LONG    ] HYPE — no position & BTC not in long zone — skipping
[2026-04-06 21:49:49] [LONG    ] XRP — no position & BTC not in long zone — skipping
[2026-04-06 21:49:49] [RUN     ] Sleeping 1 min...
[2026-04-06 21:50:49] [RUN     ] ────────────────────────────────────────────────────────────
[2026-04-06 21:50:50] [MACRO   ] BTC $69516 | 7d-high $70316 short-zone: no | 7d-low $65697 long-zone: no | 4h chg: -0.33%
[2026-04-06 21:50:50] [MACRO   ] SPX $0.28 | 7d-high $0.30 | zone: no
[2026-04-06 21:50:50] [ACCT    ] Value $0.00 | Available $0.00 | Capital used 0.0% / 30%
[2026-04-06 21:50:50] [SHORT   ] BTC not in short zone — skipping
[2026-04-06 21:50:50] [LONG    ] BTC — no position & BTC not in long zone — skipping
[2026-04-06 21:50:50] [LONG    ] SOL — no position & BTC not in long zone — skipping
[2026-04-06 21:50:50] [LONG    ] HYPE — no position & BTC not in long zone — skipping
[2026-04-06 21:50:50] [LONG    ] XRP — no position & BTC not in long zone — skipping
[2026-04-06 21:50:50] [RUN     ] Sleeping 1 min...
[2026-04-06 21:51:50] [RUN     ] ────────────────────────────────────────────────────────────
[2026-04-06 21:51:50] [MACRO   ] BTC $69509 | 7d-high $70316 short-zone: no | 7d-low $65697 long-zone: no | 4h chg: -0.34%
[2026-04-06 21:51:50] [MACRO   ] SPX $0.28 | 7d-high $0.30 | zone: no
[2026-04-06 21:51:50] [ACCT    ] Value $0.00 | Available $0.00 | Capital used 0.0% / 30%
[2026-04-06 21:51:50] [SHORT   ] BTC not in short zone — skipping
[2026-04-06 21:51:50] [LONG    ] BTC — no position & BTC not in long zone — skipping
[2026-04-06 21:51:50] [LONG    ] SOL — no position & BTC not in long zone — skipping
[2026-04-06 21:51:50] [LONG    ] HYPE — no position & BTC not in long zone — skipping
[2026-04-06 21:51:50] [LONG    ] XRP — no position & BTC not in long zone — skipping
[2026-04-06 21:51:50] [RUN     ] Sleeping 1 min...
[2026-04-06 21:52:50] [RUN     ] ────────────────────────────────────────────────────────────
[2026-04-06 21:52:51] [MACRO   ] BTC $69454 | 7d-high $70316 short-zone: no | 7d-low $65697 long-zone: no | 4h chg: -0.41%
[2026-04-06 21:52:51] [MACRO   ] SPX $0.28 | 7d-high $0.30 | zone: no
[2026-04-06 21:52:51] [ACCT    ] Value $0.00 | Available $0.00 | Capital used 0.0% / 30%
[2026-04-06 21:52:51] [SHORT   ] BTC not in short zone — skipping
[2026-04-06 21:52:51] [LONG    ] BTC — no position & BTC not in long zone — skipping
[2026-04-06 21:52:51] [LONG    ] SOL — no position & BTC not in long zone — skipping
[2026-04-06 21:52:51] [LONG    ] HYPE — no position & BTC not in long zone — skipping
[2026-04-06 21:52:51] [LONG    ] XRP — no position & BTC not in long zone — skipping
[2026-04-06 21:52:51] [RUN     ] Sleeping 1 min...
[2026-04-06 21:53:51] [RUN     ] ────────────────────────────────────────────────────────────
[2026-04-06 21:53:52] [MACRO   ] BTC $69485 | 7d-high $70316 short-zone: no | 7d-low $65697 long-zone: no | 4h chg: -0.38%
[2026-04-06 21:53:52] [MACRO   ] SPX $0.28 | 7d-high $0.30 | zone: no
[2026-04-06 21:53:52] [ACCT    ] Value $0.00 | Available $0.00 | Capital used 0.0% / 30%
[2026-04-06 21:53:52] [SHORT   ] BTC not in short zone — skipping
[2026-04-06 21:53:52] [LONG    ] BTC — no position & BTC not in long zone — skipping
[2026-04-06 21:53:52] [LONG    ] SOL — no position & BTC not in long zone — skipping
[2026-04-06 21:53:52] [LONG    ] HYPE — no position & BTC not in long zone — skipping
[2026-04-06 21:53:52] [LONG    ] XRP — no position & BTC not in long zone — skipping
[2026-04-06 21:53:52] [RUN     ] Sleeping 1 min...
[2026-04-06 21:54:52] [RUN     ] ────────────────────────────────────────────────────────────
[2026-04-06 21:54:53] [MACRO   ] BTC $69479 | 7d-high $70316 short-zone: no | 7d-low $65697 long-zone: no | 4h chg: -0.39%
[2026-04-06 21:54:53] [MACRO   ] SPX $0.28 | 7d-high $0.30 | zone: no
[2026-04-06 21:54:53] [ACCT    ] Value $0.00 | Available $0.00 | Capital used 0.0% / 30%
[2026-04-06 21:54:53] [SHORT   ] BTC not in short zone — skipping
[2026-04-06 21:54:53] [LONG    ] BTC — no position & BTC not in long zone — skipping
[2026-04-06 21:54:53] [LONG    ] SOL — no position & BTC not in long zone — skipping
[2026-04-06 21:54:53] [LONG    ] HYPE — no position & BTC not in long zone — skipping
[2026-04-06 21:54:53] [LONG    ] XRP — no position & BTC not in long zone — skipping
[2026-04-06 21:54:53] [RUN     ] Sleeping 1 min...
[2026-04-06 21:55:53] [RUN     ] ────────────────────────────────────────────────────────────
[2026-04-06 21:55:54] [MACRO   ] BTC $69429 | 7d-high $70316 short-zone: no | 7d-low $65697 long-zone: no | 4h chg: -0.46%
[2026-04-06 21:55:54] [MACRO   ] SPX $0.28 | 7d-high $0.30 | zone: no
[2026-04-06 21:55:54] [ACCT    ] Value $0.00 | Available $0.00 | Capital used 0.0% / 30%
[2026-04-06 21:55:54] [SHORT   ] BTC not in short zone — skipping
[2026-04-06 21:55:54] [LONG    ] BTC — no position & BTC not in long zone — skipping
[2026-04-06 21:55:54] [LONG    ] SOL — no position & BTC not in long zone — skipping
[2026-04-06 21:55:54] [LONG    ] HYPE — no position & BTC not in long zone — skipping
[2026-04-06 21:55:54] [LONG    ] XRP — no position & BTC not in long zone — skipping
[2026-04-06 21:55:54] [RUN     ] Sleeping 1 min...
[2026-04-06 21:56:54] [RUN     ] ────────────────────────────────────────────────────────────
[2026-04-06 21:56:55] [MACRO   ] BTC $69450 | 7d-high $70316 short-zone: no | 7d-low $65697 long-zone: no | 4h chg: -0.43%
[2026-04-06 21:56:55] [MACRO   ] SPX $0.28 | 7d-high $0.30 | zone: no
[2026-04-06 21:56:55] [ACCT    ] Value $0.00 | Available $0.00 | Capital used 0.0% / 30%
[2026-04-06 21:56:55] [SHORT   ] BTC not in short zone — skipping
[2026-04-06 21:56:55] [LONG    ] BTC — no position & BTC not in long zone — skipping
[2026-04-06 21:56:55] [LONG    ] SOL — no position & BTC not in long zone — skipping
[2026-04-06 21:56:55] [LONG    ] HYPE — no position & BTC not in long zone — skipping
[2026-04-06 21:56:55] [LONG    ] XRP — no position & BTC not in long zone — skipping
[2026-04-06 21:56:55] [RUN     ] Sleeping 1 min...
[2026-04-06 21:57:55] [RUN     ] ────────────────────────────────────────────────────────────
[2026-04-06 21:57:55] [MACRO   ] BTC $69486 | 7d-high $70316 short-zone: no | 7d-low $65697 long-zone: no | 4h chg: -0.38%
[2026-04-06 21:57:55] [MACRO   ] SPX $0.28 | 7d-high $0.30 | zone: no
[2026-04-06 21:57:55] [ACCT    ] Value $0.00 | Available $0.00 | Capital used 0.0% / 30%
[2026-04-06 21:57:55] [SHORT   ] BTC not in short zone — skipping
[2026-04-06 21:57:55] [LONG    ] BTC — no position & BTC not in long zone — skipping
[2026-04-06 21:57:55] [LONG    ] SOL — no position & BTC not in long zone — skipping
[2026-04-06 21:57:55] [LONG    ] HYPE — no position & BTC not in long zone — skipping
[2026-04-06 21:57:55] [LONG    ] XRP — no position & BTC not in long zone — skipping
[2026-04-06 21:57:55] [RUN     ] Sleeping 1 min...
[2026-04-06 21:58:55] [RUN     ] ────────────────────────────────────────────────────────────
[2026-04-06 21:58:56] [MACRO   ] BTC $69473 | 7d-high $70316 short-zone: no | 7d-low $65697 long-zone: no | 4h chg: -0.39%
[2026-04-06 21:58:56] [MACRO   ] SPX $0.28 | 7d-high $0.30 | zone: no
[2026-04-06 21:58:56] [ACCT    ] Value $0.00 | Available $0.00 | Capital used 0.0% / 30%
[2026-04-06 21:58:56] [SHORT   ] BTC not in short zone — skipping
[2026-04-06 21:58:56] [LONG    ] BTC — no position & BTC not in long zone — skipping
[2026-04-06 21:58:56] [LONG    ] SOL — no position & BTC not in long zone — skipping
[2026-04-06 21:58:56] [LONG    ] HYPE — no position & BTC not in long zone — skipping
[2026-04-06 21:58:56] [LONG    ] XRP — no position & BTC not in long zone — skipping
[2026-04-06 21:58:56] [RUN     ] Sleeping 1 min...
[2026-04-06 21:59:56] [RUN     ] ────────────────────────────────────────────────────────────
[2026-04-06 21:59:57] [MACRO   ] BTC $69469 | 7d-high $70316 short-zone: no | 7d-low $65697 long-zone: no | 4h chg: -0.40%
[2026-04-06 21:59:57] [MACRO   ] SPX $0.28 | 7d-high $0.30 | zone: no
[2026-04-06 21:59:57] [ACCT    ] Value $0.00 | Available $0.00 | Capital used 0.0% / 30%
[2026-04-06 21:59:57] [SHORT   ] BTC not in short zone — skipping
[2026-04-06 21:59:57] [LONG    ] BTC — no position & BTC not in long zone — skipping
[2026-04-06 21:59:57] [LONG    ] SOL — no position & BTC not in long zone — skipping
[2026-04-06 21:59:57] [LONG    ] HYPE — no position & BTC not in long zone — skipping
[2026-04-06 21:59:57] [LONG    ] XRP — no position & BTC not in long zone — skipping
[2026-04-06 21:59:57] [RUN     ] Sleeping 1 min...
[2026-04-06 22:00:57] [RUN     ] ────────────────────────────────────────────────────────────
[2026-04-06 22:00:58] [MACRO   ] BTC $69439 | 7d-high $70316 short-zone: no | 7d-low $65697 long-zone: no | 4h chg: -0.13%
[2026-04-06 22:00:58] [MACRO   ] SPX $0.28 | 7d-high $0.30 | zone: no
[2026-04-06 22:00:58] [ACCT    ] Value $0.00 | Available $0.00 | Capital used 0.0% / 30%
[2026-04-06 22:00:58] [SHORT   ] BTC not in short zone — skipping
[2026-04-06 22:00:58] [LONG    ] BTC — no position & BTC not in long zone — skipping
[2026-04-06 22:00:58] [LONG    ] SOL — no position & BTC not in long zone — skipping
[2026-04-06 22:00:58] [LONG    ] HYPE — no position & BTC not in long zone — skipping
[2026-04-06 22:00:58] [LONG    ] XRP — no position & BTC not in long zone — skipping
[2026-04-06 22:00:58] [RUN     ] Sleeping 1 min...
[2026-04-06 22:01:58] [RUN     ] ────────────────────────────────────────────────────────────
[2026-04-06 22:01:59] [MACRO   ] BTC $69403 | 7d-high $70316 short-zone: no | 7d-low $65697 long-zone: no | 4h chg: -0.18%
[2026-04-06 22:01:59] [MACRO   ] SPX $0.28 | 7d-high $0.30 | zone: no
[2026-04-06 22:01:59] [ACCT    ] Value $0.00 | Available $0.00 | Capital used 0.0% / 30%
[2026-04-06 22:01:59] [SHORT   ] BTC not in short zone — skipping
[2026-04-06 22:01:59] [LONG    ] BTC — no position & BTC not in long zone — skipping
[2026-04-06 22:01:59] [LONG    ] SOL — no position & BTC not in long zone — skipping
[2026-04-06 22:01:59] [LONG    ] HYPE — no position & BTC not in long zone — skipping
[2026-04-06 22:01:59] [LONG    ] XRP — no position & BTC not in long zone — skipping
[2026-04-06 22:01:59] [RUN     ] Sleeping 1 min...
[2026-04-06 22:02:59] [RUN     ] ────────────────────────────────────────────────────────────
[2026-04-06 22:03:00] [MACRO   ] BTC $69407 | 7d-high $70316 short-zone: no | 7d-low $65697 long-zone: no | 4h chg: -0.18%
[2026-04-06 22:03:00] [MACRO   ] SPX $0.28 | 7d-high $0.30 | zone: no
[2026-04-06 22:03:00] [ACCT    ] Value $0.00 | Available $0.00 | Capital used 0.0% / 30%
[2026-04-06 22:03:00] [SHORT   ] BTC not in short zone — skipping
[2026-04-06 22:03:00] [LONG    ] BTC — no position & BTC not in long zone — skipping
[2026-04-06 22:03:00] [LONG    ] SOL — no position & BTC not in long zone — skipping
[2026-04-06 22:03:00] [LONG    ] HYPE — no position & BTC not in long zone — skipping
[2026-04-06 22:03:00] [LONG    ] XRP — no position & BTC not in long zone — skipping
[2026-04-06 22:03:00] [RUN     ] Sleeping 1 min...
[2026-04-06 22:04:00] [RUN     ] ────────────────────────────────────────────────────────────
[2026-04-06 22:04:00] [MACRO   ] BTC $69378 | 7d-high $70316 short-zone: no | 7d-low $65697 long-zone: no | 4h chg: -0.22%
[2026-04-06 22:04:00] [MACRO   ] SPX $0.28 | 7d-high $0.30 | zone: no
[2026-04-06 22:04:00] [ACCT    ] Value $0.00 | Available $0.00 | Capital used 0.0% / 30%
[2026-04-06 22:04:00] [SHORT   ] BTC not in short zone — skipping
[2026-04-06 22:04:00] [LONG    ] BTC — no position & BTC not in long zone — skipping
[2026-04-06 22:04:00] [LONG    ] SOL — no position & BTC not in long zone — skipping
[2026-04-06 22:04:00] [LONG    ] HYPE — no position & BTC not in long zone — skipping
[2026-04-06 22:04:00] [LONG    ] XRP — no position & BTC not in long zone — skipping
[2026-04-06 22:04:00] [RUN     ] Sleeping 1 min...
[2026-04-06 22:05:00] [RUN     ] ────────────────────────────────────────────────────────────
[2026-04-06 22:05:01] [MACRO   ] BTC $69388 | 7d-high $70316 short-zone: no | 7d-low $65697 long-zone: no | 4h chg: -0.20%
[2026-04-06 22:05:01] [MACRO   ] SPX $0.28 | 7d-high $0.30 | zone: no
[2026-04-06 22:05:01] [ACCT    ] Value $0.00 | Available $0.00 | Capital used 0.0% / 30%
[2026-04-06 22:05:01] [SHORT   ] BTC not in short zone — skipping
[2026-04-06 22:05:01] [LONG    ] BTC — no position & BTC not in long zone — skipping
[2026-04-06 22:05:01] [LONG    ] SOL — no position & BTC not in long zone — skipping
[2026-04-06 22:05:01] [LONG    ] HYPE — no position & BTC not in long zone — skipping
[2026-04-06 22:05:01] [LONG    ] XRP — no position & BTC not in long zone — skipping
[2026-04-06 22:05:01] [RUN     ] Sleeping 1 min...
[2026-04-06 22:06:01] [RUN     ] ────────────────────────────────────────────────────────────
[2026-04-06 22:06:02] [MACRO   ] BTC $69421 | 7d-high $70316 short-zone: no | 7d-low $65697 long-zone: no | 4h chg: -0.16%
[2026-04-06 22:06:02] [MACRO   ] SPX $0.28 | 7d-high $0.30 | zone: no
[2026-04-06 22:06:02] [ACCT    ] Value $0.00 | Available $0.00 | Capital used 0.0% / 30%
[2026-04-06 22:06:02] [SHORT   ] BTC not in short zone — skipping
[2026-04-06 22:06:02] [LONG    ] BTC — no position & BTC not in long zone — skipping
[2026-04-06 22:06:02] [LONG    ] SOL — no position & BTC not in long zone — skipping
[2026-04-06 22:06:02] [LONG    ] HYPE — no position & BTC not in long zone — skipping
[2026-04-06 22:06:02] [LONG    ] XRP — no position & BTC not in long zone — skipping
[2026-04-06 22:06:02] [RUN     ] Sleeping 1 min...
[2026-04-06 22:07:02] [RUN     ] ────────────────────────────────────────────────────────────
[2026-04-06 22:07:03] [MACRO   ] BTC $69446 | 7d-high $70316 short-zone: no | 7d-low $65697 long-zone: no | 4h chg: -0.12%
[2026-04-06 22:07:03] [MACRO   ] SPX $0.28 | 7d-high $0.30 | zone: no
[2026-04-06 22:07:03] [ACCT    ] Value $0.00 | Available $0.00 | Capital used 0.0% / 30%
[2026-04-06 22:07:03] [SHORT   ] BTC not in short zone — skipping
[2026-04-06 22:07:03] [LONG    ] BTC — no position & BTC not in long zone — skipping
[2026-04-06 22:07:03] [LONG    ] SOL — no position & BTC not in long zone — skipping
[2026-04-06 22:07:03] [LONG    ] HYPE — no position & BTC not in long zone — skipping
[2026-04-06 22:07:03] [LONG    ] XRP — no position & BTC not in long zone — skipping
[2026-04-06 22:07:03] [RUN     ] Sleeping 1 min...
[2026-04-06 22:08:03] [RUN     ] ────────────────────────────────────────────────────────────
[2026-04-06 22:08:04] [MACRO   ] BTC $69480 | 7d-high $70316 short-zone: no | 7d-low $65697 long-zone: no | 4h chg: -0.07%
[2026-04-06 22:08:04] [MACRO   ] SPX $0.28 | 7d-high $0.30 | zone: no
[2026-04-06 22:08:04] [ACCT    ] Value $0.00 | Available $0.00 | Capital used 0.0% / 30%
[2026-04-06 22:08:04] [SHORT   ] BTC not in short zone — skipping
[2026-04-06 22:08:04] [LONG    ] BTC — no position & BTC not in long zone — skipping
[2026-04-06 22:08:04] [LONG    ] SOL — no position & BTC not in long zone — skipping
[2026-04-06 22:08:04] [LONG    ] HYPE — no position & BTC not in long zone — skipping
[2026-04-06 22:08:04] [LONG    ] XRP — no position & BTC not in long zone — skipping
[2026-04-06 22:08:04] [RUN     ] Sleeping 1 min...
[2026-04-06 22:09:04] [RUN     ] ────────────────────────────────────────────────────────────
[2026-04-06 22:09:05] [MACRO   ] BTC $69496 | 7d-high $70316 short-zone: no | 7d-low $65697 long-zone: no | 4h chg: -0.05%
[2026-04-06 22:09:05] [MACRO   ] SPX $0.28 | 7d-high $0.30 | zone: no
[2026-04-06 22:09:05] [ACCT    ] Value $0.00 | Available $0.00 | Capital used 0.0% / 30%
[2026-04-06 22:09:05] [SHORT   ] BTC not in short zone — skipping
[2026-04-06 22:09:05] [LONG    ] BTC — no position & BTC not in long zone — skipping
[2026-04-06 22:09:05] [LONG    ] SOL — no position & BTC not in long zone — skipping
[2026-04-06 22:09:05] [LONG    ] HYPE — no position & BTC not in long zone — skipping
[2026-04-06 22:09:05] [LONG    ] XRP — no position & BTC not in long zone — skipping
[2026-04-06 22:09:05] [RUN     ] Sleeping 1 min...
[2026-04-06 22:10:05] [RUN     ] ────────────────────────────────────────────────────────────
[2026-04-06 22:10:06] [MACRO   ] BTC $69474 | 7d-high $70316 short-zone: no | 7d-low $65697 long-zone: no | 4h chg: -0.07%
[2026-04-06 22:10:06] [MACRO   ] SPX $0.28 | 7d-high $0.30 | zone: no
[2026-04-06 22:10:06] [ACCT    ] Value $0.00 | Available $0.00 | Capital used 0.0% / 30%
[2026-04-06 22:10:06] [SHORT   ] BTC not in short zone — skipping
[2026-04-06 22:10:06] [LONG    ] BTC — no position & BTC not in long zone — skipping
[2026-04-06 22:10:06] [LONG    ] SOL — no position & BTC not in long zone — skipping
[2026-04-06 22:10:06] [LONG    ] HYPE — no position & BTC not in long zone — skipping
[2026-04-06 22:10:06] [LONG    ] XRP — no position & BTC not in long zone — skipping
[2026-04-06 22:10:06] [RUN     ] Sleeping 1 min...
[2026-04-06 22:11:06] [RUN     ] ────────────────────────────────────────────────────────────
[2026-04-06 22:11:06] [MACRO   ] BTC $69502 | 7d-high $70316 short-zone: no | 7d-low $65697 long-zone: no | 4h chg: -0.04%
[2026-04-06 22:11:06] [MACRO   ] SPX $0.28 | 7d-high $0.30 | zone: no
[2026-04-06 22:11:06] [ACCT    ] Value $0.00 | Available $0.00 | Capital used 0.0% / 30%
[2026-04-06 22:11:06] [SHORT   ] BTC not in short zone — skipping
[2026-04-06 22:11:06] [LONG    ] BTC — no position & BTC not in long zone — skipping
[2026-04-06 22:11:06] [LONG    ] SOL — no position & BTC not in long zone — skipping
[2026-04-06 22:11:06] [LONG    ] HYPE — no position & BTC not in long zone — skipping
[2026-04-06 22:11:06] [LONG    ] XRP — no position & BTC not in long zone — skipping
[2026-04-06 22:11:06] [RUN     ] Sleeping 1 min...
[2026-04-06 22:12:06] [RUN     ] ────────────────────────────────────────────────────────────
[2026-04-06 22:12:07] [MACRO   ] BTC $69506 | 7d-high $70316 short-zone: no | 7d-low $65697 long-zone: no | 4h chg: -0.03%
[2026-04-06 22:12:07] [MACRO   ] SPX $0.28 | 7d-high $0.30 | zone: no
[2026-04-06 22:12:07] [ACCT    ] Value $0.00 | Available $0.00 | Capital used 0.0% / 30%
[2026-04-06 22:12:07] [SHORT   ] BTC not in short zone — skipping
[2026-04-06 22:12:07] [LONG    ] BTC — no position & BTC not in long zone — skipping
[2026-04-06 22:12:07] [LONG    ] SOL — no position & BTC not in long zone — skipping
[2026-04-06 22:12:07] [LONG    ] HYPE — no position & BTC not in long zone — skipping
[2026-04-06 22:12:07] [LONG    ] XRP — no position & BTC not in long zone — skipping
[2026-04-06 22:12:07] [RUN     ] Sleeping 1 min...
[2026-04-06 22:13:07] [RUN     ] ────────────────────────────────────────────────────────────
[2026-04-06 22:13:08] [MACRO   ] BTC $69507 | 7d-high $70316 short-zone: no | 7d-low $65697 long-zone: no | 4h chg: -0.03%
[2026-04-06 22:13:08] [MACRO   ] SPX $0.28 | 7d-high $0.30 | zone: no
[2026-04-06 22:13:08] [ACCT    ] Value $0.00 | Available $0.00 | Capital used 0.0% / 30%
[2026-04-06 22:13:08] [SHORT   ] BTC not in short zone — skipping
[2026-04-06 22:13:08] [LONG    ] BTC — no position & BTC not in long zone — skipping
[2026-04-06 22:13:08] [LONG    ] SOL — no position & BTC not in long zone — skipping
[2026-04-06 22:13:08] [LONG    ] HYPE — no position & BTC not in long zone — skipping
[2026-04-06 22:13:08] [LONG    ] XRP — no position & BTC not in long zone — skipping
[2026-04-06 22:13:08] [RUN     ] Sleeping 1 min...
[2026-04-06 22:14:08] [RUN     ] ────────────────────────────────────────────────────────────
[2026-04-06 22:14:09] [MACRO   ] BTC $69484 | 7d-high $70316 short-zone: no | 7d-low $65697 long-zone: no | 4h chg: -0.06%
[2026-04-06 22:14:09] [MACRO   ] SPX $0.28 | 7d-high $0.30 | zone: no
[2026-04-06 22:14:09] [ACCT    ] Value $0.00 | Available $0.00 | Capital used 0.0% / 30%
[2026-04-06 22:14:09] [SHORT   ] BTC not in short zone — skipping
[2026-04-06 22:14:09] [LONG    ] BTC — no position & BTC not in long zone — skipping
[2026-04-06 22:14:09] [LONG    ] SOL — no position & BTC not in long zone — skipping
[2026-04-06 22:14:09] [LONG    ] HYPE — no position & BTC not in long zone — skipping
[2026-04-06 22:14:09] [LONG    ] XRP — no position & BTC not in long zone — skipping
[2026-04-06 22:14:09] [RUN     ] Sleeping 1 min...
[2026-04-06 22:15:09] [RUN     ] ────────────────────────────────────────────────────────────
[2026-04-06 22:15:10] [MACRO   ] BTC $69511 | 7d-high $70316 short-zone: no | 7d-low $65697 long-zone: no | 4h chg: -0.03%
[2026-04-06 22:15:10] [MACRO   ] SPX $0.28 | 7d-high $0.30 | zone: no
[2026-04-06 22:15:10] [ACCT    ] Value $0.00 | Available $0.00 | Capital used 0.0% / 30%
[2026-04-06 22:15:10] [SHORT   ] BTC not in short zone — skipping
[2026-04-06 22:15:10] [LONG    ] BTC — no position & BTC not in long zone — skipping
[2026-04-06 22:15:10] [LONG    ] SOL — no position & BTC not in long zone — skipping
[2026-04-06 22:15:10] [LONG    ] HYPE — no position & BTC not in long zone — skipping
[2026-04-06 22:15:10] [LONG    ] XRP — no position & BTC not in long zone — skipping
[2026-04-06 22:15:10] [RUN     ] Sleeping 1 min...
[2026-04-06 22:16:10] [RUN     ] ────────────────────────────────────────────────────────────
[2026-04-06 22:16:10] [MACRO   ] BTC $69437 | 7d-high $70316 short-zone: no | 7d-low $65697 long-zone: no | 4h chg: -0.13%
[2026-04-06 22:16:10] [MACRO   ] SPX $0.28 | 7d-high $0.30 | zone: no
[2026-04-06 22:16:10] [ACCT    ] Value $0.00 | Available $0.00 | Capital used 0.0% / 30%
[2026-04-06 22:16:10] [SHORT   ] BTC not in short zone — skipping
[2026-04-06 22:16:10] [LONG    ] BTC — no position & BTC not in long zone — skipping
[2026-04-06 22:16:10] [LONG    ] SOL — no position & BTC not in long zone — skipping
[2026-04-06 22:16:10] [LONG    ] HYPE — no position & BTC not in long zone — skipping
[2026-04-06 22:16:10] [LONG    ] XRP — no position & BTC not in long zone — skipping
[2026-04-06 22:16:10] [RUN     ] Sleeping 1 min...
[2026-04-06 22:17:10] [RUN     ] ────────────────────────────────────────────────────────────
[2026-04-06 22:17:11] [MACRO   ] BTC $69452 | 7d-high $70316 short-zone: no | 7d-low $65697 long-zone: no | 4h chg: -0.11%
[2026-04-06 22:17:11] [MACRO   ] SPX $0.28 | 7d-high $0.30 | zone: no
[2026-04-06 22:17:11] [ACCT    ] Value $0.00 | Available $0.00 | Capital used 0.0% / 30%
[2026-04-06 22:17:11] [SHORT   ] BTC not in short zone — skipping
[2026-04-06 22:17:11] [LONG    ] BTC — no position & BTC not in long zone — skipping
[2026-04-06 22:17:11] [LONG    ] SOL — no position & BTC not in long zone — skipping
[2026-04-06 22:17:11] [LONG    ] HYPE — no position & BTC not in long zone — skipping
[2026-04-06 22:17:11] [LONG    ] XRP — no position & BTC not in long zone — skipping
[2026-04-06 22:17:11] [RUN     ] Sleeping 1 min...
[2026-04-06 22:18:11] [RUN     ] ────────────────────────────────────────────────────────────
[2026-04-06 22:18:12] [MACRO   ] BTC $69447 | 7d-high $70316 short-zone: no | 7d-low $65697 long-zone: no | 4h chg: -0.12%
[2026-04-06 22:18:12] [MACRO   ] SPX $0.28 | 7d-high $0.30 | zone: no
[2026-04-06 22:18:12] [ACCT    ] Value $0.00 | Available $0.00 | Capital used 0.0% / 30%
[2026-04-06 22:18:12] [SHORT   ] BTC not in short zone — skipping
[2026-04-06 22:18:12] [LONG    ] BTC — no position & BTC not in long zone — skipping
[2026-04-06 22:18:12] [LONG    ] SOL — no position & BTC not in long zone — skipping
[2026-04-06 22:18:12] [LONG    ] HYPE — no position & BTC not in long zone — skipping
[2026-04-06 22:18:12] [LONG    ] XRP — no position & BTC not in long zone — skipping
[2026-04-06 22:18:12] [RUN     ] Sleeping 1 min...
[2026-04-06 22:19:12] [RUN     ] ────────────────────────────────────────────────────────────
[2026-04-06 22:19:13] [MACRO   ] BTC $69438 | 7d-high $70316 short-zone: no | 7d-low $65697 long-zone: no | 4h chg: -0.13%
[2026-04-06 22:19:13] [MACRO   ] SPX $0.28 | 7d-high $0.30 | zone: no
[2026-04-06 22:19:14] [ACCT    ] Value $0.00 | Available $0.00 | Capital used 0.0% / 30%
[2026-04-06 22:19:14] [SHORT   ] BTC not in short zone — skipping
[2026-04-06 22:19:14] [LONG    ] BTC — no position & BTC not in long zone — skipping
[2026-04-06 22:19:14] [LONG    ] SOL — no position & BTC not in long zone — skipping
[2026-04-06 22:19:14] [LONG    ] HYPE — no position & BTC not in long zone — skipping
[2026-04-06 22:19:14] [LONG    ] XRP — no position & BTC not in long zone — skipping
[2026-04-06 22:19:14] [RUN     ] Sleeping 1 min...
[2026-04-06 22:20:14] [RUN     ] ────────────────────────────────────────────────────────────
[2026-04-06 22:20:15] [MACRO   ] BTC $69343 | 7d-high $70316 short-zone: no | 7d-low $65697 long-zone: no | 4h chg: -0.27%
[2026-04-06 22:20:15] [MACRO   ] SPX $0.28 | 7d-high $0.30 | zone: no
[2026-04-06 22:20:15] [ACCT    ] Value $0.00 | Available $0.00 | Capital used 0.0% / 30%
[2026-04-06 22:20:15] [SHORT   ] BTC not in short zone — skipping
[2026-04-06 22:20:15] [LONG    ] BTC — no position & BTC not in long zone — skipping
[2026-04-06 22:20:15] [LONG    ] SOL — no position & BTC not in long zone — skipping
[2026-04-06 22:20:15] [LONG    ] HYPE — no position & BTC not in long zone — skipping
[2026-04-06 22:20:15] [LONG    ] XRP — no position & BTC not in long zone — skipping
[2026-04-06 22:20:15] [RUN     ] Sleeping 1 min...
[2026-04-06 22:21:15] [RUN     ] ────────────────────────────────────────────────────────────
[2026-04-06 22:21:15] [MACRO   ] BTC $69387 | 7d-high $70316 short-zone: no | 7d-low $65697 long-zone: no | 4h chg: -0.21%
[2026-04-06 22:21:15] [MACRO   ] SPX $0.28 | 7d-high $0.30 | zone: no
[2026-04-06 22:21:15] [ACCT    ] Value $0.00 | Available $0.00 | Capital used 0.0% / 30%
[2026-04-06 22:21:15] [SHORT   ] BTC not in short zone — skipping
[2026-04-06 22:21:15] [LONG    ] BTC — no position & BTC not in long zone — skipping
[2026-04-06 22:21:15] [LONG    ] SOL — no position & BTC not in long zone — skipping
[2026-04-06 22:21:15] [LONG    ] HYPE — no position & BTC not in long zone — skipping
[2026-04-06 22:21:15] [LONG    ] XRP — no position & BTC not in long zone — skipping
[2026-04-06 22:21:15] [RUN     ] Sleeping 1 min...
[2026-04-06 22:22:15] [RUN     ] ────────────────────────────────────────────────────────────
[2026-04-06 22:22:16] [MACRO   ] BTC $69336 | 7d-high $70316 short-zone: no | 7d-low $65697 long-zone: no | 4h chg: -0.28%
[2026-04-06 22:22:16] [MACRO   ] SPX $0.28 | 7d-high $0.30 | zone: no
[2026-04-06 22:22:16] [ACCT    ] Value $0.00 | Available $0.00 | Capital used 0.0% / 30%
[2026-04-06 22:22:16] [SHORT   ] BTC not in short zone — skipping
[2026-04-06 22:22:16] [LONG    ] BTC — no position & BTC not in long zone — skipping
[2026-04-06 22:22:16] [LONG    ] SOL — no position & BTC not in long zone — skipping
[2026-04-06 22:22:16] [LONG    ] HYPE — no position & BTC not in long zone — skipping
[2026-04-06 22:22:16] [LONG    ] XRP — no position & BTC not in long zone — skipping
[2026-04-06 22:22:16] [RUN     ] Sleeping 1 min...
[2026-04-06 22:23:16] [RUN     ] ────────────────────────────────────────────────────────────
[2026-04-06 22:23:17] [MACRO   ] BTC $69335 | 7d-high $70316 short-zone: no | 7d-low $65697 long-zone: no | 4h chg: -0.28%
[2026-04-06 22:23:17] [MACRO   ] SPX $0.28 | 7d-high $0.30 | zone: no
[2026-04-06 22:23:17] [ACCT    ] Value $0.00 | Available $0.00 | Capital used 0.0% / 30%
[2026-04-06 22:23:17] [SHORT   ] BTC not in short zone — skipping
[2026-04-06 22:23:17] [LONG    ] BTC — no position & BTC not in long zone — skipping
[2026-04-06 22:23:17] [LONG    ] SOL — no position & BTC not in long zone — skipping
[2026-04-06 22:23:17] [LONG    ] HYPE — no position & BTC not in long zone — skipping
[2026-04-06 22:23:17] [LONG    ] XRP — no position & BTC not in long zone — skipping
[2026-04-06 22:23:17] [RUN     ] Sleeping 1 min...
[2026-04-06 22:24:17] [RUN     ] ────────────────────────────────────────────────────────────
[2026-04-06 22:24:18] [MACRO   ] BTC $69310 | 7d-high $70316 short-zone: no | 7d-low $65697 long-zone: no | 4h chg: -0.32%
[2026-04-06 22:24:18] [MACRO   ] SPX $0.28 | 7d-high $0.30 | zone: no
[2026-04-06 22:24:18] [ACCT    ] Value $0.00 | Available $0.00 | Capital used 0.0% / 30%
[2026-04-06 22:24:18] [SHORT   ] BTC not in short zone — skipping
[2026-04-06 22:24:18] [LONG    ] BTC — no position & BTC not in long zone — skipping
[2026-04-06 22:24:18] [LONG    ] SOL — no position & BTC not in long zone — skipping
[2026-04-06 22:24:18] [LONG    ] HYPE — no position & BTC not in long zone — skipping
[2026-04-06 22:24:18] [LONG    ] XRP — no position & BTC not in long zone — skipping
[2026-04-06 22:24:18] [RUN     ] Sleeping 1 min...
[2026-04-06 22:25:18] [RUN     ] ────────────────────────────────────────────────────────────
[2026-04-06 22:25:19] [MACRO   ] BTC $69313 | 7d-high $70316 short-zone: no | 7d-low $65697 long-zone: no | 4h chg: -0.32%
[2026-04-06 22:25:19] [MACRO   ] SPX $0.28 | 7d-high $0.30 | zone: no
[2026-04-06 22:25:19] [ACCT    ] Value $0.00 | Available $0.00 | Capital used 0.0% / 30%
[2026-04-06 22:25:19] [SHORT   ] BTC not in short zone — skipping
[2026-04-06 22:25:19] [LONG    ] BTC — no position & BTC not in long zone — skipping
[2026-04-06 22:25:19] [LONG    ] SOL — no position & BTC not in long zone — skipping
[2026-04-06 22:25:19] [LONG    ] HYPE — no position & BTC not in long zone — skipping
[2026-04-06 22:25:19] [LONG    ] XRP — no position & BTC not in long zone — skipping
[2026-04-06 22:25:19] [RUN     ] Sleeping 1 min...
[2026-04-06 22:26:19] [RUN     ] ────────────────────────────────────────────────────────────
[2026-04-06 22:26:19] [MACRO   ] BTC $69308 | 7d-high $70316 short-zone: no | 7d-low $65697 long-zone: no | 4h chg: -0.32%
[2026-04-06 22:26:19] [MACRO   ] SPX $0.28 | 7d-high $0.30 | zone: no
[2026-04-06 22:26:19] [ACCT    ] Value $0.00 | Available $0.00 | Capital used 0.0% / 30%
[2026-04-06 22:26:19] [SHORT   ] BTC not in short zone — skipping
[2026-04-06 22:26:19] [LONG    ] BTC — no position & BTC not in long zone — skipping
[2026-04-06 22:26:19] [LONG    ] SOL — no position & BTC not in long zone — skipping
[2026-04-06 22:26:19] [LONG    ] HYPE — no position & BTC not in long zone — skipping
[2026-04-06 22:26:19] [LONG    ] XRP — no position & BTC not in long zone — skipping
[2026-04-06 22:26:19] [RUN     ] Sleeping 1 min...
[2026-04-06 22:27:19] [RUN     ] ────────────────────────────────────────────────────────────
[2026-04-06 22:27:20] [MACRO   ] BTC $69330 | 7d-high $70316 short-zone: no | 7d-low $65697 long-zone: no | 4h chg: -0.28%
[2026-04-06 22:27:20] [MACRO   ] SPX $0.28 | 7d-high $0.30 | zone: no
[2026-04-06 22:27:20] [ACCT    ] Value $0.00 | Available $0.00 | Capital used 0.0% / 30%
[2026-04-06 22:27:20] [SHORT   ] BTC not in short zone — skipping
[2026-04-06 22:27:20] [LONG    ] BTC — no position & BTC not in long zone — skipping
[2026-04-06 22:27:20] [LONG    ] SOL — no position & BTC not in long zone — skipping
[2026-04-06 22:27:20] [LONG    ] HYPE — no position & BTC not in long zone — skipping
[2026-04-06 22:27:20] [LONG    ] XRP — no position & BTC not in long zone — skipping
[2026-04-06 22:27:20] [RUN     ] Sleeping 1 min...
[2026-04-06 22:28:20] [RUN     ] ────────────────────────────────────────────────────────────
[2026-04-06 22:28:21] [MACRO   ] BTC $69355 | 7d-high $70316 short-zone: no | 7d-low $65697 long-zone: no | 4h chg: -0.25%
[2026-04-06 22:28:21] [MACRO   ] SPX $0.28 | 7d-high $0.30 | zone: no
[2026-04-06 22:28:21] [ACCT    ] Value $0.00 | Available $0.00 | Capital used 0.0% / 30%
[2026-04-06 22:28:21] [SHORT   ] BTC not in short zone — skipping
[2026-04-06 22:28:21] [LONG    ] BTC — no position & BTC not in long zone — skipping
[2026-04-06 22:28:21] [LONG    ] SOL — no position & BTC not in long zone — skipping
[2026-04-06 22:28:21] [LONG    ] HYPE — no position & BTC not in long zone — skipping
[2026-04-06 22:28:21] [LONG    ] XRP — no position & BTC not in long zone — skipping
[2026-04-06 22:28:21] [RUN     ] Sleeping 1 min...
[2026-04-06 22:29:21] [RUN     ] ────────────────────────────────────────────────────────────
[2026-04-06 22:29:22] [MACRO   ] BTC $69343 | 7d-high $70316 short-zone: no | 7d-low $65697 long-zone: no | 4h chg: -0.27%
[2026-04-06 22:29:22] [MACRO   ] SPX $0.28 | 7d-high $0.30 | zone: no
[2026-04-06 22:29:22] [ACCT    ] Value $0.00 | Available $0.00 | Capital used 0.0% / 30%
[2026-04-06 22:29:22] [SHORT   ] BTC not in short zone — skipping
[2026-04-06 22:29:22] [LONG    ] BTC — no position & BTC not in long zone — skipping
[2026-04-06 22:29:22] [LONG    ] SOL — no position & BTC not in long zone — skipping
[2026-04-06 22:29:22] [LONG    ] HYPE — no position & BTC not in long zone — skipping
[2026-04-06 22:29:22] [LONG    ] XRP — no position & BTC not in long zone — skipping
[2026-04-06 22:29:22] [RUN     ] Sleeping 1 min...
[2026-04-06 22:30:22] [RUN     ] ────────────────────────────────────────────────────────────
[2026-04-06 22:30:23] [MACRO   ] BTC $69292 | 7d-high $70316 short-zone: no | 7d-low $65697 long-zone: no | 4h chg: -0.31%
[2026-04-06 22:30:23] [MACRO   ] SPX $0.28 | 7d-high $0.30 | zone: no
[2026-04-06 22:30:23] [ACCT    ] Value $0.00 | Available $0.00 | Capital used 0.0% / 30%
[2026-04-06 22:30:23] [SHORT   ] BTC not in short zone — skipping
[2026-04-06 22:30:23] [LONG    ] BTC — no position & BTC not in long zone — skipping
[2026-04-06 22:30:23] [LONG    ] SOL — no position & BTC not in long zone — skipping
[2026-04-06 22:30:23] [LONG    ] HYPE — no position & BTC not in long zone — skipping
[2026-04-06 22:30:23] [LONG    ] XRP — no position & BTC not in long zone — skipping
[2026-04-06 22:30:23] [RUN     ] Sleeping 1 min...
[2026-04-06 22:31:23] [RUN     ] ────────────────────────────────────────────────────────────
[2026-04-06 22:31:24] [MACRO   ] BTC $69283 | 7d-high $70316 short-zone: no | 7d-low $65697 long-zone: no | 4h chg: -0.36%
[2026-04-06 22:31:24] [MACRO   ] SPX $0.28 | 7d-high $0.30 | zone: no
[2026-04-06 22:31:24] [ACCT    ] Value $0.00 | Available $0.00 | Capital used 0.0% / 30%
[2026-04-06 22:31:24] [SHORT   ] BTC not in short zone — skipping
[2026-04-06 22:31:24] [LONG    ] BTC — no position & BTC not in long zone — skipping
[2026-04-06 22:31:24] [LONG    ] SOL — no position & BTC not in long zone — skipping
[2026-04-06 22:31:24] [LONG    ] HYPE — no position & BTC not in long zone — skipping
[2026-04-06 22:31:24] [LONG    ] XRP — no position & BTC not in long zone — skipping
[2026-04-06 22:31:24] [RUN     ] Sleeping 1 min...
[2026-04-06 22:32:24] [RUN     ] ────────────────────────────────────────────────────────────
[2026-04-06 22:32:25] [MACRO   ] BTC $69269 | 7d-high $70316 short-zone: no | 7d-low $65697 long-zone: no | 4h chg: -0.37%
[2026-04-06 22:32:25] [MACRO   ] SPX $0.28 | 7d-high $0.30 | zone: no
[2026-04-06 22:32:25] [ACCT    ] Value $0.00 | Available $0.00 | Capital used 0.0% / 30%
[2026-04-06 22:32:25] [SHORT   ] BTC not in short zone — skipping
[2026-04-06 22:32:25] [LONG    ] BTC — no position & BTC not in long zone — skipping
[2026-04-06 22:32:25] [LONG    ] SOL — no position & BTC not in long zone — skipping
[2026-04-06 22:32:25] [LONG    ] HYPE — no position & BTC not in long zone — skipping
[2026-04-06 22:32:25] [LONG    ] XRP — no position & BTC not in long zone — skipping
[2026-04-06 22:32:25] [RUN     ] Sleeping 1 min...
[2026-04-06 22:33:25] [RUN     ] ────────────────────────────────────────────────────────────
[2026-04-06 22:33:25] [MACRO   ] BTC $69238 | 7d-high $70316 short-zone: no | 7d-low $65697 long-zone: no | 4h chg: -0.43%
[2026-04-06 22:33:25] [MACRO   ] SPX $0.28 | 7d-high $0.30 | zone: no
[2026-04-06 22:33:25] [ACCT    ] Value $0.00 | Available $0.00 | Capital used 0.0% / 30%
[2026-04-06 22:33:25] [SHORT   ] BTC not in short zone — skipping
[2026-04-06 22:33:25] [LONG    ] BTC — no position & BTC not in long zone — skipping
[2026-04-06 22:33:25] [LONG    ] SOL — no position & BTC not in long zone — skipping
[2026-04-06 22:33:25] [LONG    ] HYPE — no position & BTC not in long zone — skipping
[2026-04-06 22:33:25] [LONG    ] XRP — no position & BTC not in long zone — skipping
[2026-04-06 22:33:25] [RUN     ] Sleeping 1 min...
[2026-04-06 22:34:25] [RUN     ] ────────────────────────────────────────────────────────────
[2026-04-06 22:34:26] [MACRO   ] BTC $69212 | 7d-high $70316 short-zone: no | 7d-low $65697 long-zone: no | 4h chg: -0.46%
[2026-04-06 22:34:26] [MACRO   ] SPX $0.28 | 7d-high $0.30 | zone: no
[2026-04-06 22:34:26] [ACCT    ] Value $0.00 | Available $0.00 | Capital used 0.0% / 30%
[2026-04-06 22:34:26] [SHORT   ] BTC not in short zone — skipping
[2026-04-06 22:34:26] [LONG    ] BTC — no position & BTC not in long zone — skipping
[2026-04-06 22:34:26] [LONG    ] SOL — no position & BTC not in long zone — skipping
[2026-04-06 22:34:26] [LONG    ] HYPE — no position & BTC not in long zone — skipping
[2026-04-06 22:34:26] [LONG    ] XRP — no position & BTC not in long zone — skipping
[2026-04-06 22:34:26] [RUN     ] Sleeping 1 min...
[2026-04-06 22:35:26] [RUN     ] ────────────────────────────────────────────────────────────
[2026-04-06 22:35:27] [MACRO   ] BTC $69258 | 7d-high $70316 short-zone: no | 7d-low $65697 long-zone: no | 4h chg: -0.39%
[2026-04-06 22:35:27] [MACRO   ] SPX $0.28 | 7d-high $0.30 | zone: no
[2026-04-06 22:35:27] [ACCT    ] Value $0.00 | Available $0.00 | Capital used 0.0% / 30%
[2026-04-06 22:35:27] [SHORT   ] BTC not in short zone — skipping
[2026-04-06 22:35:27] [LONG    ] BTC — no position & BTC not in long zone — skipping
[2026-04-06 22:35:27] [LONG    ] SOL — no position & BTC not in long zone — skipping
[2026-04-06 22:35:27] [LONG    ] HYPE — no position & BTC not in long zone — skipping
[2026-04-06 22:35:27] [LONG    ] XRP — no position & BTC not in long zone — skipping
[2026-04-06 22:35:27] [RUN     ] Sleeping 1 min...
[2026-04-06 22:36:27] [RUN     ] ────────────────────────────────────────────────────────────
[2026-04-06 22:36:27] [MACRO   ] BTC $69256 | 7d-high $70316 short-zone: no | 7d-low $65697 long-zone: no | 4h chg: -0.39%
[2026-04-06 22:36:27] [MACRO   ] SPX $0.28 | 7d-high $0.30 | zone: no
[2026-04-06 22:36:27] [ACCT    ] Value $0.00 | Available $0.00 | Capital used 0.0% / 30%
[2026-04-06 22:36:27] [SHORT   ] BTC not in short zone — skipping
[2026-04-06 22:36:27] [LONG    ] BTC — no position & BTC not in long zone — skipping
[2026-04-06 22:36:27] [LONG    ] SOL — no position & BTC not in long zone — skipping
[2026-04-06 22:36:27] [LONG    ] HYPE — no position & BTC not in long zone — skipping
[2026-04-06 22:36:27] [LONG    ] XRP — no position & BTC not in long zone — skipping
[2026-04-06 22:36:27] [RUN     ] Sleeping 1 min...
[2026-04-06 22:37:27] [RUN     ] ────────────────────────────────────────────────────────────
[2026-04-06 22:37:28] [MACRO   ] BTC $69276 | 7d-high $70316 short-zone: no | 7d-low $65697 long-zone: no | 4h chg: -0.37%
[2026-04-06 22:37:28] [MACRO   ] SPX $0.28 | 7d-high $0.30 | zone: no
[2026-04-06 22:37:28] [ACCT    ] Value $0.00 | Available $0.00 | Capital used 0.0% / 30%
[2026-04-06 22:37:28] [SHORT   ] BTC not in short zone — skipping
[2026-04-06 22:37:28] [LONG    ] BTC — no position & BTC not in long zone — skipping
[2026-04-06 22:37:28] [LONG    ] SOL — no position & BTC not in long zone — skipping
[2026-04-06 22:37:28] [LONG    ] HYPE — no position & BTC not in long zone — skipping
[2026-04-06 22:37:28] [LONG    ] XRP — no position & BTC not in long zone — skipping
[2026-04-06 22:37:28] [RUN     ] Sleeping 1 min...
[2026-04-06 22:38:28] [RUN     ] ────────────────────────────────────────────────────────────
[2026-04-06 22:38:29] [MACRO   ] BTC $69274 | 7d-high $70316 short-zone: no | 7d-low $65697 long-zone: no | 4h chg: -0.37%
[2026-04-06 22:38:29] [MACRO   ] SPX $0.28 | 7d-high $0.30 | zone: no
[2026-04-06 22:38:29] [ACCT    ] Value $0.00 | Available $0.00 | Capital used 0.0% / 30%
[2026-04-06 22:38:29] [SHORT   ] BTC not in short zone — skipping
[2026-04-06 22:38:29] [LONG    ] BTC — no position & BTC not in long zone — skipping
[2026-04-06 22:38:29] [LONG    ] SOL — no position & BTC not in long zone — skipping
[2026-04-06 22:38:29] [LONG    ] HYPE — no position & BTC not in long zone — skipping
[2026-04-06 22:38:29] [LONG    ] XRP — no position & BTC not in long zone — skipping
[2026-04-06 22:38:29] [RUN     ] Sleeping 1 min...
[2026-04-06 22:39:29] [RUN     ] ────────────────────────────────────────────────────────────
[2026-04-06 22:39:30] [MACRO   ] BTC $69300 | 7d-high $70316 short-zone: no | 7d-low $65697 long-zone: no | 4h chg: -0.33%
[2026-04-06 22:39:30] [MACRO   ] SPX $0.28 | 7d-high $0.30 | zone: no
[2026-04-06 22:39:30] [ACCT    ] Value $0.00 | Available $0.00 | Capital used 0.0% / 30%
[2026-04-06 22:39:30] [SHORT   ] BTC not in short zone — skipping
[2026-04-06 22:39:30] [LONG    ] BTC — no position & BTC not in long zone — skipping
[2026-04-06 22:39:30] [LONG    ] SOL — no position & BTC not in long zone — skipping
[2026-04-06 22:39:30] [LONG    ] HYPE — no position & BTC not in long zone — skipping
[2026-04-06 22:39:30] [LONG    ] XRP — no position & BTC not in long zone — skipping
[2026-04-06 22:39:30] [RUN     ] Sleeping 1 min...
[2026-04-06 22:40:30] [RUN     ] ────────────────────────────────────────────────────────────
[2026-04-06 22:40:30] [MACRO   ] BTC $69282 | 7d-high $70316 short-zone: no | 7d-low $65697 long-zone: no | 4h chg: -0.36%
[2026-04-06 22:40:30] [MACRO   ] SPX $0.28 | 7d-high $0.30 | zone: no
[2026-04-06 22:40:30] [ACCT    ] Value $0.00 | Available $0.00 | Capital used 0.0% / 30%
[2026-04-06 22:40:30] [SHORT   ] BTC not in short zone — skipping
[2026-04-06 22:40:30] [LONG    ] BTC — no position & BTC not in long zone — skipping
[2026-04-06 22:40:30] [LONG    ] SOL — no position & BTC not in long zone — skipping
[2026-04-06 22:40:30] [LONG    ] HYPE — no position & BTC not in long zone — skipping
[2026-04-06 22:40:30] [LONG    ] XRP — no position & BTC not in long zone — skipping
[2026-04-06 22:40:30] [RUN     ] Sleeping 1 min...
[2026-04-06 22:41:30] [RUN     ] ────────────────────────────────────────────────────────────
[2026-04-06 22:41:31] [MACRO   ] BTC $69275 | 7d-high $70316 short-zone: no | 7d-low $65697 long-zone: no | 4h chg: -0.37%
[2026-04-06 22:41:31] [MACRO   ] SPX $0.28 | 7d-high $0.30 | zone: no
[2026-04-06 22:41:31] [ACCT    ] Value $0.00 | Available $0.00 | Capital used 0.0% / 30%
[2026-04-06 22:41:31] [SHORT   ] BTC not in short zone — skipping
[2026-04-06 22:41:31] [LONG    ] BTC — no position & BTC not in long zone — skipping
[2026-04-06 22:41:31] [LONG    ] SOL — no position & BTC not in long zone — skipping
[2026-04-06 22:41:31] [LONG    ] HYPE — no position & BTC not in long zone — skipping
[2026-04-06 22:41:31] [LONG    ] XRP — no position & BTC not in long zone — skipping
[2026-04-06 22:41:31] [RUN     ] Sleeping 1 min...
[2026-04-06 22:42:31] [RUN     ] ────────────────────────────────────────────────────────────
[2026-04-06 22:42:32] [MACRO   ] BTC $69280 | 7d-high $70316 short-zone: no | 7d-low $65697 long-zone: no | 4h chg: -0.36%
[2026-04-06 22:42:32] [MACRO   ] SPX $0.28 | 7d-high $0.30 | zone: no
[2026-04-06 22:42:32] [ACCT    ] Value $0.00 | Available $0.00 | Capital used 0.0% / 30%
[2026-04-06 22:42:32] [SHORT   ] BTC not in short zone — skipping
[2026-04-06 22:42:32] [LONG    ] BTC — no position & BTC not in long zone — skipping
[2026-04-06 22:42:32] [LONG    ] SOL — no position & BTC not in long zone — skipping
[2026-04-06 22:42:32] [LONG    ] HYPE — no position & BTC not in long zone — skipping
[2026-04-06 22:42:32] [LONG    ] XRP — no position & BTC not in long zone — skipping
[2026-04-06 22:42:32] [RUN     ] Sleeping 1 min...
[2026-04-06 22:43:32] [RUN     ] ────────────────────────────────────────────────────────────
[2026-04-06 22:43:33] [MACRO   ] BTC $69251 | 7d-high $70316 short-zone: no | 7d-low $65697 long-zone: no | 4h chg: -0.40%
[2026-04-06 22:43:33] [MACRO   ] SPX $0.28 | 7d-high $0.30 | zone: no
[2026-04-06 22:43:33] [ACCT    ] Value $0.00 | Available $0.00 | Capital used 0.0% / 30%
[2026-04-06 22:43:33] [SHORT   ] BTC not in short zone — skipping
[2026-04-06 22:43:33] [LONG    ] BTC — no position & BTC not in long zone — skipping
[2026-04-06 22:43:33] [LONG    ] SOL — no position & BTC not in long zone — skipping
[2026-04-06 22:43:33] [LONG    ] HYPE — no position & BTC not in long zone — skipping
[2026-04-06 22:43:33] [LONG    ] XRP — no position & BTC not in long zone — skipping
[2026-04-06 22:43:33] [RUN     ] Sleeping 1 min...
[2026-04-06 22:44:33] [RUN     ] ────────────────────────────────────────────────────────────
[2026-04-06 22:44:34] [MACRO   ] BTC $69213 | 7d-high $70316 short-zone: no | 7d-low $65697 long-zone: no | 4h chg: -0.45%
[2026-04-06 22:44:34] [MACRO   ] SPX $0.28 | 7d-high $0.30 | zone: no
[2026-04-06 22:44:34] [ACCT    ] Value $0.00 | Available $0.00 | Capital used 0.0% / 30%
[2026-04-06 22:44:34] [SHORT   ] BTC not in short zone — skipping
[2026-04-06 22:44:34] [LONG    ] BTC — no position & BTC not in long zone — skipping
[2026-04-06 22:44:34] [LONG    ] SOL — no position & BTC not in long zone — skipping
[2026-04-06 22:44:34] [LONG    ] HYPE — no position & BTC not in long zone — skipping
[2026-04-06 22:44:34] [LONG    ] XRP — no position & BTC not in long zone — skipping
[2026-04-06 22:44:34] [RUN     ] Sleeping 1 min...
[2026-04-06 22:45:34] [RUN     ] ────────────────────────────────────────────────────────────
[2026-04-06 22:45:35] [MACRO   ] BTC $69145 | 7d-high $70316 short-zone: no | 7d-low $65697 long-zone: no | 4h chg: -0.55%
[2026-04-06 22:45:35] [MACRO   ] SPX $0.28 | 7d-high $0.30 | zone: no
[2026-04-06 22:45:35] [ACCT    ] Value $0.00 | Available $0.00 | Capital used 0.0% / 30%
[2026-04-06 22:45:35] [SHORT   ] BTC not in short zone — skipping
[2026-04-06 22:45:35] [LONG    ] BTC — no position & BTC not in long zone — skipping
[2026-04-06 22:45:35] [LONG    ] SOL — no position & BTC not in long zone — skipping
[2026-04-06 22:45:35] [LONG    ] HYPE — no position & BTC not in long zone — skipping
[2026-04-06 22:45:35] [LONG    ] XRP — no position & BTC not in long zone — skipping
[2026-04-06 22:45:35] [RUN     ] Sleeping 1 min...
[2026-04-06 22:46:35] [RUN     ] ────────────────────────────────────────────────────────────
[2026-04-06 22:46:35] [MACRO   ] BTC $69141 | 7d-high $70316 short-zone: no | 7d-low $65697 long-zone: no | 4h chg: -0.56%
[2026-04-06 22:46:35] [MACRO   ] SPX $0.28 | 7d-high $0.30 | zone: no
[2026-04-06 22:46:35] [ACCT    ] Value $0.00 | Available $0.00 | Capital used 0.0% / 30%
[2026-04-06 22:46:35] [SHORT   ] BTC not in short zone — skipping
[2026-04-06 22:46:35] [LONG    ] BTC — no position & BTC not in long zone — skipping
[2026-04-06 22:46:35] [LONG    ] SOL — no position & BTC not in long zone — skipping
[2026-04-06 22:46:35] [LONG    ] HYPE — no position & BTC not in long zone — skipping
[2026-04-06 22:46:35] [LONG    ] XRP — no position & BTC not in long zone — skipping
[2026-04-06 22:46:35] [RUN     ] Sleeping 1 min...
[2026-04-06 22:47:35] [RUN     ] ────────────────────────────────────────────────────────────
[2026-04-06 22:47:36] [MACRO   ] BTC $69135 | 7d-high $70316 short-zone: no | 7d-low $65697 long-zone: no | 4h chg: -0.57%
[2026-04-06 22:47:36] [MACRO   ] SPX $0.28 | 7d-high $0.30 | zone: no
[2026-04-06 22:47:36] [ACCT    ] Value $0.00 | Available $0.00 | Capital used 0.0% / 30%
[2026-04-06 22:47:36] [SHORT   ] BTC not in short zone — skipping
[2026-04-06 22:47:36] [LONG    ] BTC — no position & BTC not in long zone — skipping
[2026-04-06 22:47:36] [LONG    ] SOL — no position & BTC not in long zone — skipping
[2026-04-06 22:47:36] [LONG    ] HYPE — no position & BTC not in long zone — skipping
[2026-04-06 22:47:36] [LONG    ] XRP — no position & BTC not in long zone — skipping
[2026-04-06 22:47:36] [RUN     ] Sleeping 1 min...
[2026-04-06 22:48:36] [RUN     ] ────────────────────────────────────────────────────────────
[2026-04-06 22:48:37] [MACRO   ] BTC $69137 | 7d-high $70316 short-zone: no | 7d-low $65697 long-zone: no | 4h chg: -0.57%
[2026-04-06 22:48:37] [MACRO   ] SPX $0.28 | 7d-high $0.30 | zone: no
[2026-04-06 22:48:37] [ACCT    ] Value $0.00 | Available $0.00 | Capital used 0.0% / 30%
[2026-04-06 22:48:37] [SHORT   ] BTC not in short zone — skipping
[2026-04-06 22:48:37] [LONG    ] BTC — no position & BTC not in long zone — skipping
[2026-04-06 22:48:37] [LONG    ] SOL — no position & BTC not in long zone — skipping
[2026-04-06 22:48:37] [LONG    ] HYPE — no position & BTC not in long zone — skipping
[2026-04-06 22:48:37] [LONG    ] XRP — no position & BTC not in long zone — skipping
[2026-04-06 22:48:37] [RUN     ] Sleeping 1 min...
[2026-04-06 22:49:37] [RUN     ] ────────────────────────────────────────────────────────────
[2026-04-06 22:49:38] [MACRO   ] BTC $69136 | 7d-high $70316 short-zone: no | 7d-low $65697 long-zone: no | 4h chg: -0.57%
[2026-04-06 22:49:38] [MACRO   ] SPX $0.28 | 7d-high $0.30 | zone: no
[2026-04-06 22:49:38] [ACCT    ] Value $0.00 | Available $0.00 | Capital used 0.0% / 30%
[2026-04-06 22:49:38] [SHORT   ] BTC not in short zone — skipping
[2026-04-06 22:49:38] [LONG    ] BTC — no position & BTC not in long zone — skipping
[2026-04-06 22:49:38] [LONG    ] SOL — no position & BTC not in long zone — skipping
[2026-04-06 22:49:38] [LONG    ] HYPE — no position & BTC not in long zone — skipping
[2026-04-06 22:49:38] [LONG    ] XRP — no position & BTC not in long zone — skipping
[2026-04-06 22:49:38] [RUN     ] Sleeping 1 min...
[2026-04-06 22:50:38] [RUN     ] ────────────────────────────────────────────────────────────
[2026-04-06 22:50:38] [MACRO   ] BTC $69127 | 7d-high $70316 short-zone: no | 7d-low $65697 long-zone: no | 4h chg: -0.58%
[2026-04-06 22:50:38] [MACRO   ] SPX $0.28 | 7d-high $0.30 | zone: no
[2026-04-06 22:50:38] [ACCT    ] Value $0.00 | Available $0.00 | Capital used 0.0% / 30%
[2026-04-06 22:50:38] [SHORT   ] BTC not in short zone — skipping
[2026-04-06 22:50:38] [LONG    ] BTC — no position & BTC not in long zone — skipping
[2026-04-06 22:50:38] [LONG    ] SOL — no position & BTC not in long zone — skipping
[2026-04-06 22:50:38] [LONG    ] HYPE — no position & BTC not in long zone — skipping
[2026-04-06 22:50:38] [LONG    ] XRP — no position & BTC not in long zone — skipping
[2026-04-06 22:50:38] [RUN     ] Sleeping 1 min...
[2026-04-06 22:51:38] [RUN     ] ────────────────────────────────────────────────────────────
[2026-04-06 22:51:39] [MACRO   ] BTC $69104 | 7d-high $70316 short-zone: no | 7d-low $65697 long-zone: no | 4h chg: -0.63%
[2026-04-06 22:51:39] [MACRO   ] SPX $0.28 | 7d-high $0.30 | zone: no
[2026-04-06 22:51:39] [ACCT    ] Value $0.00 | Available $0.00 | Capital used 0.0% / 30%
[2026-04-06 22:51:39] [SHORT   ] BTC not in short zone — skipping
[2026-04-06 22:51:39] [LONG    ] BTC — no position & BTC not in long zone — skipping
[2026-04-06 22:51:39] [LONG    ] SOL — no position & BTC not in long zone — skipping
[2026-04-06 22:51:39] [LONG    ] HYPE — no position & BTC not in long zone — skipping
[2026-04-06 22:51:39] [LONG    ] XRP — no position & BTC not in long zone — skipping
[2026-04-06 22:51:39] [RUN     ] Sleeping 1 min...
[2026-04-06 22:52:39] [RUN     ] ────────────────────────────────────────────────────────────
[2026-04-06 22:52:40] [MACRO   ] BTC $69040 | 7d-high $70316 short-zone: no | 7d-low $65697 long-zone: no | 4h chg: -0.70%
[2026-04-06 22:52:40] [MACRO   ] SPX $0.28 | 7d-high $0.30 | zone: no
[2026-04-06 22:52:40] [ACCT    ] Value $0.00 | Available $0.00 | Capital used 0.0% / 30%
[2026-04-06 22:52:40] [SHORT   ] BTC not in short zone — skipping
[2026-04-06 22:52:40] [LONG    ] BTC — no position & BTC not in long zone — skipping
[2026-04-06 22:52:40] [LONG    ] SOL — no position & BTC not in long zone — skipping
[2026-04-06 22:52:40] [LONG    ] HYPE — no position & BTC not in long zone — skipping
[2026-04-06 22:52:40] [LONG    ] XRP — no position & BTC not in long zone — skipping
[2026-04-06 22:52:40] [RUN     ] Sleeping 1 min...
[2026-04-06 22:53:40] [RUN     ] ────────────────────────────────────────────────────────────
[2026-04-06 22:53:41] [MACRO   ] BTC $68919 | 7d-high $70316 short-zone: no | 7d-low $65697 long-zone: no | 4h chg: -0.88%
[2026-04-06 22:53:41] [MACRO   ] SPX $0.28 | 7d-high $0.30 | zone: no
[2026-04-06 22:53:41] [ACCT    ] Value $0.00 | Available $0.00 | Capital used 0.0% / 30%
[2026-04-06 22:53:41] [SHORT   ] BTC not in short zone — skipping
[2026-04-06 22:53:41] [LONG    ] BTC — no position & BTC not in long zone — skipping
[2026-04-06 22:53:41] [LONG    ] SOL — no position & BTC not in long zone — skipping
[2026-04-06 22:53:41] [LONG    ] HYPE — no position & BTC not in long zone — skipping
[2026-04-06 22:53:41] [LONG    ] XRP — no position & BTC not in long zone — skipping
[2026-04-06 22:53:41] [RUN     ] Sleeping 1 min...
[2026-04-06 22:54:41] [RUN     ] ────────────────────────────────────────────────────────────
[2026-04-06 22:54:41] [MACRO   ] BTC $68879 | 7d-high $70316 short-zone: no | 7d-low $65697 long-zone: no | 4h chg: -0.94%
[2026-04-06 22:54:41] [MACRO   ] SPX $0.28 | 7d-high $0.30 | zone: no
[2026-04-06 22:54:42] [ACCT    ] Value $0.00 | Available $0.00 | Capital used 0.0% / 30%
[2026-04-06 22:54:42] [SHORT   ] BTC not in short zone — skipping
[2026-04-06 22:54:42] [LONG    ] BTC — no position & BTC not in long zone — skipping
[2026-04-06 22:54:42] [LONG    ] SOL — no position & BTC not in long zone — skipping
[2026-04-06 22:54:42] [LONG    ] HYPE — no position & BTC not in long zone — skipping
[2026-04-06 22:54:42] [LONG    ] XRP — no position & BTC not in long zone — skipping
[2026-04-06 22:54:42] [RUN     ] Sleeping 1 min...
[2026-04-06 22:55:42] [RUN     ] ────────────────────────────────────────────────────────────
[2026-04-06 22:55:42] [MACRO   ] BTC $68899 | 7d-high $70316 short-zone: no | 7d-low $65697 long-zone: no | 4h chg: -0.91%
[2026-04-06 22:55:42] [MACRO   ] SPX $0.28 | 7d-high $0.30 | zone: no
[2026-04-06 22:55:42] [ACCT    ] Value $0.00 | Available $0.00 | Capital used 0.0% / 30%
[2026-04-06 22:55:42] [SHORT   ] BTC not in short zone — skipping
[2026-04-06 22:55:42] [LONG    ] BTC — no position & BTC not in long zone — skipping
[2026-04-06 22:55:42] [LONG    ] SOL — no position & BTC not in long zone — skipping
[2026-04-06 22:55:42] [LONG    ] HYPE — no position & BTC not in long zone — skipping
[2026-04-06 22:55:42] [LONG    ] XRP — no position & BTC not in long zone — skipping
[2026-04-06 22:55:42] [RUN     ] Sleeping 1 min...
[2026-04-06 22:56:42] [RUN     ] ────────────────────────────────────────────────────────────
[2026-04-06 22:56:43] [MACRO   ] BTC $68878 | 7d-high $70316 short-zone: no | 7d-low $65697 long-zone: no | 4h chg: -0.94%
[2026-04-06 22:56:43] [MACRO   ] SPX $0.28 | 7d-high $0.30 | zone: no
[2026-04-06 22:56:43] [ACCT    ] Value $0.00 | Available $0.00 | Capital used 0.0% / 30%
[2026-04-06 22:56:43] [SHORT   ] BTC not in short zone — skipping
[2026-04-06 22:56:43] [LONG    ] BTC — no position & BTC not in long zone — skipping
[2026-04-06 22:56:43] [LONG    ] SOL — no position & BTC not in long zone — skipping
[2026-04-06 22:56:43] [LONG    ] HYPE — no position & BTC not in long zone — skipping
[2026-04-06 22:56:43] [LONG    ] XRP — no position & BTC not in long zone — skipping
[2026-04-06 22:56:43] [RUN     ] Sleeping 1 min...
[2026-04-06 22:57:43] [RUN     ] ────────────────────────────────────────────────────────────
[2026-04-06 22:57:45] [MACRO   ] BTC $68878 | 7d-high $70316 short-zone: no | 7d-low $65697 long-zone: no | 4h chg: -0.94%
[2026-04-06 22:57:45] [MACRO   ] SPX $0.28 | 7d-high $0.30 | zone: no
[2026-04-06 22:57:45] [ACCT    ] Value $0.00 | Available $0.00 | Capital used 0.0% / 30%
[2026-04-06 22:57:45] [SHORT   ] BTC not in short zone — skipping
[2026-04-06 22:57:45] [LONG    ] BTC — no position & BTC not in long zone — skipping
[2026-04-06 22:57:45] [LONG    ] SOL — no position & BTC not in long zone — skipping
[2026-04-06 22:57:45] [LONG    ] HYPE — no position & BTC not in long zone — skipping
[2026-04-06 22:57:45] [LONG    ] XRP — no position & BTC not in long zone — skipping
[2026-04-06 22:57:45] [RUN     ] Sleeping 1 min...
[2026-04-06 22:58:45] [RUN     ] ────────────────────────────────────────────────────────────
[2026-04-06 22:58:45] [MACRO   ] BTC $68863 | 7d-high $70316 short-zone: no | 7d-low $65697 long-zone: no | 4h chg: -0.96%
[2026-04-06 22:58:45] [MACRO   ] SPX $0.28 | 7d-high $0.30 | zone: no
[2026-04-06 22:58:45] [ACCT    ] Value $0.00 | Available $0.00 | Capital used 0.0% / 30%
[2026-04-06 22:58:45] [SHORT   ] BTC not in short zone — skipping
[2026-04-06 22:58:45] [LONG    ] BTC — no position & BTC not in long zone — skipping
[2026-04-06 22:58:45] [LONG    ] SOL — no position & BTC not in long zone — skipping
[2026-04-06 22:58:45] [LONG    ] HYPE — no position & BTC not in long zone — skipping
[2026-04-06 22:58:45] [LONG    ] XRP — no position & BTC not in long zone — skipping
[2026-04-06 22:58:45] [RUN     ] Sleeping 1 min...
[2026-04-06 22:59:46] [RUN     ] ────────────────────────────────────────────────────────────
[2026-04-06 22:59:46] [MACRO   ] BTC $68781 | 7d-high $70316 short-zone: no | 7d-low $65697 long-zone: no | 4h chg: -1.07%
[2026-04-06 22:59:46] [MACRO   ] SPX $0.28 | 7d-high $0.30 | zone: no
[2026-04-06 22:59:46] [ACCT    ] Value $0.00 | Available $0.00 | Capital used 0.0% / 30%
[2026-04-06 22:59:46] [SHORT   ] BTC not in short zone — skipping
[2026-04-06 22:59:46] [LONG    ] BTC — no position & BTC not in long zone — skipping
[2026-04-06 22:59:46] [LONG    ] SOL — no position & BTC not in long zone — skipping
[2026-04-06 22:59:46] [LONG    ] HYPE — no position & BTC not in long zone — skipping
[2026-04-06 22:59:46] [LONG    ] XRP — no position & BTC not in long zone — skipping
[2026-04-06 22:59:46] [RUN     ] Sleeping 1 min...
[2026-04-06 23:00:46] [RUN     ] ────────────────────────────────────────────────────────────
[2026-04-06 23:00:47] [MACRO   ] BTC $68740 | 7d-high $70316 short-zone: no | 7d-low $65697 long-zone: no | 4h chg: -1.60%
[2026-04-06 23:00:47] [MACRO   ] SPX $0.28 | 7d-high $0.30 | zone: no
[2026-04-06 23:00:47] [ACCT    ] Value $0.00 | Available $0.00 | Capital used 0.0% / 30%
[2026-04-06 23:00:47] [SHORT   ] BTC not in short zone — skipping
[2026-04-06 23:00:47] [LONG    ] BTC — no position & BTC not in long zone — skipping
[2026-04-06 23:00:47] [LONG    ] SOL — no position & BTC not in long zone — skipping
[2026-04-06 23:00:47] [LONG    ] HYPE — no position & BTC not in long zone — skipping
[2026-04-06 23:00:47] [LONG    ] XRP — no position & BTC not in long zone — skipping
[2026-04-06 23:00:47] [RUN     ] Sleeping 1 min...
[2026-04-06 23:01:47] [RUN     ] ────────────────────────────────────────────────────────────
[2026-04-06 23:01:48] [MACRO   ] BTC $68565 | 7d-high $70316 short-zone: no | 7d-low $65697 long-zone: no | 4h chg: -1.84%
[2026-04-06 23:01:48] [MACRO   ] SPX $0.28 | 7d-high $0.30 | zone: no
[2026-04-06 23:01:48] [ACCT    ] Value $0.00 | Available $0.00 | Capital used 0.0% / 30%
[2026-04-06 23:01:48] [SHORT   ] BTC not in short zone — skipping
[2026-04-06 23:01:48] [LONG    ] BTC — no position & BTC not in long zone — skipping
[2026-04-06 23:01:48] [LONG    ] SOL — no position & BTC not in long zone — skipping
[2026-04-06 23:01:48] [LONG    ] HYPE — no position & BTC not in long zone — skipping
[2026-04-06 23:01:48] [LONG    ] XRP — no position & BTC not in long zone — skipping
[2026-04-06 23:01:48] [RUN     ] Sleeping 1 min...
[2026-04-06 23:02:48] [RUN     ] ────────────────────────────────────────────────────────────
[2026-04-06 23:02:48] [MACRO   ] BTC $68603 | 7d-high $70316 short-zone: no | 7d-low $65697 long-zone: no | 4h chg: -1.78%
[2026-04-06 23:02:48] [MACRO   ] SPX $0.28 | 7d-high $0.30 | zone: no
[2026-04-06 23:02:49] [ACCT    ] Value $0.00 | Available $0.00 | Capital used 0.0% / 30%
[2026-04-06 23:02:49] [SHORT   ] BTC not in short zone — skipping
[2026-04-06 23:02:49] [LONG    ] BTC — no position & BTC not in long zone — skipping
[2026-04-06 23:02:49] [LONG    ] SOL — no position & BTC not in long zone — skipping
[2026-04-06 23:02:49] [LONG    ] HYPE — no position & BTC not in long zone — skipping
[2026-04-06 23:02:49] [LONG    ] XRP — no position & BTC not in long zone — skipping
[2026-04-06 23:02:49] [RUN     ] Sleeping 1 min...
[2026-04-06 23:03:49] [RUN     ] ────────────────────────────────────────────────────────────
[2026-04-06 23:03:49] [MACRO   ] BTC $68600 | 7d-high $70316 short-zone: no | 7d-low $65697 long-zone: no | 4h chg: -1.79%
[2026-04-06 23:03:49] [MACRO   ] SPX $0.28 | 7d-high $0.30 | zone: no
[2026-04-06 23:03:49] [ACCT    ] Value $0.00 | Available $0.00 | Capital used 0.0% / 30%
[2026-04-06 23:03:49] [SHORT   ] BTC not in short zone — skipping
[2026-04-06 23:03:49] [LONG    ] BTC — no position & BTC not in long zone — skipping
[2026-04-06 23:03:49] [LONG    ] SOL — no position & BTC not in long zone — skipping
[2026-04-06 23:03:49] [LONG    ] HYPE — no position & BTC not in long zone — skipping
[2026-04-06 23:03:49] [LONG    ] XRP — no position & BTC not in long zone — skipping
[2026-04-06 23:03:49] [RUN     ] Sleeping 1 min...
[2026-04-06 23:04:49] [RUN     ] ────────────────────────────────────────────────────────────
[2026-04-06 23:04:50] [MACRO   ] BTC $68638 | 7d-high $70316 short-zone: no | 7d-low $65697 long-zone: no | 4h chg: -1.74%
[2026-04-06 23:04:50] [MACRO   ] SPX $0.28 | 7d-high $0.30 | zone: no
[2026-04-06 23:04:50] [ACCT    ] Value $0.00 | Available $0.00 | Capital used 0.0% / 30%
[2026-04-06 23:04:50] [SHORT   ] BTC not in short zone — skipping
[2026-04-06 23:04:50] [LONG    ] BTC — no position & BTC not in long zone — skipping
[2026-04-06 23:04:50] [LONG    ] SOL — no position & BTC not in long zone — skipping
[2026-04-06 23:04:50] [LONG    ] HYPE — no position & BTC not in long zone — skipping
[2026-04-06 23:04:50] [LONG    ] XRP — no position & BTC not in long zone — skipping
[2026-04-06 23:04:50] [RUN     ] Sleeping 1 min...
[2026-04-06 23:05:50] [RUN     ] ────────────────────────────────────────────────────────────
[2026-04-06 23:05:51] [MACRO   ] BTC $68615 | 7d-high $70316 short-zone: no | 7d-low $65697 long-zone: no | 4h chg: -1.77%
[2026-04-06 23:05:51] [MACRO   ] SPX $0.28 | 7d-high $0.30 | zone: no
[2026-04-06 23:05:51] [ACCT    ] Value $0.00 | Available $0.00 | Capital used 0.0% / 30%
[2026-04-06 23:05:51] [SHORT   ] BTC not in short zone — skipping
[2026-04-06 23:05:51] [LONG    ] BTC — no position & BTC not in long zone — skipping
[2026-04-06 23:05:51] [LONG    ] SOL — no position & BTC not in long zone — skipping
[2026-04-06 23:05:51] [LONG    ] HYPE — no position & BTC not in long zone — skipping
[2026-04-06 23:05:51] [LONG    ] XRP — no position & BTC not in long zone — skipping
[2026-04-06 23:05:51] [RUN     ] Sleeping 1 min...
[2026-04-06 23:06:51] [RUN     ] ────────────────────────────────────────────────────────────
[2026-04-06 23:06:52] [MACRO   ] BTC $68566 | 7d-high $70316 short-zone: no | 7d-low $65697 long-zone: no | 4h chg: -1.84%
[2026-04-06 23:06:52] [MACRO   ] SPX $0.28 | 7d-high $0.30 | zone: no
[2026-04-06 23:06:52] [ACCT    ] Value $0.00 | Available $0.00 | Capital used 0.0% / 30%
[2026-04-06 23:06:52] [SHORT   ] BTC not in short zone — skipping
[2026-04-06 23:06:52] [LONG    ] BTC — no position & BTC not in long zone — skipping
[2026-04-06 23:06:52] [LONG    ] SOL — no position & BTC not in long zone — skipping
[2026-04-06 23:06:52] [LONG    ] HYPE — no position & BTC not in long zone — skipping
[2026-04-06 23:06:52] [LONG    ] XRP — no position & BTC not in long zone — skipping
[2026-04-06 23:06:52] [RUN     ] Sleeping 1 min...
[2026-04-06 23:07:52] [RUN     ] ────────────────────────────────────────────────────────────
[2026-04-06 23:07:52] [MACRO   ] BTC $68365 | 7d-high $70316 short-zone: no | 7d-low $65697 long-zone: no | 4h chg: -2.13%
[2026-04-06 23:07:52] [MACRO   ] SPX $0.27 | 7d-high $0.30 | zone: no
[2026-04-06 23:07:52] [ACCT    ] Value $0.00 | Available $0.00 | Capital used 0.0% / 30%
[2026-04-06 23:07:52] [SHORT   ] BTC not in short zone — skipping
[2026-04-06 23:07:52] [LONG    ] BTC — no position & BTC not in long zone — skipping
[2026-04-06 23:07:52] [LONG    ] SOL — no position & BTC not in long zone — skipping
[2026-04-06 23:07:52] [LONG    ] HYPE — no position & BTC not in long zone — skipping
[2026-04-06 23:07:52] [LONG    ] XRP — no position & BTC not in long zone — skipping
[2026-04-06 23:07:52] [RUN     ] Sleeping 1 min...
[2026-04-06 23:08:52] [RUN     ] ────────────────────────────────────────────────────────────
[2026-04-06 23:08:53] [MACRO   ] BTC $68479 | 7d-high $70316 short-zone: no | 7d-low $65697 long-zone: no | 4h chg: -1.96%
[2026-04-06 23:08:53] [MACRO   ] SPX $0.27 | 7d-high $0.30 | zone: no
[2026-04-06 23:08:53] [ACCT    ] Value $0.00 | Available $0.00 | Capital used 0.0% / 30%
[2026-04-06 23:08:53] [SHORT   ] BTC not in short zone — skipping
[2026-04-06 23:08:53] [LONG    ] BTC — no position & BTC not in long zone — skipping
[2026-04-06 23:08:53] [LONG    ] SOL — no position & BTC not in long zone — skipping
[2026-04-06 23:08:53] [LONG    ] HYPE — no position & BTC not in long zone — skipping
[2026-04-06 23:08:53] [LONG    ] XRP — no position & BTC not in long zone — skipping
[2026-04-06 23:08:53] [RUN     ] Sleeping 1 min...
[2026-04-06 23:09:53] [RUN     ] ────────────────────────────────────────────────────────────
[2026-04-06 23:09:54] [MACRO   ] BTC $68559 | 7d-high $70316 short-zone: no | 7d-low $65697 long-zone: no | 4h chg: -1.85%
[2026-04-06 23:09:54] [MACRO   ] SPX $0.28 | 7d-high $0.30 | zone: no
[2026-04-06 23:09:54] [ACCT    ] Value $0.00 | Available $0.00 | Capital used 0.0% / 30%
[2026-04-06 23:09:54] [SHORT   ] BTC not in short zone — skipping
[2026-04-06 23:09:54] [LONG    ] BTC — no position & BTC not in long zone — skipping
[2026-04-06 23:09:54] [LONG    ] SOL — no position & BTC not in long zone — skipping
[2026-04-06 23:09:54] [LONG    ] HYPE — no position & BTC not in long zone — skipping
[2026-04-06 23:09:54] [LONG    ] XRP — no position & BTC not in long zone — skipping
[2026-04-06 23:09:54] [RUN     ] Sleeping 1 min...
[2026-04-06 23:10:54] [RUN     ] ────────────────────────────────────────────────────────────
[2026-04-06 23:10:55] [MACRO   ] BTC $68642 | 7d-high $70316 short-zone: no | 7d-low $65697 long-zone: no | 4h chg: -1.74%
[2026-04-06 23:10:55] [MACRO   ] SPX $0.28 | 7d-high $0.30 | zone: no
[2026-04-06 23:10:55] [ACCT    ] Value $0.00 | Available $0.00 | Capital used 0.0% / 30%
[2026-04-06 23:10:55] [SHORT   ] BTC not in short zone — skipping
[2026-04-06 23:10:55] [LONG    ] BTC — no position & BTC not in long zone — skipping
[2026-04-06 23:10:55] [LONG    ] SOL — no position & BTC not in long zone — skipping
[2026-04-06 23:10:55] [LONG    ] HYPE — no position & BTC not in long zone — skipping
[2026-04-06 23:10:55] [LONG    ] XRP — no position & BTC not in long zone — skipping
[2026-04-06 23:10:55] [RUN     ] Sleeping 1 min...
[2026-04-06 23:11:55] [RUN     ] ────────────────────────────────────────────────────────────
[2026-04-06 23:11:56] [MACRO   ] BTC $68620 | 7d-high $70316 short-zone: no | 7d-low $65697 long-zone: no | 4h chg: -1.76%
[2026-04-06 23:11:56] [MACRO   ] SPX $0.28 | 7d-high $0.30 | zone: no
[2026-04-06 23:11:56] [ACCT    ] Value $0.00 | Available $0.00 | Capital used 0.0% / 30%
[2026-04-06 23:11:56] [SHORT   ] BTC not in short zone — skipping
[2026-04-06 23:11:56] [LONG    ] BTC — no position & BTC not in long zone — skipping
[2026-04-06 23:11:56] [LONG    ] SOL — no position & BTC not in long zone — skipping
[2026-04-06 23:11:56] [LONG    ] HYPE — no position & BTC not in long zone — skipping
[2026-04-06 23:11:56] [LONG    ] XRP — no position & BTC not in long zone — skipping
[2026-04-06 23:11:56] [RUN     ] Sleeping 1 min...
[2026-04-06 23:12:56] [RUN     ] ────────────────────────────────────────────────────────────
[2026-04-06 23:12:56] [MACRO   ] BTC $68675 | 7d-high $70316 short-zone: no | 7d-low $65697 long-zone: no | 4h chg: -1.68%
[2026-04-06 23:12:56] [MACRO   ] SPX $0.28 | 7d-high $0.30 | zone: no
[2026-04-06 23:12:57] [ACCT    ] Value $0.00 | Available $0.00 | Capital used 0.0% / 30%
[2026-04-06 23:12:57] [SHORT   ] BTC not in short zone — skipping
[2026-04-06 23:12:57] [LONG    ] BTC — no position & BTC not in long zone — skipping
[2026-04-06 23:12:57] [LONG    ] SOL — no position & BTC not in long zone — skipping
[2026-04-06 23:12:57] [LONG    ] HYPE — no position & BTC not in long zone — skipping
[2026-04-06 23:12:57] [LONG    ] XRP — no position & BTC not in long zone — skipping
[2026-04-06 23:12:57] [RUN     ] Sleeping 1 min...
[2026-04-06 23:13:57] [RUN     ] ────────────────────────────────────────────────────────────
[2026-04-06 23:13:57] [MACRO   ] BTC $68621 | 7d-high $70316 short-zone: no | 7d-low $65697 long-zone: no | 4h chg: -1.76%
[2026-04-06 23:13:57] [MACRO   ] SPX $0.28 | 7d-high $0.30 | zone: no
[2026-04-06 23:13:57] [ACCT    ] Value $0.00 | Available $0.00 | Capital used 0.0% / 30%
[2026-04-06 23:13:57] [SHORT   ] BTC not in short zone — skipping
[2026-04-06 23:13:57] [LONG    ] BTC — no position & BTC not in long zone — skipping
[2026-04-06 23:13:57] [LONG    ] SOL — no position & BTC not in long zone — skipping
[2026-04-06 23:13:57] [LONG    ] HYPE — no position & BTC not in long zone — skipping
[2026-04-06 23:13:57] [LONG    ] XRP — no position & BTC not in long zone — skipping
[2026-04-06 23:13:57] [RUN     ] Sleeping 1 min...
[2026-04-06 23:14:57] [RUN     ] ────────────────────────────────────────────────────────────
[2026-04-06 23:14:58] [MACRO   ] BTC $68563 | 7d-high $70316 short-zone: no | 7d-low $65697 long-zone: no | 4h chg: -1.84%
[2026-04-06 23:14:58] [MACRO   ] SPX $0.28 | 7d-high $0.30 | zone: no
[2026-04-06 23:14:58] [ACCT    ] Value $0.00 | Available $0.00 | Capital used 0.0% / 30%
[2026-04-06 23:14:58] [SHORT   ] BTC not in short zone — skipping
[2026-04-06 23:14:58] [LONG    ] BTC — no position & BTC not in long zone — skipping
[2026-04-06 23:14:58] [LONG    ] SOL — no position & BTC not in long zone — skipping
[2026-04-06 23:14:58] [LONG    ] HYPE — no position & BTC not in long zone — skipping
[2026-04-06 23:14:58] [LONG    ] XRP — no position & BTC not in long zone — skipping
[2026-04-06 23:14:58] [RUN     ] Sleeping 1 min...
[2026-04-06 23:15:58] [RUN     ] ────────────────────────────────────────────────────────────
[2026-04-06 23:15:59] [MACRO   ] BTC $68555 | 7d-high $70316 short-zone: no | 7d-low $65697 long-zone: no | 4h chg: -1.85%
[2026-04-06 23:15:59] [MACRO   ] SPX $0.28 | 7d-high $0.30 | zone: no
[2026-04-06 23:15:59] [ACCT    ] Value $0.00 | Available $0.00 | Capital used 0.0% / 30%
[2026-04-06 23:15:59] [SHORT   ] BTC not in short zone — skipping
[2026-04-06 23:15:59] [LONG    ] BTC — no position & BTC not in long zone — skipping
[2026-04-06 23:15:59] [LONG    ] SOL — no position & BTC not in long zone — skipping
[2026-04-06 23:15:59] [LONG    ] HYPE — no position & BTC not in long zone — skipping
[2026-04-06 23:15:59] [LONG    ] XRP — no position & BTC not in long zone — skipping
[2026-04-06 23:15:59] [RUN     ] Sleeping 1 min...
[2026-04-06 23:16:59] [RUN     ] ────────────────────────────────────────────────────────────
[2026-04-06 23:17:00] [MACRO   ] BTC $68501 | 7d-high $70316 short-zone: no | 7d-low $65697 long-zone: no | 4h chg: -1.93%
[2026-04-06 23:17:00] [MACRO   ] SPX $0.28 | 7d-high $0.30 | zone: no
[2026-04-06 23:17:00] [ACCT    ] Value $0.00 | Available $0.00 | Capital used 0.0% / 30%
[2026-04-06 23:17:00] [SHORT   ] BTC not in short zone — skipping
[2026-04-06 23:17:00] [LONG    ] BTC — no position & BTC not in long zone — skipping
[2026-04-06 23:17:00] [LONG    ] SOL — no position & BTC not in long zone — skipping
[2026-04-06 23:17:00] [LONG    ] HYPE — no position & BTC not in long zone — skipping
[2026-04-06 23:17:00] [LONG    ] XRP — no position & BTC not in long zone — skipping
[2026-04-06 23:17:00] [RUN     ] Sleeping 1 min...
[2026-04-06 23:18:00] [RUN     ] ────────────────────────────────────────────────────────────
[2026-04-06 23:18:00] [MACRO   ] BTC $68592 | 7d-high $70316 short-zone: no | 7d-low $65697 long-zone: no | 4h chg: -1.80%
[2026-04-06 23:18:00] [MACRO   ] SPX $0.28 | 7d-high $0.30 | zone: no
[2026-04-06 23:18:00] [ACCT    ] Value $0.00 | Available $0.00 | Capital used 0.0% / 30%
[2026-04-06 23:18:00] [SHORT   ] BTC not in short zone — skipping
[2026-04-06 23:18:00] [LONG    ] BTC — no position & BTC not in long zone — skipping
[2026-04-06 23:18:00] [LONG    ] SOL — no position & BTC not in long zone — skipping
[2026-04-06 23:18:00] [LONG    ] HYPE — no position & BTC not in long zone — skipping
[2026-04-06 23:18:00] [LONG    ] XRP — no position & BTC not in long zone — skipping
[2026-04-06 23:18:00] [RUN     ] Sleeping 1 min...
[2026-04-06 23:19:00] [RUN     ] ────────────────────────────────────────────────────────────
[2026-04-06 23:19:01] [MACRO   ] BTC $68649 | 7d-high $70316 short-zone: no | 7d-low $65697 long-zone: no | 4h chg: -1.72%
[2026-04-06 23:19:01] [MACRO   ] SPX $0.28 | 7d-high $0.30 | zone: no
[2026-04-06 23:19:01] [ACCT    ] Value $0.00 | Available $0.00 | Capital used 0.0% / 30%
[2026-04-06 23:19:01] [SHORT   ] BTC not in short zone — skipping
[2026-04-06 23:19:01] [LONG    ] BTC — no position & BTC not in long zone — skipping
[2026-04-06 23:19:01] [LONG    ] SOL — no position & BTC not in long zone — skipping
[2026-04-06 23:19:01] [LONG    ] HYPE — no position & BTC not in long zone — skipping
[2026-04-06 23:19:01] [LONG    ] XRP — no position & BTC not in long zone — skipping
[2026-04-06 23:19:01] [RUN     ] Sleeping 1 min...
[2026-04-06 23:20:01] [RUN     ] ────────────────────────────────────────────────────────────
[2026-04-06 23:20:02] [MACRO   ] BTC $68604 | 7d-high $70316 short-zone: no | 7d-low $65697 long-zone: no | 4h chg: -1.79%
[2026-04-06 23:20:02] [MACRO   ] SPX $0.28 | 7d-high $0.30 | zone: no
[2026-04-06 23:20:02] [ACCT    ] Value $0.00 | Available $0.00 | Capital used 0.0% / 30%
[2026-04-06 23:20:02] [SHORT   ] BTC not in short zone — skipping
[2026-04-06 23:20:02] [LONG    ] BTC — no position & BTC not in long zone — skipping
[2026-04-06 23:20:02] [LONG    ] SOL — no position & BTC not in long zone — skipping
[2026-04-06 23:20:02] [LONG    ] HYPE — no position & BTC not in long zone — skipping
[2026-04-06 23:20:02] [LONG    ] XRP — no position & BTC not in long zone — skipping
[2026-04-06 23:20:02] [RUN     ] Sleeping 1 min...
[2026-04-06 23:21:02] [RUN     ] ────────────────────────────────────────────────────────────
[2026-04-06 23:21:03] [MACRO   ] BTC $68479 | 7d-high $70316 short-zone: no | 7d-low $65697 long-zone: no | 4h chg: -1.96%
[2026-04-06 23:21:03] [MACRO   ] SPX $0.28 | 7d-high $0.30 | zone: no
[2026-04-06 23:21:03] [ACCT    ] Value $0.00 | Available $0.00 | Capital used 0.0% / 30%
[2026-04-06 23:21:03] [SHORT   ] BTC not in short zone — skipping
[2026-04-06 23:21:03] [LONG    ] BTC — no position & BTC not in long zone — skipping
[2026-04-06 23:21:03] [LONG    ] SOL — no position & BTC not in long zone — skipping
[2026-04-06 23:21:03] [LONG    ] HYPE — no position & BTC not in long zone — skipping
[2026-04-06 23:21:03] [LONG    ] XRP — no position & BTC not in long zone — skipping
[2026-04-06 23:21:03] [RUN     ] Sleeping 1 min...
[2026-04-06 23:22:03] [RUN     ] ────────────────────────────────────────────────────────────
[2026-04-06 23:22:04] [MACRO   ] BTC $68495 | 7d-high $70316 short-zone: no | 7d-low $65697 long-zone: no | 4h chg: -1.94%
[2026-04-06 23:22:04] [MACRO   ] SPX $0.28 | 7d-high $0.30 | zone: no
[2026-04-06 23:22:04] [ACCT    ] Value $0.00 | Available $0.00 | Capital used 0.0% / 30%
[2026-04-06 23:22:04] [SHORT   ] BTC not in short zone — skipping
[2026-04-06 23:22:04] [LONG    ] BTC — no position & BTC not in long zone — skipping
[2026-04-06 23:22:04] [LONG    ] SOL — no position & BTC not in long zone — skipping
[2026-04-06 23:22:04] [LONG    ] HYPE — no position & BTC not in long zone — skipping
[2026-04-06 23:22:04] [LONG    ] XRP — no position & BTC not in long zone — skipping
[2026-04-06 23:22:04] [RUN     ] Sleeping 1 min...
[2026-04-06 23:23:04] [RUN     ] ────────────────────────────────────────────────────────────
[2026-04-06 23:23:04] [MACRO   ] BTC $68536 | 7d-high $70316 short-zone: no | 7d-low $65697 long-zone: no | 4h chg: -1.88%
[2026-04-06 23:23:04] [MACRO   ] SPX $0.28 | 7d-high $0.30 | zone: no
[2026-04-06 23:23:04] [ACCT    ] Value $0.00 | Available $0.00 | Capital used 0.0% / 30%
[2026-04-06 23:23:04] [SHORT   ] BTC not in short zone — skipping
[2026-04-06 23:23:04] [LONG    ] BTC — no position & BTC not in long zone — skipping
[2026-04-06 23:23:04] [LONG    ] SOL — no position & BTC not in long zone — skipping
[2026-04-06 23:23:04] [LONG    ] HYPE — no position & BTC not in long zone — skipping
[2026-04-06 23:23:04] [LONG    ] XRP — no position & BTC not in long zone — skipping
[2026-04-06 23:23:04] [RUN     ] Sleeping 1 min...
[2026-04-06 23:24:04] [RUN     ] ────────────────────────────────────────────────────────────
[2026-04-06 23:24:05] [MACRO   ] BTC $68602 | 7d-high $70316 short-zone: no | 7d-low $65697 long-zone: no | 4h chg: -1.79%
[2026-04-06 23:24:05] [MACRO   ] SPX $0.28 | 7d-high $0.30 | zone: no
[2026-04-06 23:24:05] [ACCT    ] Value $0.00 | Available $0.00 | Capital used 0.0% / 30%
[2026-04-06 23:24:05] [SHORT   ] BTC not in short zone — skipping
[2026-04-06 23:24:05] [LONG    ] BTC — no position & BTC not in long zone — skipping
[2026-04-06 23:24:05] [LONG    ] SOL — no position & BTC not in long zone — skipping
[2026-04-06 23:24:05] [LONG    ] HYPE — no position & BTC not in long zone — skipping
[2026-04-06 23:24:05] [LONG    ] XRP — no position & BTC not in long zone — skipping
[2026-04-06 23:24:05] [RUN     ] Sleeping 1 min...
[2026-04-06 23:25:05] [RUN     ] ────────────────────────────────────────────────────────────
[2026-04-06 23:25:06] [MACRO   ] BTC $68601 | 7d-high $70316 short-zone: no | 7d-low $65697 long-zone: no | 4h chg: -1.80%
[2026-04-06 23:25:06] [MACRO   ] SPX $0.28 | 7d-high $0.30 | zone: no
[2026-04-06 23:25:06] [ACCT    ] Value $0.00 | Available $0.00 | Capital used 0.0% / 30%
[2026-04-06 23:25:06] [SHORT   ] BTC not in short zone — skipping
[2026-04-06 23:25:06] [LONG    ] BTC — no position & BTC not in long zone — skipping
[2026-04-06 23:25:06] [LONG    ] SOL — no position & BTC not in long zone — skipping
[2026-04-06 23:25:06] [LONG    ] HYPE — no position & BTC not in long zone — skipping
[2026-04-06 23:25:06] [LONG    ] XRP — no position & BTC not in long zone — skipping
[2026-04-06 23:25:06] [RUN     ] Sleeping 1 min...
[2026-04-06 23:26:06] [RUN     ] ────────────────────────────────────────────────────────────
[2026-04-06 23:26:07] [MACRO   ] BTC $68566 | 7d-high $70316 short-zone: no | 7d-low $65697 long-zone: no | 4h chg: -1.84%
[2026-04-06 23:26:07] [MACRO   ] SPX $0.28 | 7d-high $0.30 | zone: no
[2026-04-06 23:26:07] [ACCT    ] Value $0.00 | Available $0.00 | Capital used 0.0% / 30%
[2026-04-06 23:26:07] [SHORT   ] BTC not in short zone — skipping
[2026-04-06 23:26:07] [LONG    ] BTC — no position & BTC not in long zone — skipping
[2026-04-06 23:26:07] [LONG    ] SOL — no position & BTC not in long zone — skipping
[2026-04-06 23:26:07] [LONG    ] HYPE — no position & BTC not in long zone — skipping
[2026-04-06 23:26:07] [LONG    ] XRP — no position & BTC not in long zone — skipping
[2026-04-06 23:26:07] [RUN     ] Sleeping 1 min...
[2026-04-06 23:27:07] [RUN     ] ────────────────────────────────────────────────────────────
[2026-04-06 23:27:08] [MACRO   ] BTC $68519 | 7d-high $70316 short-zone: no | 7d-low $65697 long-zone: no | 4h chg: -1.91%
[2026-04-06 23:27:08] [MACRO   ] SPX $0.28 | 7d-high $0.30 | zone: no
[2026-04-06 23:27:08] [ACCT    ] Value $0.00 | Available $0.00 | Capital used 0.0% / 30%
[2026-04-06 23:27:08] [SHORT   ] BTC not in short zone — skipping
[2026-04-06 23:27:08] [LONG    ] BTC — no position & BTC not in long zone — skipping
[2026-04-06 23:27:08] [LONG    ] SOL — no position & BTC not in long zone — skipping
[2026-04-06 23:27:08] [LONG    ] HYPE — no position & BTC not in long zone — skipping
[2026-04-06 23:27:08] [LONG    ] XRP — no position & BTC not in long zone — skipping
[2026-04-06 23:27:08] [RUN     ] Sleeping 1 min...
[2026-04-06 23:28:08] [RUN     ] ────────────────────────────────────────────────────────────
[2026-04-06 23:28:09] [MACRO   ] BTC $68474 | 7d-high $70316 short-zone: no | 7d-low $65697 long-zone: no | 4h chg: -1.97%
[2026-04-06 23:28:09] [MACRO   ] SPX $0.28 | 7d-high $0.30 | zone: no
[2026-04-06 23:28:09] [ACCT    ] Value $0.00 | Available $0.00 | Capital used 0.0% / 30%
[2026-04-06 23:28:09] [SHORT   ] BTC not in short zone — skipping
[2026-04-06 23:28:09] [LONG    ] BTC — no position & BTC not in long zone — skipping
[2026-04-06 23:28:09] [LONG    ] SOL — no position & BTC not in long zone — skipping
[2026-04-06 23:28:09] [LONG    ] HYPE — no position & BTC not in long zone — skipping
[2026-04-06 23:28:09] [LONG    ] XRP — no position & BTC not in long zone — skipping
[2026-04-06 23:28:09] [RUN     ] Sleeping 1 min...
[2026-04-06 23:29:09] [RUN     ] ────────────────────────────────────────────────────────────
[2026-04-06 23:29:10] [MACRO   ] BTC $68493 | 7d-high $70316 short-zone: no | 7d-low $65697 long-zone: no | 4h chg: -1.94%
[2026-04-06 23:29:10] [MACRO   ] SPX $0.27 | 7d-high $0.30 | zone: no
[2026-04-06 23:29:10] [ACCT    ] Value $0.00 | Available $0.00 | Capital used 0.0% / 30%
[2026-04-06 23:29:10] [SHORT   ] BTC not in short zone — skipping
[2026-04-06 23:29:10] [LONG    ] BTC — no position & BTC not in long zone — skipping
[2026-04-06 23:29:10] [LONG    ] SOL — no position & BTC not in long zone — skipping
[2026-04-06 23:29:10] [LONG    ] HYPE — no position & BTC not in long zone — skipping
[2026-04-06 23:29:10] [LONG    ] XRP — no position & BTC not in long zone — skipping
[2026-04-06 23:29:10] [RUN     ] Sleeping 1 min...
[2026-04-06 23:30:10] [RUN     ] ────────────────────────────────────────────────────────────
[2026-04-06 23:30:10] [MACRO   ] BTC $68451 | 7d-high $70316 short-zone: no | 7d-low $65697 long-zone: no | 4h chg: -2.01%
[2026-04-06 23:30:10] [MACRO   ] SPX $0.27 | 7d-high $0.30 | zone: no
[2026-04-06 23:30:10] [ACCT    ] Value $0.00 | Available $0.00 | Capital used 0.0% / 30%
[2026-04-06 23:30:10] [SHORT   ] BTC not in short zone — skipping
[2026-04-06 23:30:10] [LONG    ] BTC — no position & BTC not in long zone — skipping
[2026-04-06 23:30:10] [LONG    ] SOL — no position & BTC not in long zone — skipping
[2026-04-06 23:30:10] [LONG    ] HYPE — no position & BTC not in long zone — skipping
[2026-04-06 23:30:10] [LONG    ] XRP — no position & BTC not in long zone — skipping
[2026-04-06 23:30:10] [RUN     ] Sleeping 1 min...
[2026-04-06 23:31:10] [RUN     ] ────────────────────────────────────────────────────────────
[2026-04-06 23:31:11] [MACRO   ] BTC $68497 | 7d-high $70316 short-zone: no | 7d-low $65697 long-zone: no | 4h chg: -1.94%
[2026-04-06 23:31:11] [MACRO   ] SPX $0.27 | 7d-high $0.30 | zone: no
[2026-04-06 23:31:11] [ACCT    ] Value $0.00 | Available $0.00 | Capital used 0.0% / 30%
[2026-04-06 23:31:11] [SHORT   ] BTC not in short zone — skipping
[2026-04-06 23:31:11] [LONG    ] BTC — no position & BTC not in long zone — skipping
[2026-04-06 23:31:11] [LONG    ] SOL — no position & BTC not in long zone — skipping
[2026-04-06 23:31:11] [LONG    ] HYPE — no position & BTC not in long zone — skipping
[2026-04-06 23:31:11] [LONG    ] XRP — no position & BTC not in long zone — skipping
[2026-04-06 23:31:11] [RUN     ] Sleeping 1 min...
[2026-04-06 23:32:11] [RUN     ] ────────────────────────────────────────────────────────────
[2026-04-06 23:32:12] [MACRO   ] BTC $68597 | 7d-high $70316 short-zone: no | 7d-low $65697 long-zone: no | 4h chg: -1.79%
[2026-04-06 23:32:12] [MACRO   ] SPX $0.27 | 7d-high $0.30 | zone: no
[2026-04-06 23:32:12] [ACCT    ] Value $0.00 | Available $0.00 | Capital used 0.0% / 30%
[2026-04-06 23:32:12] [SHORT   ] BTC not in short zone — skipping
[2026-04-06 23:32:12] [LONG    ] BTC — no position & BTC not in long zone — skipping
[2026-04-06 23:32:12] [LONG    ] SOL — no position & BTC not in long zone — skipping
[2026-04-06 23:32:12] [LONG    ] HYPE — no position & BTC not in long zone — skipping
[2026-04-06 23:32:12] [LONG    ] XRP — no position & BTC not in long zone — skipping
[2026-04-06 23:32:12] [RUN     ] Sleeping 1 min...
[2026-04-06 23:33:12] [RUN     ] ────────────────────────────────────────────────────────────
[2026-04-06 23:33:13] [MACRO   ] BTC $68639 | 7d-high $70316 short-zone: no | 7d-low $65697 long-zone: no | 4h chg: -1.78%
[2026-04-06 23:33:13] [MACRO   ] SPX $0.27 | 7d-high $0.30 | zone: no
[2026-04-06 23:33:13] [ACCT    ] Value $0.00 | Available $0.00 | Capital used 0.0% / 30%
[2026-04-06 23:33:13] [SHORT   ] BTC not in short zone — skipping
[2026-04-06 23:33:13] [LONG    ] BTC — no position & BTC not in long zone — skipping
[2026-04-06 23:33:13] [LONG    ] SOL — no position & BTC not in long zone — skipping
[2026-04-06 23:33:13] [LONG    ] HYPE — no position & BTC not in long zone — skipping
[2026-04-06 23:33:13] [LONG    ] XRP — no position & BTC not in long zone — skipping
[2026-04-06 23:33:13] [RUN     ] Sleeping 1 min...
[2026-04-06 23:34:13] [RUN     ] ────────────────────────────────────────────────────────────
[2026-04-06 23:34:14] [MACRO   ] BTC $68635 | 7d-high $70316 short-zone: no | 7d-low $65697 long-zone: no | 4h chg: -1.75%
[2026-04-06 23:34:14] [MACRO   ] SPX $0.27 | 7d-high $0.30 | zone: no
[2026-04-06 23:34:14] [ACCT    ] Value $0.00 | Available $0.00 | Capital used 0.0% / 30%
[2026-04-06 23:34:14] [SHORT   ] BTC not in short zone — skipping
[2026-04-06 23:34:14] [LONG    ] BTC — no position & BTC not in long zone — skipping
[2026-04-06 23:34:14] [LONG    ] SOL — no position & BTC not in long zone — skipping
[2026-04-06 23:34:14] [LONG    ] HYPE — no position & BTC not in long zone — skipping
[2026-04-06 23:34:14] [LONG    ] XRP — no position & BTC not in long zone — skipping
[2026-04-06 23:34:14] [RUN     ] Sleeping 1 min...
[2026-04-06 23:35:14] [RUN     ] ────────────────────────────────────────────────────────────
[2026-04-06 23:35:14] [MACRO   ] BTC $68621 | 7d-high $70316 short-zone: no | 7d-low $65697 long-zone: no | 4h chg: -1.76%
[2026-04-06 23:35:14] [MACRO   ] SPX $0.27 | 7d-high $0.30 | zone: no
[2026-04-06 23:35:14] [ACCT    ] Value $0.00 | Available $0.00 | Capital used 0.0% / 30%
[2026-04-06 23:35:14] [SHORT   ] BTC not in short zone — skipping
[2026-04-06 23:35:14] [LONG    ] BTC — no position & BTC not in long zone — skipping
[2026-04-06 23:35:14] [LONG    ] SOL — no position & BTC not in long zone — skipping
[2026-04-06 23:35:14] [LONG    ] HYPE — no position & BTC not in long zone — skipping
[2026-04-06 23:35:14] [LONG    ] XRP — no position & BTC not in long zone — skipping
[2026-04-06 23:35:14] [RUN     ] Sleeping 1 min...
[2026-04-06 23:36:14] [RUN     ] ────────────────────────────────────────────────────────────
[2026-04-06 23:36:15] [MACRO   ] BTC $68618 | 7d-high $70316 short-zone: no | 7d-low $65697 long-zone: no | 4h chg: -1.77%
[2026-04-06 23:36:15] [MACRO   ] SPX $0.27 | 7d-high $0.30 | zone: no
[2026-04-06 23:36:15] [ACCT    ] Value $0.00 | Available $0.00 | Capital used 0.0% / 30%
[2026-04-06 23:36:15] [SHORT   ] BTC not in short zone — skipping
[2026-04-06 23:36:15] [LONG    ] BTC — no position & BTC not in long zone — skipping
[2026-04-06 23:36:15] [LONG    ] SOL — no position & BTC not in long zone — skipping
[2026-04-06 23:36:15] [LONG    ] HYPE — no position & BTC not in long zone — skipping
[2026-04-06 23:36:15] [LONG    ] XRP — no position & BTC not in long zone — skipping
[2026-04-06 23:36:15] [RUN     ] Sleeping 1 min...
[2026-04-06 23:37:15] [RUN     ] ────────────────────────────────────────────────────────────
[2026-04-06 23:37:16] [MACRO   ] BTC $68597 | 7d-high $70316 short-zone: no | 7d-low $65697 long-zone: no | 4h chg: -1.80%
[2026-04-06 23:37:16] [MACRO   ] SPX $0.27 | 7d-high $0.30 | zone: no
[2026-04-06 23:37:16] [ACCT    ] Value $0.00 | Available $0.00 | Capital used 0.0% / 30%
[2026-04-06 23:37:16] [SHORT   ] BTC not in short zone — skipping
[2026-04-06 23:37:16] [LONG    ] BTC — no position & BTC not in long zone — skipping
[2026-04-06 23:37:16] [LONG    ] SOL — no position & BTC not in long zone — skipping
[2026-04-06 23:37:16] [LONG    ] HYPE — no position & BTC not in long zone — skipping
[2026-04-06 23:37:16] [LONG    ] XRP — no position & BTC not in long zone — skipping
[2026-04-06 23:37:16] [RUN     ] Sleeping 1 min...
[2026-04-06 23:38:16] [RUN     ] ────────────────────────────────────────────────────────────
[2026-04-06 23:38:17] [MACRO   ] BTC $68635 | 7d-high $70316 short-zone: no | 7d-low $65697 long-zone: no | 4h chg: -1.72%
[2026-04-06 23:38:17] [MACRO   ] SPX $0.27 | 7d-high $0.30 | zone: no
[2026-04-06 23:38:17] [ACCT    ] Value $0.00 | Available $0.00 | Capital used 0.0% / 30%
[2026-04-06 23:38:17] [SHORT   ] BTC not in short zone — skipping
[2026-04-06 23:38:17] [LONG    ] BTC — no position & BTC not in long zone — skipping
[2026-04-06 23:38:17] [LONG    ] SOL — no position & BTC not in long zone — skipping
[2026-04-06 23:38:17] [LONG    ] HYPE — no position & BTC not in long zone — skipping
[2026-04-06 23:38:17] [LONG    ] XRP — no position & BTC not in long zone — skipping
[2026-04-06 23:38:17] [RUN     ] Sleeping 1 min...
[2026-04-06 23:39:17] [RUN     ] ────────────────────────────────────────────────────────────
[2026-04-06 23:39:18] [MACRO   ] BTC $68650 | 7d-high $70316 short-zone: no | 7d-low $65697 long-zone: no | 4h chg: -1.72%
[2026-04-06 23:39:18] [MACRO   ] SPX $0.27 | 7d-high $0.30 | zone: no
[2026-04-06 23:39:18] [ACCT    ] Value $0.00 | Available $0.00 | Capital used 0.0% / 30%
[2026-04-06 23:39:18] [SHORT   ] BTC not in short zone — skipping
[2026-04-06 23:39:18] [LONG    ] BTC — no position & BTC not in long zone — skipping
[2026-04-06 23:39:18] [LONG    ] SOL — no position & BTC not in long zone — skipping
[2026-04-06 23:39:18] [LONG    ] HYPE — no position & BTC not in long zone — skipping
[2026-04-06 23:39:18] [LONG    ] XRP — no position & BTC not in long zone — skipping
[2026-04-06 23:39:18] [RUN     ] Sleeping 1 min...
[2026-04-06 23:40:18] [RUN     ] ────────────────────────────────────────────────────────────
[2026-04-06 23:40:19] [MACRO   ] BTC $68720 | 7d-high $70316 short-zone: no | 7d-low $65697 long-zone: no | 4h chg: -1.62%
[2026-04-06 23:40:19] [MACRO   ] SPX $0.27 | 7d-high $0.30 | zone: no
[2026-04-06 23:40:19] [ACCT    ] Value $0.00 | Available $0.00 | Capital used 0.0% / 30%
[2026-04-06 23:40:19] [SHORT   ] BTC not in short zone — skipping
[2026-04-06 23:40:19] [LONG    ] BTC — no position & BTC not in long zone — skipping
[2026-04-06 23:40:19] [LONG    ] SOL — no position & BTC not in long zone — skipping
[2026-04-06 23:40:19] [LONG    ] HYPE — no position & BTC not in long zone — skipping
[2026-04-06 23:40:19] [LONG    ] XRP — no position & BTC not in long zone — skipping
[2026-04-06 23:40:19] [RUN     ] Sleeping 1 min...
[2026-04-06 23:41:19] [RUN     ] ────────────────────────────────────────────────────────────
[2026-04-06 23:41:20] [MACRO   ] BTC $68694 | 7d-high $70316 short-zone: no | 7d-low $65697 long-zone: no | 4h chg: -1.66%
[2026-04-06 23:41:20] [MACRO   ] SPX $0.27 | 7d-high $0.30 | zone: no
[2026-04-06 23:41:20] [ACCT    ] Value $0.00 | Available $0.00 | Capital used 0.0% / 30%
[2026-04-06 23:41:20] [SHORT   ] BTC not in short zone — skipping
[2026-04-06 23:41:20] [LONG    ] BTC — no position & BTC not in long zone — skipping
[2026-04-06 23:41:20] [LONG    ] SOL — no position & BTC not in long zone — skipping
[2026-04-06 23:41:20] [LONG    ] HYPE — no position & BTC not in long zone — skipping
[2026-04-06 23:41:20] [LONG    ] XRP — no position & BTC not in long zone — skipping
[2026-04-06 23:41:20] [RUN     ] Sleeping 1 min...
[2026-04-06 23:42:20] [RUN     ] ────────────────────────────────────────────────────────────
[2026-04-06 23:42:21] [MACRO   ] BTC $68778 | 7d-high $70316 short-zone: no | 7d-low $65697 long-zone: no | 4h chg: -1.53%
[2026-04-06 23:42:21] [MACRO   ] SPX $0.27 | 7d-high $0.30 | zone: no
[2026-04-06 23:42:21] [ACCT    ] Value $0.00 | Available $0.00 | Capital used 0.0% / 30%
[2026-04-06 23:42:21] [SHORT   ] BTC not in short zone — skipping
[2026-04-06 23:42:21] [LONG    ] BTC — no position & BTC not in long zone — skipping
[2026-04-06 23:42:21] [LONG    ] SOL — no position & BTC not in long zone — skipping
[2026-04-06 23:42:21] [LONG    ] HYPE — no position & BTC not in long zone — skipping
[2026-04-06 23:42:21] [LONG    ] XRP — no position & BTC not in long zone — skipping
[2026-04-06 23:42:21] [RUN     ] Sleeping 1 min...
[2026-04-06 23:43:21] [RUN     ] ────────────────────────────────────────────────────────────
[2026-04-06 23:43:22] [MACRO   ] BTC $68796 | 7d-high $70316 short-zone: no | 7d-low $65697 long-zone: no | 4h chg: -1.51%
[2026-04-06 23:43:22] [MACRO   ] SPX $0.27 | 7d-high $0.30 | zone: no
[2026-04-06 23:43:22] [ACCT    ] Value $0.00 | Available $0.00 | Capital used 0.0% / 30%
[2026-04-06 23:43:22] [SHORT   ] BTC not in short zone — skipping
[2026-04-06 23:43:22] [LONG    ] BTC — no position & BTC not in long zone — skipping
[2026-04-06 23:43:22] [LONG    ] SOL — no position & BTC not in long zone — skipping
[2026-04-06 23:43:22] [LONG    ] HYPE — no position & BTC not in long zone — skipping
[2026-04-06 23:43:22] [LONG    ] XRP — no position & BTC not in long zone — skipping
[2026-04-06 23:43:22] [RUN     ] Sleeping 1 min...
[2026-04-06 23:44:22] [RUN     ] ────────────────────────────────────────────────────────────
[2026-04-06 23:44:23] [MACRO   ] BTC $68745 | 7d-high $70316 short-zone: no | 7d-low $65697 long-zone: no | 4h chg: -1.58%
[2026-04-06 23:44:23] [MACRO   ] SPX $0.28 | 7d-high $0.30 | zone: no
[2026-04-06 23:44:23] [ACCT    ] Value $0.00 | Available $0.00 | Capital used 0.0% / 30%
[2026-04-06 23:44:23] [SHORT   ] BTC not in short zone — skipping
[2026-04-06 23:44:23] [LONG    ] BTC — no position & BTC not in long zone — skipping
[2026-04-06 23:44:23] [LONG    ] SOL — no position & BTC not in long zone — skipping
[2026-04-06 23:44:23] [LONG    ] HYPE — no position & BTC not in long zone — skipping
[2026-04-06 23:44:23] [LONG    ] XRP — no position & BTC not in long zone — skipping
[2026-04-06 23:44:23] [RUN     ] Sleeping 1 min...
[2026-04-06 23:45:23] [RUN     ] ────────────────────────────────────────────────────────────
[2026-04-06 23:45:23] [MACRO   ] BTC $68819 | 7d-high $70316 short-zone: no | 7d-low $65697 long-zone: no | 4h chg: -1.48%
[2026-04-06 23:45:23] [MACRO   ] SPX $0.28 | 7d-high $0.30 | zone: no
[2026-04-06 23:45:23] [ACCT    ] Value $0.00 | Available $0.00 | Capital used 0.0% / 30%
[2026-04-06 23:45:23] [SHORT   ] BTC not in short zone — skipping
[2026-04-06 23:45:23] [LONG    ] BTC — no position & BTC not in long zone — skipping
[2026-04-06 23:45:23] [LONG    ] SOL — no position & BTC not in long zone — skipping
[2026-04-06 23:45:23] [LONG    ] HYPE — no position & BTC not in long zone — skipping
[2026-04-06 23:45:23] [LONG    ] XRP — no position & BTC not in long zone — skipping
[2026-04-06 23:45:23] [RUN     ] Sleeping 1 min...
[2026-04-06 23:46:23] [RUN     ] ────────────────────────────────────────────────────────────
[2026-04-06 23:46:24] [MACRO   ] BTC $68757 | 7d-high $70316 short-zone: no | 7d-low $65697 long-zone: no | 4h chg: -1.54%
[2026-04-06 23:46:24] [MACRO   ] SPX $0.28 | 7d-high $0.30 | zone: no
[2026-04-06 23:46:24] [ACCT    ] Value $0.00 | Available $0.00 | Capital used 0.0% / 30%
[2026-04-06 23:46:24] [SHORT   ] BTC not in short zone — skipping
[2026-04-06 23:46:24] [LONG    ] BTC — no position & BTC not in long zone — skipping
[2026-04-06 23:46:24] [LONG    ] SOL — no position & BTC not in long zone — skipping
[2026-04-06 23:46:24] [LONG    ] HYPE — no position & BTC not in long zone — skipping
[2026-04-06 23:46:24] [LONG    ] XRP — no position & BTC not in long zone — skipping
[2026-04-06 23:46:24] [RUN     ] Sleeping 1 min...
[2026-04-06 23:47:24] [RUN     ] ────────────────────────────────────────────────────────────
[2026-04-06 23:47:25] [MACRO   ] BTC $68750 | 7d-high $70316 short-zone: no | 7d-low $65697 long-zone: no | 4h chg: -1.58%
[2026-04-06 23:47:25] [MACRO   ] SPX $0.27 | 7d-high $0.30 | zone: no
[2026-04-06 23:47:25] [ACCT    ] Value $0.00 | Available $0.00 | Capital used 0.0% / 30%
[2026-04-06 23:47:25] [SHORT   ] BTC not in short zone — skipping
[2026-04-06 23:47:25] [LONG    ] BTC — no position & BTC not in long zone — skipping
[2026-04-06 23:47:25] [LONG    ] SOL — no position & BTC not in long zone — skipping
[2026-04-06 23:47:25] [LONG    ] HYPE — no position & BTC not in long zone — skipping
[2026-04-06 23:47:25] [LONG    ] XRP — no position & BTC not in long zone — skipping
[2026-04-06 23:47:25] [RUN     ] Sleeping 1 min...
[2026-04-06 23:48:25] [RUN     ] ────────────────────────────────────────────────────────────
[2026-04-06 23:48:26] [MACRO   ] BTC $68827 | 7d-high $70316 short-zone: no | 7d-low $65697 long-zone: no | 4h chg: -1.46%
[2026-04-06 23:48:26] [MACRO   ] SPX $0.28 | 7d-high $0.30 | zone: no
[2026-04-06 23:48:26] [ACCT    ] Value $0.00 | Available $0.00 | Capital used 0.0% / 30%
[2026-04-06 23:48:26] [SHORT   ] BTC not in short zone — skipping
[2026-04-06 23:48:26] [LONG    ] BTC — no position & BTC not in long zone — skipping
[2026-04-06 23:48:26] [LONG    ] SOL — no position & BTC not in long zone — skipping
[2026-04-06 23:48:26] [LONG    ] HYPE — no position & BTC not in long zone — skipping
[2026-04-06 23:48:26] [LONG    ] XRP — no position & BTC not in long zone — skipping
[2026-04-06 23:48:26] [RUN     ] Sleeping 1 min...
[2026-04-06 23:49:26] [RUN     ] ────────────────────────────────────────────────────────────
[2026-04-06 23:49:26] [MACRO   ] BTC $68778 | 7d-high $70316 short-zone: no | 7d-low $65697 long-zone: no | 4h chg: -1.53%
[2026-04-06 23:49:26] [MACRO   ] SPX $0.28 | 7d-high $0.30 | zone: no
[2026-04-06 23:49:26] [ACCT    ] Value $0.00 | Available $0.00 | Capital used 0.0% / 30%
[2026-04-06 23:49:26] [SHORT   ] BTC not in short zone — skipping
[2026-04-06 23:49:26] [LONG    ] BTC — no position & BTC not in long zone — skipping
[2026-04-06 23:49:26] [LONG    ] SOL — no position & BTC not in long zone — skipping
[2026-04-06 23:49:26] [LONG    ] HYPE — no position & BTC not in long zone — skipping
[2026-04-06 23:49:26] [LONG    ] XRP — no position & BTC not in long zone — skipping
[2026-04-06 23:49:26] [RUN     ] Sleeping 1 min...
[2026-04-06 23:50:26] [RUN     ] ────────────────────────────────────────────────────────────
[2026-04-06 23:50:28] [MACRO   ] BTC $68766 | 7d-high $70316 short-zone: no | 7d-low $65697 long-zone: no | 4h chg: -1.55%
[2026-04-06 23:50:28] [MACRO   ] SPX $0.28 | 7d-high $0.30 | zone: no
[2026-04-06 23:50:28] [ACCT    ] Value $0.00 | Available $0.00 | Capital used 0.0% / 30%
[2026-04-06 23:50:28] [SHORT   ] BTC not in short zone — skipping
[2026-04-06 23:50:28] [LONG    ] BTC — no position & BTC not in long zone — skipping
[2026-04-06 23:50:28] [LONG    ] SOL — no position & BTC not in long zone — skipping
[2026-04-06 23:50:28] [LONG    ] HYPE — no position & BTC not in long zone — skipping
[2026-04-06 23:50:28] [LONG    ] XRP — no position & BTC not in long zone — skipping
[2026-04-06 23:50:28] [RUN     ] Sleeping 1 min...
[2026-04-06 23:51:28] [RUN     ] ────────────────────────────────────────────────────────────
[2026-04-06 23:51:29] [MACRO   ] BTC $68800 | 7d-high $70316 short-zone: no | 7d-low $65697 long-zone: no | 4h chg: -1.50%
[2026-04-06 23:51:29] [MACRO   ] SPX $0.28 | 7d-high $0.30 | zone: no
[2026-04-06 23:51:29] [ACCT    ] Value $0.00 | Available $0.00 | Capital used 0.0% / 30%
[2026-04-06 23:51:29] [SHORT   ] BTC not in short zone — skipping
[2026-04-06 23:51:29] [LONG    ] BTC — no position & BTC not in long zone — skipping
[2026-04-06 23:51:29] [LONG    ] SOL — no position & BTC not in long zone — skipping
[2026-04-06 23:51:29] [LONG    ] HYPE — no position & BTC not in long zone — skipping
[2026-04-06 23:51:29] [LONG    ] XRP — no position & BTC not in long zone — skipping
[2026-04-06 23:51:29] [RUN     ] Sleeping 1 min...
[2026-04-06 23:52:29] [RUN     ] ────────────────────────────────────────────────────────────
[2026-04-06 23:52:30] [MACRO   ] BTC $68817 | 7d-high $70316 short-zone: no | 7d-low $65697 long-zone: no | 4h chg: -1.48%
[2026-04-06 23:52:30] [MACRO   ] SPX $0.28 | 7d-high $0.30 | zone: no
[2026-04-06 23:52:30] [ACCT    ] Value $0.00 | Available $0.00 | Capital used 0.0% / 30%
[2026-04-06 23:52:30] [SHORT   ] BTC not in short zone — skipping
[2026-04-06 23:52:30] [LONG    ] BTC — no position & BTC not in long zone — skipping
[2026-04-06 23:52:30] [LONG    ] SOL — no position & BTC not in long zone — skipping
[2026-04-06 23:52:30] [LONG    ] HYPE — no position & BTC not in long zone — skipping
[2026-04-06 23:52:30] [LONG    ] XRP — no position & BTC not in long zone — skipping
[2026-04-06 23:52:30] [RUN     ] Sleeping 1 min...
[2026-04-06 23:53:30] [RUN     ] ────────────────────────────────────────────────────────────
[2026-04-06 23:53:30] [MACRO   ] BTC $68861 | 7d-high $70316 short-zone: no | 7d-low $65697 long-zone: no | 4h chg: -1.43%
[2026-04-06 23:53:30] [MACRO   ] SPX $0.28 | 7d-high $0.30 | zone: no
[2026-04-06 23:53:30] [ACCT    ] Value $0.00 | Available $0.00 | Capital used 0.0% / 30%
[2026-04-06 23:53:30] [SHORT   ] BTC not in short zone — skipping
[2026-04-06 23:53:30] [LONG    ] BTC — no position & BTC not in long zone — skipping
[2026-04-06 23:53:30] [LONG    ] SOL — no position & BTC not in long zone — skipping
[2026-04-06 23:53:30] [LONG    ] HYPE — no position & BTC not in long zone — skipping
[2026-04-06 23:53:30] [LONG    ] XRP — no position & BTC not in long zone — skipping
[2026-04-06 23:53:30] [RUN     ] Sleeping 1 min...
[2026-04-06 23:54:30] [RUN     ] ────────────────────────────────────────────────────────────
[2026-04-06 23:54:31] [MACRO   ] BTC $68816 | 7d-high $70316 short-zone: no | 7d-low $65697 long-zone: no | 4h chg: -1.48%
[2026-04-06 23:54:31] [MACRO   ] SPX $0.27 | 7d-high $0.30 | zone: no
[2026-04-06 23:54:31] [ACCT    ] Value $0.00 | Available $0.00 | Capital used 0.0% / 30%
[2026-04-06 23:54:31] [SHORT   ] BTC not in short zone — skipping
[2026-04-06 23:54:31] [LONG    ] BTC — no position & BTC not in long zone — skipping
[2026-04-06 23:54:31] [LONG    ] SOL — no position & BTC not in long zone — skipping
[2026-04-06 23:54:31] [LONG    ] HYPE — no position & BTC not in long zone — skipping
[2026-04-06 23:54:31] [LONG    ] XRP — no position & BTC not in long zone — skipping
[2026-04-06 23:54:31] [RUN     ] Sleeping 1 min...
[2026-04-06 23:55:31] [RUN     ] ────────────────────────────────────────────────────────────
[2026-04-06 23:55:32] [MACRO   ] BTC $68865 | 7d-high $70316 short-zone: no | 7d-low $65697 long-zone: no | 4h chg: -1.41%
[2026-04-06 23:55:32] [MACRO   ] SPX $0.27 | 7d-high $0.30 | zone: no
[2026-04-06 23:55:32] [ACCT    ] Value $0.00 | Available $0.00 | Capital used 0.0% / 30%
[2026-04-06 23:55:32] [SHORT   ] BTC not in short zone — skipping
[2026-04-06 23:55:32] [LONG    ] BTC — no position & BTC not in long zone — skipping
[2026-04-06 23:55:32] [LONG    ] SOL — no position & BTC not in long zone — skipping
[2026-04-06 23:55:32] [LONG    ] HYPE — no position & BTC not in long zone — skipping
[2026-04-06 23:55:32] [LONG    ] XRP — no position & BTC not in long zone — skipping
[2026-04-06 23:55:32] [RUN     ] Sleeping 1 min...
[2026-04-06 23:56:32] [RUN     ] ────────────────────────────────────────────────────────────
[2026-04-06 23:56:33] [MACRO   ] BTC $68849 | 7d-high $70316 short-zone: no | 7d-low $65697 long-zone: no | 4h chg: -1.43%
[2026-04-06 23:56:33] [MACRO   ] SPX $0.27 | 7d-high $0.30 | zone: no
[2026-04-06 23:56:33] [ACCT    ] Value $0.00 | Available $0.00 | Capital used 0.0% / 30%
[2026-04-06 23:56:33] [SHORT   ] BTC not in short zone — skipping
[2026-04-06 23:56:33] [LONG    ] BTC — no position & BTC not in long zone — skipping
[2026-04-06 23:56:33] [LONG    ] SOL — no position & BTC not in long zone — skipping
[2026-04-06 23:56:33] [LONG    ] HYPE — no position & BTC not in long zone — skipping
[2026-04-06 23:56:33] [LONG    ] XRP — no position & BTC not in long zone — skipping
[2026-04-06 23:56:33] [RUN     ] Sleeping 1 min...
[2026-04-06 23:57:33] [RUN     ] ────────────────────────────────────────────────────────────
[2026-04-06 23:57:34] [MACRO   ] BTC $68860 | 7d-high $70316 short-zone: no | 7d-low $65697 long-zone: no | 4h chg: -1.42%
[2026-04-06 23:57:34] [MACRO   ] SPX $0.27 | 7d-high $0.30 | zone: no
[2026-04-06 23:57:34] [ACCT    ] Value $0.00 | Available $0.00 | Capital used 0.0% / 30%
[2026-04-06 23:57:34] [SHORT   ] BTC not in short zone — skipping
[2026-04-06 23:57:34] [LONG    ] BTC — no position & BTC not in long zone — skipping
[2026-04-06 23:57:34] [LONG    ] SOL — no position & BTC not in long zone — skipping
[2026-04-06 23:57:34] [LONG    ] HYPE — no position & BTC not in long zone — skipping
[2026-04-06 23:57:34] [LONG    ] XRP — no position & BTC not in long zone — skipping
[2026-04-06 23:57:34] [RUN     ] Sleeping 1 min...
[2026-04-06 23:58:34] [RUN     ] ────────────────────────────────────────────────────────────
[2026-04-06 23:58:34] [MACRO   ] BTC $68855 | 7d-high $70316 short-zone: no | 7d-low $65697 long-zone: no | 4h chg: -1.42%
[2026-04-06 23:58:34] [MACRO   ] SPX $0.27 | 7d-high $0.30 | zone: no
[2026-04-06 23:58:34] [ACCT    ] Value $0.00 | Available $0.00 | Capital used 0.0% / 30%
[2026-04-06 23:58:34] [SHORT   ] BTC not in short zone — skipping
[2026-04-06 23:58:34] [LONG    ] BTC — no position & BTC not in long zone — skipping
[2026-04-06 23:58:34] [LONG    ] SOL — no position & BTC not in long zone — skipping
[2026-04-06 23:58:34] [LONG    ] HYPE — no position & BTC not in long zone — skipping
[2026-04-06 23:58:34] [LONG    ] XRP — no position & BTC not in long zone — skipping
[2026-04-06 23:58:34] [RUN     ] Sleeping 1 min...
[2026-04-06 23:59:34] [RUN     ] ────────────────────────────────────────────────────────────
[2026-04-06 23:59:35] [MACRO   ] BTC $68815 | 7d-high $70316 short-zone: no | 7d-low $65697 long-zone: no | 4h chg: -1.48%
[2026-04-06 23:59:35] [MACRO   ] SPX $0.27 | 7d-high $0.30 | zone: no
[2026-04-06 23:59:35] [ACCT    ] Value $0.00 | Available $0.00 | Capital used 0.0% / 30%
[2026-04-06 23:59:35] [SHORT   ] BTC not in short zone — skipping
[2026-04-06 23:59:35] [LONG    ] BTC — no position & BTC not in long zone — skipping
[2026-04-06 23:59:35] [LONG    ] SOL — no position & BTC not in long zone — skipping
[2026-04-06 23:59:35] [LONG    ] HYPE — no position & BTC not in long zone — skipping
[2026-04-06 23:59:35] [LONG    ] XRP — no position & BTC not in long zone — skipping
[2026-04-06 23:59:35] [RUN     ] Sleeping 1 min...
