[2026-04-07 00:00:35] [RUN     ] ────────────────────────────────────────────────────────────
[2026-04-07 00:00:36] [MACRO   ] BTC $68793 | 7d-high $70316 short-zone: no | 7d-low $65697 long-zone: no | 4h chg: -1.31%
[2026-04-07 00:00:36] [MACRO   ] SPX $0.27 | 7d-high $0.30 | zone: no
[2026-04-07 00:00:36] [ACCT    ] Value $0.00 | Available $0.00 | Capital used 0.0% / 30%
[2026-04-07 00:00:36] [SHORT   ] BTC not in short zone — skipping
[2026-04-07 00:00:36] [LONG    ] BTC — no position & BTC not in long zone — skipping
[2026-04-07 00:00:36] [LONG    ] SOL — no position & BTC not in long zone — skipping
[2026-04-07 00:00:36] [LONG    ] HYPE — no position & BTC not in long zone — skipping
[2026-04-07 00:00:36] [LONG    ] XRP — no position & BTC not in long zone — skipping
[2026-04-07 00:00:36] [RUN     ] Sleeping 1 min...
[2026-04-07 00:01:36] [RUN     ] ────────────────────────────────────────────────────────────
[2026-04-07 00:01:36] [MACRO   ] BTC $68892 | 7d-high $70316 short-zone: no | 7d-low $65697 long-zone: no | 4h chg: -1.17%
[2026-04-07 00:01:36] [MACRO   ] SPX $0.28 | 7d-high $0.30 | zone: no
[2026-04-07 00:01:36] [ACCT    ] Value $0.00 | Available $0.00 | Capital used 0.0% / 30%
[2026-04-07 00:01:36] [SHORT   ] BTC not in short zone — skipping
[2026-04-07 00:01:36] [LONG    ] BTC — no position & BTC not in long zone — skipping
[2026-04-07 00:01:36] [LONG    ] SOL — no position & BTC not in long zone — skipping
[2026-04-07 00:01:36] [LONG    ] HYPE — no position & BTC not in long zone — skipping
[2026-04-07 00:01:36] [LONG    ] XRP — no position & BTC not in long zone — skipping
[2026-04-07 00:01:36] [RUN     ] Sleeping 1 min...
[2026-04-07 00:02:37] [RUN     ] ────────────────────────────────────────────────────────────
[2026-04-07 00:02:38] [MACRO   ] BTC $68827 | 7d-high $70316 short-zone: no | 7d-low $65697 long-zone: no | 4h chg: -1.26%
[2026-04-07 00:02:38] [MACRO   ] SPX $0.28 | 7d-high $0.30 | zone: no
[2026-04-07 00:02:38] [ACCT    ] Value $0.00 | Available $0.00 | Capital used 0.0% / 30%
[2026-04-07 00:02:38] [SHORT   ] BTC not in short zone — skipping
[2026-04-07 00:02:38] [LONG    ] BTC — no position & BTC not in long zone — skipping
[2026-04-07 00:02:38] [LONG    ] SOL — no position & BTC not in long zone — skipping
[2026-04-07 00:02:38] [LONG    ] HYPE — no position & BTC not in long zone — skipping
[2026-04-07 00:02:38] [LONG    ] XRP — no position & BTC not in long zone — skipping
[2026-04-07 00:02:38] [RUN     ] Sleeping 1 min...
[2026-04-07 00:03:38] [RUN     ] ────────────────────────────────────────────────────────────
[2026-04-07 00:03:39] [MACRO   ] BTC $68862 | 7d-high $70316 short-zone: no | 7d-low $65697 long-zone: no | 4h chg: -1.21%
[2026-04-07 00:03:39] [MACRO   ] SPX $0.28 | 7d-high $0.30 | zone: no
[2026-04-07 00:03:39] [ACCT    ] Value $0.00 | Available $0.00 | Capital used 0.0% / 30%
[2026-04-07 00:03:39] [SHORT   ] BTC not in short zone — skipping
[2026-04-07 00:03:39] [LONG    ] BTC — no position & BTC not in long zone — skipping
[2026-04-07 00:03:39] [LONG    ] SOL — no position & BTC not in long zone — skipping
[2026-04-07 00:03:39] [LONG    ] HYPE — no position & BTC not in long zone — skipping
[2026-04-07 00:03:39] [LONG    ] XRP — no position & BTC not in long zone — skipping
[2026-04-07 00:03:39] [RUN     ] Sleeping 1 min...
[2026-04-07 00:04:39] [RUN     ] ────────────────────────────────────────────────────────────
[2026-04-07 00:04:39] [MACRO   ] BTC $68905 | 7d-high $70316 short-zone: no | 7d-low $65697 long-zone: no | 4h chg: -1.13%
[2026-04-07 00:04:39] [MACRO   ] SPX $0.28 | 7d-high $0.30 | zone: no
[2026-04-07 00:04:39] [ACCT    ] Value $0.00 | Available $0.00 | Capital used 0.0% / 30%
[2026-04-07 00:04:39] [SHORT   ] BTC not in short zone — skipping
[2026-04-07 00:04:39] [LONG    ] BTC — no position & BTC not in long zone — skipping
[2026-04-07 00:04:39] [LONG    ] SOL — no position & BTC not in long zone — skipping
[2026-04-07 00:04:39] [LONG    ] HYPE — no position & BTC not in long zone — skipping
[2026-04-07 00:04:39] [LONG    ] XRP — no position & BTC not in long zone — skipping
[2026-04-07 00:04:39] [RUN     ] Sleeping 1 min...
[2026-04-07 00:05:39] [RUN     ] ────────────────────────────────────────────────────────────
[2026-04-07 00:05:40] [MACRO   ] BTC $68966 | 7d-high $70316 short-zone: no | 7d-low $65697 long-zone: no | 4h chg: -1.06%
[2026-04-07 00:05:40] [MACRO   ] SPX $0.28 | 7d-high $0.30 | zone: no
[2026-04-07 00:05:40] [ACCT    ] Value $0.00 | Available $0.00 | Capital used 0.0% / 30%
[2026-04-07 00:05:40] [SHORT   ] BTC not in short zone — skipping
[2026-04-07 00:05:40] [LONG    ] BTC — no position & BTC not in long zone — skipping
[2026-04-07 00:05:40] [LONG    ] SOL — no position & BTC not in long zone — skipping
[2026-04-07 00:05:40] [LONG    ] HYPE — no position & BTC not in long zone — skipping
[2026-04-07 00:05:40] [LONG    ] XRP — no position & BTC not in long zone — skipping
[2026-04-07 00:05:40] [RUN     ] Sleeping 1 min...
[2026-04-07 00:06:40] [RUN     ] ────────────────────────────────────────────────────────────
[2026-04-07 00:06:41] [MACRO   ] BTC $69044 | 7d-high $70316 short-zone: no | 7d-low $65697 long-zone: no | 4h chg: -0.95%
[2026-04-07 00:06:41] [MACRO   ] SPX $0.28 | 7d-high $0.30 | zone: no
[2026-04-07 00:06:41] [ACCT    ] Value $0.00 | Available $0.00 | Capital used 0.0% / 30%
[2026-04-07 00:06:41] [SHORT   ] BTC not in short zone — skipping
[2026-04-07 00:06:41] [LONG    ] BTC — no position & BTC not in long zone — skipping
[2026-04-07 00:06:41] [LONG    ] SOL — no position & BTC not in long zone — skipping
[2026-04-07 00:06:41] [LONG    ] HYPE — no position & BTC not in long zone — skipping
[2026-04-07 00:06:41] [LONG    ] XRP — no position & BTC not in long zone — skipping
[2026-04-07 00:06:41] [RUN     ] Sleeping 1 min...
[2026-04-07 00:07:41] [RUN     ] ────────────────────────────────────────────────────────────
[2026-04-07 00:07:42] [MACRO   ] BTC $68940 | 7d-high $70316 short-zone: no | 7d-low $65697 long-zone: no | 4h chg: -1.10%
[2026-04-07 00:07:42] [MACRO   ] SPX $0.28 | 7d-high $0.30 | zone: no
[2026-04-07 00:07:42] [ACCT    ] Value $0.00 | Available $0.00 | Capital used 0.0% / 30%
[2026-04-07 00:07:42] [SHORT   ] BTC not in short zone — skipping
[2026-04-07 00:07:42] [LONG    ] BTC — no position & BTC not in long zone — skipping
[2026-04-07 00:07:42] [LONG    ] SOL — no position & BTC not in long zone — skipping
[2026-04-07 00:07:42] [LONG    ] HYPE — no position & BTC not in long zone — skipping
[2026-04-07 00:07:42] [LONG    ] XRP — no position & BTC not in long zone — skipping
[2026-04-07 00:07:42] [RUN     ] Sleeping 1 min...
[2026-04-07 00:08:42] [RUN     ] ────────────────────────────────────────────────────────────
[2026-04-07 00:08:42] [MACRO   ] BTC $68906 | 7d-high $70316 short-zone: no | 7d-low $65697 long-zone: no | 4h chg: -1.14%
[2026-04-07 00:08:42] [MACRO   ] SPX $0.28 | 7d-high $0.30 | zone: no
[2026-04-07 00:08:42] [ACCT    ] Value $0.00 | Available $0.00 | Capital used 0.0% / 30%
[2026-04-07 00:08:42] [SHORT   ] BTC not in short zone — skipping
[2026-04-07 00:08:42] [LONG    ] BTC — no position & BTC not in long zone — skipping
[2026-04-07 00:08:42] [LONG    ] SOL — no position & BTC not in long zone — skipping
[2026-04-07 00:08:42] [LONG    ] HYPE — no position & BTC not in long zone — skipping
[2026-04-07 00:08:42] [LONG    ] XRP — no position & BTC not in long zone — skipping
[2026-04-07 00:08:42] [RUN     ] Sleeping 1 min...
[2026-04-07 00:09:42] [RUN     ] ────────────────────────────────────────────────────────────
[2026-04-07 00:09:43] [MACRO   ] BTC $68897 | 7d-high $70316 short-zone: no | 7d-low $65697 long-zone: no | 4h chg: -1.16%
[2026-04-07 00:09:43] [MACRO   ] SPX $0.28 | 7d-high $0.30 | zone: no
[2026-04-07 00:09:43] [ACCT    ] Value $0.00 | Available $0.00 | Capital used 0.0% / 30%
[2026-04-07 00:09:43] [SHORT   ] BTC not in short zone — skipping
[2026-04-07 00:09:43] [LONG    ] BTC — no position & BTC not in long zone — skipping
[2026-04-07 00:09:43] [LONG    ] SOL — no position & BTC not in long zone — skipping
[2026-04-07 00:09:43] [LONG    ] HYPE — no position & BTC not in long zone — skipping
[2026-04-07 00:09:43] [LONG    ] XRP — no position & BTC not in long zone — skipping
[2026-04-07 00:09:43] [RUN     ] Sleeping 1 min...
[2026-04-07 00:10:43] [RUN     ] ────────────────────────────────────────────────────────────
[2026-04-07 00:10:44] [MACRO   ] BTC $68896 | 7d-high $70316 short-zone: no | 7d-low $65697 long-zone: no | 4h chg: -1.16%
[2026-04-07 00:10:44] [MACRO   ] SPX $0.28 | 7d-high $0.30 | zone: no
[2026-04-07 00:10:44] [ACCT    ] Value $0.00 | Available $0.00 | Capital used 0.0% / 30%
[2026-04-07 00:10:44] [SHORT   ] BTC not in short zone — skipping
[2026-04-07 00:10:44] [LONG    ] BTC — no position & BTC not in long zone — skipping
[2026-04-07 00:10:44] [LONG    ] SOL — no position & BTC not in long zone — skipping
[2026-04-07 00:10:44] [LONG    ] HYPE — no position & BTC not in long zone — skipping
[2026-04-07 00:10:44] [LONG    ] XRP — no position & BTC not in long zone — skipping
[2026-04-07 00:10:44] [RUN     ] Sleeping 1 min...
[2026-04-07 00:11:44] [RUN     ] ────────────────────────────────────────────────────────────
[2026-04-07 00:11:45] [MACRO   ] BTC $68887 | 7d-high $70316 short-zone: no | 7d-low $65697 long-zone: no | 4h chg: -1.17%
[2026-04-07 00:11:45] [MACRO   ] SPX $0.28 | 7d-high $0.30 | zone: no
[2026-04-07 00:11:45] [ACCT    ] Value $0.00 | Available $0.00 | Capital used 0.0% / 30%
[2026-04-07 00:11:45] [SHORT   ] BTC not in short zone — skipping
[2026-04-07 00:11:45] [LONG    ] BTC — no position & BTC not in long zone — skipping
[2026-04-07 00:11:45] [LONG    ] SOL — no position & BTC not in long zone — skipping
[2026-04-07 00:11:45] [LONG    ] HYPE — no position & BTC not in long zone — skipping
[2026-04-07 00:11:45] [LONG    ] XRP — no position & BTC not in long zone — skipping
[2026-04-07 00:11:45] [RUN     ] Sleeping 1 min...
[2026-04-07 00:12:45] [RUN     ] ────────────────────────────────────────────────────────────
[2026-04-07 00:12:46] [MACRO   ] BTC $68854 | 7d-high $70316 short-zone: no | 7d-low $65697 long-zone: no | 4h chg: -1.22%
[2026-04-07 00:12:46] [MACRO   ] SPX $0.28 | 7d-high $0.30 | zone: no
[2026-04-07 00:12:46] [ACCT    ] Value $0.00 | Available $0.00 | Capital used 0.0% / 30%
[2026-04-07 00:12:46] [SHORT   ] BTC not in short zone — skipping
[2026-04-07 00:12:46] [LONG    ] BTC — no position & BTC not in long zone — skipping
[2026-04-07 00:12:46] [LONG    ] SOL — no position & BTC not in long zone — skipping
[2026-04-07 00:12:46] [LONG    ] HYPE — no position & BTC not in long zone — skipping
[2026-04-07 00:12:46] [LONG    ] XRP — no position & BTC not in long zone — skipping
[2026-04-07 00:12:46] [RUN     ] Sleeping 1 min...
[2026-04-07 00:13:46] [RUN     ] ────────────────────────────────────────────────────────────
[2026-04-07 00:13:46] [MACRO   ] BTC $68941 | 7d-high $70316 short-zone: no | 7d-low $65697 long-zone: no | 4h chg: -1.10%
[2026-04-07 00:13:46] [MACRO   ] SPX $0.28 | 7d-high $0.30 | zone: no
[2026-04-07 00:13:46] [ACCT    ] Value $0.00 | Available $0.00 | Capital used 0.0% / 30%
[2026-04-07 00:13:46] [SHORT   ] BTC not in short zone — skipping
[2026-04-07 00:13:46] [LONG    ] BTC — no position & BTC not in long zone — skipping
[2026-04-07 00:13:46] [LONG    ] SOL — no position & BTC not in long zone — skipping
[2026-04-07 00:13:46] [LONG    ] HYPE — no position & BTC not in long zone — skipping
[2026-04-07 00:13:46] [LONG    ] XRP — no position & BTC not in long zone — skipping
[2026-04-07 00:13:46] [RUN     ] Sleeping 1 min...
[2026-04-07 00:14:46] [RUN     ] ────────────────────────────────────────────────────────────
[2026-04-07 00:14:47] [MACRO   ] BTC $68934 | 7d-high $70316 short-zone: no | 7d-low $65697 long-zone: no | 4h chg: -1.11%
[2026-04-07 00:14:47] [MACRO   ] SPX $0.28 | 7d-high $0.30 | zone: no
[2026-04-07 00:14:47] [ACCT    ] Value $0.00 | Available $0.00 | Capital used 0.0% / 30%
[2026-04-07 00:14:47] [SHORT   ] BTC not in short zone — skipping
[2026-04-07 00:14:47] [LONG    ] BTC — no position & BTC not in long zone — skipping
[2026-04-07 00:14:47] [LONG    ] SOL — no position & BTC not in long zone — skipping
[2026-04-07 00:14:47] [LONG    ] HYPE — no position & BTC not in long zone — skipping
[2026-04-07 00:14:47] [LONG    ] XRP — no position & BTC not in long zone — skipping
[2026-04-07 00:14:47] [RUN     ] Sleeping 1 min...
[2026-04-07 00:15:47] [RUN     ] ────────────────────────────────────────────────────────────
[2026-04-07 00:15:48] [MACRO   ] BTC $69000 | 7d-high $70316 short-zone: no | 7d-low $65697 long-zone: no | 4h chg: -1.01%
[2026-04-07 00:15:48] [MACRO   ] SPX $0.28 | 7d-high $0.30 | zone: no
[2026-04-07 00:15:48] [ACCT    ] Value $0.00 | Available $0.00 | Capital used 0.0% / 30%
[2026-04-07 00:15:48] [SHORT   ] BTC not in short zone — skipping
[2026-04-07 00:15:48] [LONG    ] BTC — no position & BTC not in long zone — skipping
[2026-04-07 00:15:48] [LONG    ] SOL — no position & BTC not in long zone — skipping
[2026-04-07 00:15:48] [LONG    ] HYPE — no position & BTC not in long zone — skipping
[2026-04-07 00:15:48] [LONG    ] XRP — no position & BTC not in long zone — skipping
[2026-04-07 00:15:48] [RUN     ] Sleeping 1 min...
[2026-04-07 00:16:48] [RUN     ] ────────────────────────────────────────────────────────────
[2026-04-07 00:16:49] [MACRO   ] BTC $69027 | 7d-high $70316 short-zone: no | 7d-low $65697 long-zone: no | 4h chg: -0.98%
[2026-04-07 00:16:49] [MACRO   ] SPX $0.28 | 7d-high $0.30 | zone: no
[2026-04-07 00:16:49] [ACCT    ] Value $0.00 | Available $0.00 | Capital used 0.0% / 30%
[2026-04-07 00:16:49] [SHORT   ] BTC not in short zone — skipping
[2026-04-07 00:16:49] [LONG    ] BTC — no position & BTC not in long zone — skipping
[2026-04-07 00:16:49] [LONG    ] SOL — no position & BTC not in long zone — skipping
[2026-04-07 00:16:49] [LONG    ] HYPE — no position & BTC not in long zone — skipping
[2026-04-07 00:16:49] [LONG    ] XRP — no position & BTC not in long zone — skipping
[2026-04-07 00:16:49] [RUN     ] Sleeping 1 min...
[2026-04-07 00:17:49] [RUN     ] ────────────────────────────────────────────────────────────
[2026-04-07 00:17:50] [MACRO   ] BTC $68985 | 7d-high $70316 short-zone: no | 7d-low $65697 long-zone: no | 4h chg: -1.03%
[2026-04-07 00:17:50] [MACRO   ] SPX $0.28 | 7d-high $0.30 | zone: no
[2026-04-07 00:17:50] [ACCT    ] Value $0.00 | Available $0.00 | Capital used 0.0% / 30%
[2026-04-07 00:17:50] [SHORT   ] BTC not in short zone — skipping
[2026-04-07 00:17:50] [LONG    ] BTC — no position & BTC not in long zone — skipping
[2026-04-07 00:17:50] [LONG    ] SOL — no position & BTC not in long zone — skipping
[2026-04-07 00:17:50] [LONG    ] HYPE — no position & BTC not in long zone — skipping
[2026-04-07 00:17:50] [LONG    ] XRP — no position & BTC not in long zone — skipping
[2026-04-07 00:17:50] [RUN     ] Sleeping 1 min...
[2026-04-07 00:18:50] [RUN     ] ────────────────────────────────────────────────────────────
[2026-04-07 00:18:50] [MACRO   ] BTC $68969 | 7d-high $70316 short-zone: no | 7d-low $65697 long-zone: no | 4h chg: -1.05%
[2026-04-07 00:18:50] [MACRO   ] SPX $0.28 | 7d-high $0.30 | zone: no
[2026-04-07 00:18:50] [ACCT    ] Value $0.00 | Available $0.00 | Capital used 0.0% / 30%
[2026-04-07 00:18:50] [SHORT   ] BTC not in short zone — skipping
[2026-04-07 00:18:50] [LONG    ] BTC — no position & BTC not in long zone — skipping
[2026-04-07 00:18:50] [LONG    ] SOL — no position & BTC not in long zone — skipping
[2026-04-07 00:18:50] [LONG    ] HYPE — no position & BTC not in long zone — skipping
[2026-04-07 00:18:50] [LONG    ] XRP — no position & BTC not in long zone — skipping
[2026-04-07 00:18:50] [RUN     ] Sleeping 1 min...
[2026-04-07 00:19:51] [RUN     ] ────────────────────────────────────────────────────────────
[2026-04-07 00:19:51] [MACRO   ] BTC $68958 | 7d-high $70316 short-zone: no | 7d-low $65697 long-zone: no | 4h chg: -1.08%
[2026-04-07 00:19:51] [MACRO   ] SPX $0.28 | 7d-high $0.30 | zone: no
[2026-04-07 00:19:51] [ACCT    ] Value $0.00 | Available $0.00 | Capital used 0.0% / 30%
[2026-04-07 00:19:51] [SHORT   ] BTC not in short zone — skipping
[2026-04-07 00:19:51] [LONG    ] BTC — no position & BTC not in long zone — skipping
[2026-04-07 00:19:51] [LONG    ] SOL — no position & BTC not in long zone — skipping
[2026-04-07 00:19:51] [LONG    ] HYPE — no position & BTC not in long zone — skipping
[2026-04-07 00:19:51] [LONG    ] XRP — no position & BTC not in long zone — skipping
[2026-04-07 00:19:51] [RUN     ] Sleeping 1 min...
[2026-04-07 00:20:51] [RUN     ] ────────────────────────────────────────────────────────────
[2026-04-07 00:20:52] [MACRO   ] BTC $68895 | 7d-high $70316 short-zone: no | 7d-low $65697 long-zone: no | 4h chg: -1.16%
[2026-04-07 00:20:52] [MACRO   ] SPX $0.28 | 7d-high $0.30 | zone: no
[2026-04-07 00:20:52] [ACCT    ] Value $0.00 | Available $0.00 | Capital used 0.0% / 30%
[2026-04-07 00:20:52] [SHORT   ] BTC not in short zone — skipping
[2026-04-07 00:20:52] [LONG    ] BTC — no position & BTC not in long zone — skipping
[2026-04-07 00:20:52] [LONG    ] SOL — no position & BTC not in long zone — skipping
[2026-04-07 00:20:52] [LONG    ] HYPE — no position & BTC not in long zone — skipping
[2026-04-07 00:20:52] [LONG    ] XRP — no position & BTC not in long zone — skipping
[2026-04-07 00:20:52] [RUN     ] Sleeping 1 min...
[2026-04-07 00:21:52] [RUN     ] ────────────────────────────────────────────────────────────
[2026-04-07 00:21:53] [MACRO   ] BTC $68947 | 7d-high $70316 short-zone: no | 7d-low $65697 long-zone: no | 4h chg: -1.09%
[2026-04-07 00:21:53] [MACRO   ] SPX $0.28 | 7d-high $0.30 | zone: no
[2026-04-07 00:21:53] [ACCT    ] Value $0.00 | Available $0.00 | Capital used 0.0% / 30%
[2026-04-07 00:21:53] [SHORT   ] BTC not in short zone — skipping
[2026-04-07 00:21:53] [LONG    ] BTC — no position & BTC not in long zone — skipping
[2026-04-07 00:21:53] [LONG    ] SOL — no position & BTC not in long zone — skipping
[2026-04-07 00:21:53] [LONG    ] HYPE — no position & BTC not in long zone — skipping
[2026-04-07 00:21:53] [LONG    ] XRP — no position & BTC not in long zone — skipping
[2026-04-07 00:21:53] [RUN     ] Sleeping 1 min...
[2026-04-07 00:22:53] [RUN     ] ────────────────────────────────────────────────────────────
[2026-04-07 00:22:54] [MACRO   ] BTC $68897 | 7d-high $70316 short-zone: no | 7d-low $65697 long-zone: no | 4h chg: -1.17%
[2026-04-07 00:22:54] [MACRO   ] SPX $0.28 | 7d-high $0.30 | zone: no
[2026-04-07 00:22:54] [ACCT    ] Value $0.00 | Available $0.00 | Capital used 0.0% / 30%
[2026-04-07 00:22:54] [SHORT   ] BTC not in short zone — skipping
[2026-04-07 00:22:54] [LONG    ] BTC — no position & BTC not in long zone — skipping
[2026-04-07 00:22:54] [LONG    ] SOL — no position & BTC not in long zone — skipping
[2026-04-07 00:22:54] [LONG    ] HYPE — no position & BTC not in long zone — skipping
[2026-04-07 00:22:54] [LONG    ] XRP — no position & BTC not in long zone — skipping
[2026-04-07 00:22:54] [RUN     ] Sleeping 1 min...
[2026-04-07 00:23:54] [RUN     ] ────────────────────────────────────────────────────────────
[2026-04-07 00:23:54] [MACRO   ] BTC $68843 | 7d-high $70316 short-zone: no | 7d-low $65697 long-zone: no | 4h chg: -1.24%
[2026-04-07 00:23:54] [MACRO   ] SPX $0.28 | 7d-high $0.30 | zone: no
[2026-04-07 00:23:54] [ACCT    ] Value $0.00 | Available $0.00 | Capital used 0.0% / 30%
[2026-04-07 00:23:54] [SHORT   ] BTC not in short zone — skipping
[2026-04-07 00:23:54] [LONG    ] BTC — no position & BTC not in long zone — skipping
[2026-04-07 00:23:54] [LONG    ] SOL — no position & BTC not in long zone — skipping
[2026-04-07 00:23:54] [LONG    ] HYPE — no position & BTC not in long zone — skipping
[2026-04-07 00:23:54] [LONG    ] XRP — no position & BTC not in long zone — skipping
[2026-04-07 00:23:54] [RUN     ] Sleeping 1 min...
[2026-04-07 00:24:54] [RUN     ] ────────────────────────────────────────────────────────────
[2026-04-07 00:24:55] [MACRO   ] BTC $68902 | 7d-high $70316 short-zone: no | 7d-low $65697 long-zone: no | 4h chg: -1.15%
[2026-04-07 00:24:55] [MACRO   ] SPX $0.28 | 7d-high $0.30 | zone: no
[2026-04-07 00:24:55] [ACCT    ] Value $0.00 | Available $0.00 | Capital used 0.0% / 30%
[2026-04-07 00:24:55] [SHORT   ] BTC not in short zone — skipping
[2026-04-07 00:24:55] [LONG    ] BTC — no position & BTC not in long zone — skipping
[2026-04-07 00:24:55] [LONG    ] SOL — no position & BTC not in long zone — skipping
[2026-04-07 00:24:55] [LONG    ] HYPE — no position & BTC not in long zone — skipping
[2026-04-07 00:24:55] [LONG    ] XRP — no position & BTC not in long zone — skipping
[2026-04-07 00:24:55] [RUN     ] Sleeping 1 min...
[2026-04-07 00:25:55] [RUN     ] ────────────────────────────────────────────────────────────
[2026-04-07 00:25:56] [MACRO   ] BTC $68896 | 7d-high $70316 short-zone: no | 7d-low $65697 long-zone: no | 4h chg: -1.16%
[2026-04-07 00:25:56] [MACRO   ] SPX $0.28 | 7d-high $0.30 | zone: no
[2026-04-07 00:25:56] [ACCT    ] Value $0.00 | Available $0.00 | Capital used 0.0% / 30%
[2026-04-07 00:25:56] [SHORT   ] BTC not in short zone — skipping
[2026-04-07 00:25:56] [LONG    ] BTC — no position & BTC not in long zone — skipping
[2026-04-07 00:25:56] [LONG    ] SOL — no position & BTC not in long zone — skipping
[2026-04-07 00:25:56] [LONG    ] HYPE — no position & BTC not in long zone — skipping
[2026-04-07 00:25:56] [LONG    ] XRP — no position & BTC not in long zone — skipping
[2026-04-07 00:25:56] [RUN     ] Sleeping 1 min...
[2026-04-07 00:26:56] [RUN     ] ────────────────────────────────────────────────────────────
[2026-04-07 00:26:57] [MACRO   ] BTC $68846 | 7d-high $70316 short-zone: no | 7d-low $65697 long-zone: no | 4h chg: -1.23%
[2026-04-07 00:26:57] [MACRO   ] SPX $0.28 | 7d-high $0.30 | zone: no
[2026-04-07 00:26:57] [ACCT    ] Value $0.00 | Available $0.00 | Capital used 0.0% / 30%
[2026-04-07 00:26:57] [SHORT   ] BTC not in short zone — skipping
[2026-04-07 00:26:57] [LONG    ] BTC — no position & BTC not in long zone — skipping
[2026-04-07 00:26:57] [LONG    ] SOL — no position & BTC not in long zone — skipping
[2026-04-07 00:26:57] [LONG    ] HYPE — no position & BTC not in long zone — skipping
[2026-04-07 00:26:57] [LONG    ] XRP — no position & BTC not in long zone — skipping
[2026-04-07 00:26:57] [RUN     ] Sleeping 1 min...
[2026-04-07 00:27:57] [RUN     ] ────────────────────────────────────────────────────────────
[2026-04-07 00:27:57] [MACRO   ] BTC $68855 | 7d-high $70316 short-zone: no | 7d-low $65697 long-zone: no | 4h chg: -1.22%
[2026-04-07 00:27:57] [MACRO   ] SPX $0.28 | 7d-high $0.30 | zone: no
[2026-04-07 00:27:57] [ACCT    ] Value $0.00 | Available $0.00 | Capital used 0.0% / 30%
[2026-04-07 00:27:57] [SHORT   ] BTC not in short zone — skipping
[2026-04-07 00:27:57] [LONG    ] BTC — no position & BTC not in long zone — skipping
[2026-04-07 00:27:57] [LONG    ] SOL — no position & BTC not in long zone — skipping
[2026-04-07 00:27:57] [LONG    ] HYPE — no position & BTC not in long zone — skipping
[2026-04-07 00:27:57] [LONG    ] XRP — no position & BTC not in long zone — skipping
[2026-04-07 00:27:57] [RUN     ] Sleeping 1 min...
[2026-04-07 00:28:57] [RUN     ] ────────────────────────────────────────────────────────────
[2026-04-07 00:28:58] [MACRO   ] BTC $68892 | 7d-high $70316 short-zone: no | 7d-low $65697 long-zone: no | 4h chg: -1.17%
[2026-04-07 00:28:58] [MACRO   ] SPX $0.28 | 7d-high $0.30 | zone: no
[2026-04-07 00:28:58] [ACCT    ] Value $0.00 | Available $0.00 | Capital used 0.0% / 30%
[2026-04-07 00:28:58] [SHORT   ] BTC not in short zone — skipping
[2026-04-07 00:28:58] [LONG    ] BTC — no position & BTC not in long zone — skipping
[2026-04-07 00:28:58] [LONG    ] SOL — no position & BTC not in long zone — skipping
[2026-04-07 00:28:58] [LONG    ] HYPE — no position & BTC not in long zone — skipping
[2026-04-07 00:28:58] [LONG    ] XRP — no position & BTC not in long zone — skipping
[2026-04-07 00:28:58] [RUN     ] Sleeping 1 min...
[2026-04-07 00:29:58] [RUN     ] ────────────────────────────────────────────────────────────
[2026-04-07 00:29:59] [MACRO   ] BTC $68886 | 7d-high $70316 short-zone: no | 7d-low $65697 long-zone: no | 4h chg: -1.17%
[2026-04-07 00:29:59] [MACRO   ] SPX $0.28 | 7d-high $0.30 | zone: no
[2026-04-07 00:29:59] [ACCT    ] Value $0.00 | Available $0.00 | Capital used 0.0% / 30%
[2026-04-07 00:29:59] [SHORT   ] BTC not in short zone — skipping
[2026-04-07 00:29:59] [LONG    ] BTC — no position & BTC not in long zone — skipping
[2026-04-07 00:29:59] [LONG    ] SOL — no position & BTC not in long zone — skipping
[2026-04-07 00:29:59] [LONG    ] HYPE — no position & BTC not in long zone — skipping
[2026-04-07 00:29:59] [LONG    ] XRP — no position & BTC not in long zone — skipping
[2026-04-07 00:29:59] [RUN     ] Sleeping 1 min...
[2026-04-07 00:30:59] [RUN     ] ────────────────────────────────────────────────────────────
[2026-04-07 00:30:59] [MACRO   ] BTC $68925 | 7d-high $70316 short-zone: no | 7d-low $65697 long-zone: no | 4h chg: -1.12%
[2026-04-07 00:30:59] [MACRO   ] SPX $0.28 | 7d-high $0.30 | zone: no
[2026-04-07 00:30:59] [ACCT    ] Value $0.00 | Available $0.00 | Capital used 0.0% / 30%
[2026-04-07 00:30:59] [SHORT   ] BTC not in short zone — skipping
[2026-04-07 00:30:59] [LONG    ] BTC — no position & BTC not in long zone — skipping
[2026-04-07 00:30:59] [LONG    ] SOL — no position & BTC not in long zone — skipping
[2026-04-07 00:30:59] [LONG    ] HYPE — no position & BTC not in long zone — skipping
[2026-04-07 00:30:59] [LONG    ] XRP — no position & BTC not in long zone — skipping
[2026-04-07 00:30:59] [RUN     ] Sleeping 1 min...
[2026-04-07 00:31:59] [RUN     ] ────────────────────────────────────────────────────────────
[2026-04-07 00:32:00] [MACRO   ] BTC $68979 | 7d-high $70316 short-zone: no | 7d-low $65697 long-zone: no | 4h chg: -1.04%
[2026-04-07 00:32:00] [MACRO   ] SPX $0.28 | 7d-high $0.30 | zone: no
[2026-04-07 00:32:01] [ACCT    ] Value $0.00 | Available $0.00 | Capital used 0.0% / 30%
[2026-04-07 00:32:01] [SHORT   ] BTC not in short zone — skipping
[2026-04-07 00:32:01] [LONG    ] BTC — no position & BTC not in long zone — skipping
[2026-04-07 00:32:01] [LONG    ] SOL — no position & BTC not in long zone — skipping
[2026-04-07 00:32:01] [LONG    ] HYPE — no position & BTC not in long zone — skipping
[2026-04-07 00:32:01] [LONG    ] XRP — no position & BTC not in long zone — skipping
[2026-04-07 00:32:01] [RUN     ] Sleeping 1 min...
[2026-04-07 00:33:01] [RUN     ] ────────────────────────────────────────────────────────────
[2026-04-07 00:33:01] [MACRO   ] BTC $68923 | 7d-high $70316 short-zone: no | 7d-low $65697 long-zone: no | 4h chg: -1.12%
[2026-04-07 00:33:01] [MACRO   ] SPX $0.28 | 7d-high $0.30 | zone: no
[2026-04-07 00:33:01] [ACCT    ] Value $0.00 | Available $0.00 | Capital used 0.0% / 30%
[2026-04-07 00:33:01] [SHORT   ] BTC not in short zone — skipping
[2026-04-07 00:33:01] [LONG    ] BTC — no position & BTC not in long zone — skipping
[2026-04-07 00:33:01] [LONG    ] SOL — no position & BTC not in long zone — skipping
[2026-04-07 00:33:01] [LONG    ] HYPE — no position & BTC not in long zone — skipping
[2026-04-07 00:33:01] [LONG    ] XRP — no position & BTC not in long zone — skipping
[2026-04-07 00:33:01] [RUN     ] Sleeping 1 min...
[2026-04-07 00:34:01] [RUN     ] ────────────────────────────────────────────────────────────
[2026-04-07 00:34:02] [MACRO   ] BTC $68840 | 7d-high $70316 short-zone: no | 7d-low $65697 long-zone: no | 4h chg: -1.24%
[2026-04-07 00:34:02] [MACRO   ] SPX $0.27 | 7d-high $0.30 | zone: no
[2026-04-07 00:34:02] [ACCT    ] Value $0.00 | Available $0.00 | Capital used 0.0% / 30%
[2026-04-07 00:34:02] [SHORT   ] BTC not in short zone — skipping
[2026-04-07 00:34:02] [LONG    ] BTC — no position & BTC not in long zone — skipping
[2026-04-07 00:34:02] [LONG    ] SOL — no position & BTC not in long zone — skipping
[2026-04-07 00:34:02] [LONG    ] HYPE — no position & BTC not in long zone — skipping
[2026-04-07 00:34:02] [LONG    ] XRP — no position & BTC not in long zone — skipping
[2026-04-07 00:34:02] [RUN     ] Sleeping 1 min...
[2026-04-07 00:35:02] [RUN     ] ────────────────────────────────────────────────────────────
[2026-04-07 00:35:03] [MACRO   ] BTC $68784 | 7d-high $70316 short-zone: no | 7d-low $65697 long-zone: no | 4h chg: -1.32%
[2026-04-07 00:35:03] [MACRO   ] SPX $0.27 | 7d-high $0.30 | zone: no
[2026-04-07 00:35:03] [ACCT    ] Value $0.00 | Available $0.00 | Capital used 0.0% / 30%
[2026-04-07 00:35:03] [SHORT   ] BTC not in short zone — skipping
[2026-04-07 00:35:03] [LONG    ] BTC — no position & BTC not in long zone — skipping
[2026-04-07 00:35:03] [LONG    ] SOL — no position & BTC not in long zone — skipping
[2026-04-07 00:35:03] [LONG    ] HYPE — no position & BTC not in long zone — skipping
[2026-04-07 00:35:03] [LONG    ] XRP — no position & BTC not in long zone — skipping
[2026-04-07 00:35:03] [RUN     ] Sleeping 1 min...
[2026-04-07 00:36:03] [RUN     ] ────────────────────────────────────────────────────────────
[2026-04-07 00:36:04] [MACRO   ] BTC $68828 | 7d-high $70316 short-zone: no | 7d-low $65697 long-zone: no | 4h chg: -1.26%
[2026-04-07 00:36:04] [MACRO   ] SPX $0.28 | 7d-high $0.30 | zone: no
[2026-04-07 00:36:04] [ACCT    ] Value $0.00 | Available $0.00 | Capital used 0.0% / 30%
[2026-04-07 00:36:04] [SHORT   ] BTC not in short zone — skipping
[2026-04-07 00:36:04] [LONG    ] BTC — no position & BTC not in long zone — skipping
[2026-04-07 00:36:04] [LONG    ] SOL — no position & BTC not in long zone — skipping
[2026-04-07 00:36:04] [LONG    ] HYPE — no position & BTC not in long zone — skipping
[2026-04-07 00:36:04] [LONG    ] XRP — no position & BTC not in long zone — skipping
[2026-04-07 00:36:04] [RUN     ] Sleeping 1 min...
[2026-04-07 00:37:04] [RUN     ] ────────────────────────────────────────────────────────────
[2026-04-07 00:37:05] [MACRO   ] BTC $68791 | 7d-high $70316 short-zone: no | 7d-low $65697 long-zone: no | 4h chg: -1.31%
[2026-04-07 00:37:05] [MACRO   ] SPX $0.28 | 7d-high $0.30 | zone: no
[2026-04-07 00:37:05] [ACCT    ] Value $0.00 | Available $0.00 | Capital used 0.0% / 30%
[2026-04-07 00:37:05] [SHORT   ] BTC not in short zone — skipping
[2026-04-07 00:37:05] [LONG    ] BTC — no position & BTC not in long zone — skipping
[2026-04-07 00:37:05] [LONG    ] SOL — no position & BTC not in long zone — skipping
[2026-04-07 00:37:05] [LONG    ] HYPE — no position & BTC not in long zone — skipping
[2026-04-07 00:37:05] [LONG    ] XRP — no position & BTC not in long zone — skipping
[2026-04-07 00:37:05] [RUN     ] Sleeping 1 min...
[2026-04-07 00:38:05] [RUN     ] ────────────────────────────────────────────────────────────
[2026-04-07 00:38:06] [MACRO   ] BTC $68753 | 7d-high $70316 short-zone: no | 7d-low $65697 long-zone: no | 4h chg: -1.37%
[2026-04-07 00:38:06] [MACRO   ] SPX $0.28 | 7d-high $0.30 | zone: no
[2026-04-07 00:38:06] [ACCT    ] Value $0.00 | Available $0.00 | Capital used 0.0% / 30%
[2026-04-07 00:38:06] [SHORT   ] BTC not in short zone — skipping
[2026-04-07 00:38:06] [LONG    ] BTC — no position & BTC not in long zone — skipping
[2026-04-07 00:38:06] [LONG    ] SOL — no position & BTC not in long zone — skipping
[2026-04-07 00:38:06] [LONG    ] HYPE — no position & BTC not in long zone — skipping
[2026-04-07 00:38:06] [LONG    ] XRP — no position & BTC not in long zone — skipping
[2026-04-07 00:38:06] [RUN     ] Sleeping 1 min...
[2026-04-07 00:39:06] [RUN     ] ────────────────────────────────────────────────────────────
[2026-04-07 00:39:06] [MACRO   ] BTC $68726 | 7d-high $70316 short-zone: no | 7d-low $65697 long-zone: no | 4h chg: -1.41%
[2026-04-07 00:39:06] [MACRO   ] SPX $0.28 | 7d-high $0.30 | zone: no
[2026-04-07 00:39:06] [ACCT    ] Value $0.00 | Available $0.00 | Capital used 0.0% / 30%
[2026-04-07 00:39:06] [SHORT   ] BTC not in short zone — skipping
[2026-04-07 00:39:06] [LONG    ] BTC — no position & BTC not in long zone — skipping
[2026-04-07 00:39:06] [LONG    ] SOL — no position & BTC not in long zone — skipping
[2026-04-07 00:39:06] [LONG    ] HYPE — no position & BTC not in long zone — skipping
[2026-04-07 00:39:06] [LONG    ] XRP — no position & BTC not in long zone — skipping
[2026-04-07 00:39:06] [RUN     ] Sleeping 1 min...
[2026-04-07 00:40:06] [RUN     ] ────────────────────────────────────────────────────────────
[2026-04-07 00:40:07] [MACRO   ] BTC $68717 | 7d-high $70316 short-zone: no | 7d-low $65697 long-zone: no | 4h chg: -1.42%
[2026-04-07 00:40:07] [MACRO   ] SPX $0.28 | 7d-high $0.30 | zone: no
[2026-04-07 00:40:07] [ACCT    ] Value $0.00 | Available $0.00 | Capital used 0.0% / 30%
[2026-04-07 00:40:07] [SHORT   ] BTC not in short zone — skipping
[2026-04-07 00:40:07] [LONG    ] BTC — no position & BTC not in long zone — skipping
[2026-04-07 00:40:07] [LONG    ] SOL — no position & BTC not in long zone — skipping
[2026-04-07 00:40:07] [LONG    ] HYPE — no position & BTC not in long zone — skipping
[2026-04-07 00:40:07] [LONG    ] XRP — no position & BTC not in long zone — skipping
[2026-04-07 00:40:07] [RUN     ] Sleeping 1 min...
[2026-04-07 00:41:07] [RUN     ] ────────────────────────────────────────────────────────────
[2026-04-07 00:41:08] [MACRO   ] BTC $68700 | 7d-high $70316 short-zone: no | 7d-low $65697 long-zone: no | 4h chg: -1.44%
[2026-04-07 00:41:08] [MACRO   ] SPX $0.28 | 7d-high $0.30 | zone: no
[2026-04-07 00:41:08] [ACCT    ] Value $0.00 | Available $0.00 | Capital used 0.0% / 30%
[2026-04-07 00:41:08] [SHORT   ] BTC not in short zone — skipping
[2026-04-07 00:41:08] [LONG    ] BTC — no position & BTC not in long zone — skipping
[2026-04-07 00:41:08] [LONG    ] SOL — no position & BTC not in long zone — skipping
[2026-04-07 00:41:08] [LONG    ] HYPE — no position & BTC not in long zone — skipping
[2026-04-07 00:41:08] [LONG    ] XRP — no position & BTC not in long zone — skipping
[2026-04-07 00:41:08] [RUN     ] Sleeping 1 min...
[2026-04-07 00:42:08] [RUN     ] ────────────────────────────────────────────────────────────
[2026-04-07 00:42:09] [MACRO   ] BTC $68697 | 7d-high $70316 short-zone: no | 7d-low $65697 long-zone: no | 4h chg: -1.45%
[2026-04-07 00:42:09] [MACRO   ] SPX $0.28 | 7d-high $0.30 | zone: no
[2026-04-07 00:42:09] [ACCT    ] Value $0.00 | Available $0.00 | Capital used 0.0% / 30%
[2026-04-07 00:42:09] [SHORT   ] BTC not in short zone — skipping
[2026-04-07 00:42:09] [LONG    ] BTC — no position & BTC not in long zone — skipping
[2026-04-07 00:42:09] [LONG    ] SOL — no position & BTC not in long zone — skipping
[2026-04-07 00:42:09] [LONG    ] HYPE — no position & BTC not in long zone — skipping
[2026-04-07 00:42:09] [LONG    ] XRP — no position & BTC not in long zone — skipping
[2026-04-07 00:42:09] [RUN     ] Sleeping 1 min...
[2026-04-07 00:43:09] [RUN     ] ────────────────────────────────────────────────────────────
[2026-04-07 00:43:10] [MACRO   ] BTC $68706 | 7d-high $70316 short-zone: no | 7d-low $65697 long-zone: no | 4h chg: -1.43%
[2026-04-07 00:43:10] [MACRO   ] SPX $0.28 | 7d-high $0.30 | zone: no
[2026-04-07 00:43:10] [ACCT    ] Value $0.00 | Available $0.00 | Capital used 0.0% / 30%
[2026-04-07 00:43:10] [SHORT   ] BTC not in short zone — skipping
[2026-04-07 00:43:10] [LONG    ] BTC — no position & BTC not in long zone — skipping
[2026-04-07 00:43:10] [LONG    ] SOL — no position & BTC not in long zone — skipping
[2026-04-07 00:43:10] [LONG    ] HYPE — no position & BTC not in long zone — skipping
[2026-04-07 00:43:10] [LONG    ] XRP — no position & BTC not in long zone — skipping
[2026-04-07 00:43:10] [RUN     ] Sleeping 1 min...
[2026-04-07 00:44:10] [RUN     ] ────────────────────────────────────────────────────────────
[2026-04-07 00:44:11] [MACRO   ] BTC $68714 | 7d-high $70316 short-zone: no | 7d-low $65697 long-zone: no | 4h chg: -1.42%
[2026-04-07 00:44:11] [MACRO   ] SPX $0.28 | 7d-high $0.30 | zone: no
[2026-04-07 00:44:11] [ACCT    ] Value $0.00 | Available $0.00 | Capital used 0.0% / 30%
[2026-04-07 00:44:11] [SHORT   ] BTC not in short zone — skipping
[2026-04-07 00:44:11] [LONG    ] BTC — no position & BTC not in long zone — skipping
[2026-04-07 00:44:11] [LONG    ] SOL — no position & BTC not in long zone — skipping
[2026-04-07 00:44:11] [LONG    ] HYPE — no position & BTC not in long zone — skipping
[2026-04-07 00:44:11] [LONG    ] XRP — no position & BTC not in long zone — skipping
[2026-04-07 00:44:11] [RUN     ] Sleeping 1 min...
[2026-04-07 00:45:11] [RUN     ] ────────────────────────────────────────────────────────────
[2026-04-07 00:45:12] [MACRO   ] BTC $68740 | 7d-high $70316 short-zone: no | 7d-low $65697 long-zone: no | 4h chg: -1.38%
[2026-04-07 00:45:12] [MACRO   ] SPX $0.28 | 7d-high $0.30 | zone: no
[2026-04-07 00:45:12] [ACCT    ] Value $0.00 | Available $0.00 | Capital used 0.0% / 30%
[2026-04-07 00:45:12] [SHORT   ] BTC not in short zone — skipping
[2026-04-07 00:45:12] [LONG    ] BTC — no position & BTC not in long zone — skipping
[2026-04-07 00:45:12] [LONG    ] SOL — no position & BTC not in long zone — skipping
[2026-04-07 00:45:12] [LONG    ] HYPE — no position & BTC not in long zone — skipping
[2026-04-07 00:45:12] [LONG    ] XRP — no position & BTC not in long zone — skipping
[2026-04-07 00:45:12] [RUN     ] Sleeping 1 min...
[2026-04-07 00:46:12] [RUN     ] ────────────────────────────────────────────────────────────
[2026-04-07 00:46:13] [MACRO   ] BTC $68746 | 7d-high $70316 short-zone: no | 7d-low $65697 long-zone: no | 4h chg: -1.38%
[2026-04-07 00:46:13] [MACRO   ] SPX $0.28 | 7d-high $0.30 | zone: no
[2026-04-07 00:46:13] [ACCT    ] Value $0.00 | Available $0.00 | Capital used 0.0% / 30%
[2026-04-07 00:46:13] [SHORT   ] BTC not in short zone — skipping
[2026-04-07 00:46:13] [LONG    ] BTC — no position & BTC not in long zone — skipping
[2026-04-07 00:46:13] [LONG    ] SOL — no position & BTC not in long zone — skipping
[2026-04-07 00:46:13] [LONG    ] HYPE — no position & BTC not in long zone — skipping
[2026-04-07 00:46:13] [LONG    ] XRP — no position & BTC not in long zone — skipping
[2026-04-07 00:46:13] [RUN     ] Sleeping 1 min...
[2026-04-07 00:47:13] [RUN     ] ────────────────────────────────────────────────────────────
[2026-04-07 00:47:13] [MACRO   ] BTC $68738 | 7d-high $70316 short-zone: no | 7d-low $65697 long-zone: no | 4h chg: -1.39%
[2026-04-07 00:47:13] [MACRO   ] SPX $0.28 | 7d-high $0.30 | zone: no
[2026-04-07 00:47:13] [ACCT    ] Value $0.00 | Available $0.00 | Capital used 0.0% / 30%
[2026-04-07 00:47:13] [SHORT   ] BTC not in short zone — skipping
[2026-04-07 00:47:13] [LONG    ] BTC — no position & BTC not in long zone — skipping
[2026-04-07 00:47:13] [LONG    ] SOL — no position & BTC not in long zone — skipping
[2026-04-07 00:47:13] [LONG    ] HYPE — no position & BTC not in long zone — skipping
[2026-04-07 00:47:13] [LONG    ] XRP — no position & BTC not in long zone — skipping
[2026-04-07 00:47:13] [RUN     ] Sleeping 1 min...
[2026-04-07 00:48:13] [RUN     ] ────────────────────────────────────────────────────────────
[2026-04-07 00:48:14] [MACRO   ] BTC $68750 | 7d-high $70316 short-zone: no | 7d-low $65697 long-zone: no | 4h chg: -1.37%
[2026-04-07 00:48:14] [MACRO   ] SPX $0.28 | 7d-high $0.30 | zone: no
[2026-04-07 00:48:14] [ACCT    ] Value $0.00 | Available $0.00 | Capital used 0.0% / 30%
[2026-04-07 00:48:14] [SHORT   ] BTC not in short zone — skipping
[2026-04-07 00:48:14] [LONG    ] BTC — no position & BTC not in long zone — skipping
[2026-04-07 00:48:14] [LONG    ] SOL — no position & BTC not in long zone — skipping
[2026-04-07 00:48:14] [LONG    ] HYPE — no position & BTC not in long zone — skipping
[2026-04-07 00:48:14] [LONG    ] XRP — no position & BTC not in long zone — skipping
[2026-04-07 00:48:14] [RUN     ] Sleeping 1 min...
[2026-04-07 00:49:14] [RUN     ] ────────────────────────────────────────────────────────────
[2026-04-07 00:49:15] [MACRO   ] BTC $68784 | 7d-high $70316 short-zone: no | 7d-low $65697 long-zone: no | 4h chg: -1.32%
[2026-04-07 00:49:15] [MACRO   ] SPX $0.28 | 7d-high $0.30 | zone: no
[2026-04-07 00:49:15] [ACCT    ] Value $0.00 | Available $0.00 | Capital used 0.0% / 30%
[2026-04-07 00:49:15] [SHORT   ] BTC not in short zone — skipping
[2026-04-07 00:49:15] [LONG    ] BTC — no position & BTC not in long zone — skipping
[2026-04-07 00:49:15] [LONG    ] SOL — no position & BTC not in long zone — skipping
[2026-04-07 00:49:15] [LONG    ] HYPE — no position & BTC not in long zone — skipping
[2026-04-07 00:49:15] [LONG    ] XRP — no position & BTC not in long zone — skipping
[2026-04-07 00:49:15] [RUN     ] Sleeping 1 min...
[2026-04-07 00:50:15] [RUN     ] ────────────────────────────────────────────────────────────
[2026-04-07 00:50:16] [MACRO   ] BTC $68843 | 7d-high $70316 short-zone: no | 7d-low $65697 long-zone: no | 4h chg: -1.24%
[2026-04-07 00:50:16] [MACRO   ] SPX $0.28 | 7d-high $0.30 | zone: no
[2026-04-07 00:50:16] [ACCT    ] Value $0.00 | Available $0.00 | Capital used 0.0% / 30%
[2026-04-07 00:50:16] [SHORT   ] BTC not in short zone — skipping
[2026-04-07 00:50:16] [LONG    ] BTC — no position & BTC not in long zone — skipping
[2026-04-07 00:50:16] [LONG    ] SOL — no position & BTC not in long zone — skipping
[2026-04-07 00:50:16] [LONG    ] HYPE — no position & BTC not in long zone — skipping
[2026-04-07 00:50:16] [LONG    ] XRP — no position & BTC not in long zone — skipping
[2026-04-07 00:50:16] [RUN     ] Sleeping 1 min...
[2026-04-07 00:51:16] [RUN     ] ────────────────────────────────────────────────────────────
[2026-04-07 00:51:16] [MACRO   ] BTC $68802 | 7d-high $70316 short-zone: no | 7d-low $65697 long-zone: no | 4h chg: -1.28%
[2026-04-07 00:51:16] [MACRO   ] SPX $0.28 | 7d-high $0.30 | zone: no
[2026-04-07 00:51:16] [ACCT    ] Value $0.00 | Available $0.00 | Capital used 0.0% / 30%
[2026-04-07 00:51:16] [SHORT   ] BTC not in short zone — skipping
[2026-04-07 00:51:16] [LONG    ] BTC — no position & BTC not in long zone — skipping
[2026-04-07 00:51:16] [LONG    ] SOL — no position & BTC not in long zone — skipping
[2026-04-07 00:51:16] [LONG    ] HYPE — no position & BTC not in long zone — skipping
[2026-04-07 00:51:16] [LONG    ] XRP — no position & BTC not in long zone — skipping
[2026-04-07 00:51:16] [RUN     ] Sleeping 1 min...
[2026-04-07 00:52:16] [RUN     ] ────────────────────────────────────────────────────────────
[2026-04-07 00:52:17] [MACRO   ] BTC $68829 | 7d-high $70316 short-zone: no | 7d-low $65697 long-zone: no | 4h chg: -1.26%
[2026-04-07 00:52:17] [MACRO   ] SPX $0.28 | 7d-high $0.30 | zone: no
[2026-04-07 00:52:17] [ACCT    ] Value $0.00 | Available $0.00 | Capital used 0.0% / 30%
[2026-04-07 00:52:17] [SHORT   ] BTC not in short zone — skipping
[2026-04-07 00:52:17] [LONG    ] BTC — no position & BTC not in long zone — skipping
[2026-04-07 00:52:17] [LONG    ] SOL — no position & BTC not in long zone — skipping
[2026-04-07 00:52:17] [LONG    ] HYPE — no position & BTC not in long zone — skipping
[2026-04-07 00:52:17] [LONG    ] XRP — no position & BTC not in long zone — skipping
[2026-04-07 00:52:17] [RUN     ] Sleeping 1 min...
[2026-04-07 00:53:17] [RUN     ] ────────────────────────────────────────────────────────────
[2026-04-07 00:53:18] [MACRO   ] BTC $68838 | 7d-high $70316 short-zone: no | 7d-low $65697 long-zone: no | 4h chg: -1.25%
[2026-04-07 00:53:18] [MACRO   ] SPX $0.28 | 7d-high $0.30 | zone: no
[2026-04-07 00:53:18] [ACCT    ] Value $0.00 | Available $0.00 | Capital used 0.0% / 30%
[2026-04-07 00:53:18] [SHORT   ] BTC not in short zone — skipping
[2026-04-07 00:53:18] [LONG    ] BTC — no position & BTC not in long zone — skipping
[2026-04-07 00:53:18] [LONG    ] SOL — no position & BTC not in long zone — skipping
[2026-04-07 00:53:18] [LONG    ] HYPE — no position & BTC not in long zone — skipping
[2026-04-07 00:53:18] [LONG    ] XRP — no position & BTC not in long zone — skipping
[2026-04-07 00:53:18] [RUN     ] Sleeping 1 min...
[2026-04-07 00:54:18] [RUN     ] ────────────────────────────────────────────────────────────
[2026-04-07 00:54:19] [MACRO   ] BTC $68847 | 7d-high $70316 short-zone: no | 7d-low $65697 long-zone: no | 4h chg: -1.23%
[2026-04-07 00:54:19] [MACRO   ] SPX $0.28 | 7d-high $0.30 | zone: no
[2026-04-07 00:54:19] [ACCT    ] Value $0.00 | Available $0.00 | Capital used 0.0% / 30%
[2026-04-07 00:54:19] [SHORT   ] BTC not in short zone — skipping
[2026-04-07 00:54:19] [LONG    ] BTC — no position & BTC not in long zone — skipping
[2026-04-07 00:54:19] [LONG    ] SOL — no position & BTC not in long zone — skipping
[2026-04-07 00:54:19] [LONG    ] HYPE — no position & BTC not in long zone — skipping
[2026-04-07 00:54:19] [LONG    ] XRP — no position & BTC not in long zone — skipping
[2026-04-07 00:54:19] [RUN     ] Sleeping 1 min...
[2026-04-07 00:55:19] [RUN     ] ────────────────────────────────────────────────────────────
[2026-04-07 00:55:20] [MACRO   ] BTC $68831 | 7d-high $70316 short-zone: no | 7d-low $65697 long-zone: no | 4h chg: -1.26%
[2026-04-07 00:55:20] [MACRO   ] SPX $0.28 | 7d-high $0.30 | zone: no
[2026-04-07 00:55:20] [ACCT    ] Value $0.00 | Available $0.00 | Capital used 0.0% / 30%
[2026-04-07 00:55:20] [SHORT   ] BTC not in short zone — skipping
[2026-04-07 00:55:20] [LONG    ] BTC — no position & BTC not in long zone — skipping
[2026-04-07 00:55:20] [LONG    ] SOL — no position & BTC not in long zone — skipping
[2026-04-07 00:55:20] [LONG    ] HYPE — no position & BTC not in long zone — skipping
[2026-04-07 00:55:20] [LONG    ] XRP — no position & BTC not in long zone — skipping
[2026-04-07 00:55:20] [RUN     ] Sleeping 1 min...
[2026-04-07 00:56:20] [RUN     ] ────────────────────────────────────────────────────────────
[2026-04-07 00:56:20] [MACRO   ] BTC $68824 | 7d-high $70316 short-zone: no | 7d-low $65697 long-zone: no | 4h chg: -1.27%
[2026-04-07 00:56:20] [MACRO   ] SPX $0.28 | 7d-high $0.30 | zone: no
[2026-04-07 00:56:20] [ACCT    ] Value $0.00 | Available $0.00 | Capital used 0.0% / 30%
[2026-04-07 00:56:20] [SHORT   ] BTC not in short zone — skipping
[2026-04-07 00:56:20] [LONG    ] BTC — no position & BTC not in long zone — skipping
[2026-04-07 00:56:20] [LONG    ] SOL — no position & BTC not in long zone — skipping
[2026-04-07 00:56:20] [LONG    ] HYPE — no position & BTC not in long zone — skipping
[2026-04-07 00:56:20] [LONG    ] XRP — no position & BTC not in long zone — skipping
[2026-04-07 00:56:20] [RUN     ] Sleeping 1 min...
[2026-04-07 00:57:20] [RUN     ] ────────────────────────────────────────────────────────────
[2026-04-07 00:57:21] [MACRO   ] BTC $68825 | 7d-high $70316 short-zone: no | 7d-low $65697 long-zone: no | 4h chg: -1.26%
[2026-04-07 00:57:21] [MACRO   ] SPX $0.28 | 7d-high $0.30 | zone: no
[2026-04-07 00:57:21] [ACCT    ] Value $0.00 | Available $0.00 | Capital used 0.0% / 30%
[2026-04-07 00:57:21] [SHORT   ] BTC not in short zone — skipping
[2026-04-07 00:57:21] [LONG    ] BTC — no position & BTC not in long zone — skipping
[2026-04-07 00:57:21] [LONG    ] SOL — no position & BTC not in long zone — skipping
[2026-04-07 00:57:21] [LONG    ] HYPE — no position & BTC not in long zone — skipping
[2026-04-07 00:57:21] [LONG    ] XRP — no position & BTC not in long zone — skipping
[2026-04-07 00:57:21] [RUN     ] Sleeping 1 min...
[2026-04-07 00:58:21] [RUN     ] ────────────────────────────────────────────────────────────
[2026-04-07 00:58:22] [MACRO   ] BTC $68820 | 7d-high $70316 short-zone: no | 7d-low $65697 long-zone: no | 4h chg: -1.27%
[2026-04-07 00:58:22] [MACRO   ] SPX $0.28 | 7d-high $0.30 | zone: no
[2026-04-07 00:58:22] [ACCT    ] Value $0.00 | Available $0.00 | Capital used 0.0% / 30%
[2026-04-07 00:58:22] [SHORT   ] BTC not in short zone — skipping
[2026-04-07 00:58:22] [LONG    ] BTC — no position & BTC not in long zone — skipping
[2026-04-07 00:58:22] [LONG    ] SOL — no position & BTC not in long zone — skipping
[2026-04-07 00:58:22] [LONG    ] HYPE — no position & BTC not in long zone — skipping
[2026-04-07 00:58:22] [LONG    ] XRP — no position & BTC not in long zone — skipping
[2026-04-07 00:58:22] [RUN     ] Sleeping 1 min...
[2026-04-07 00:59:22] [RUN     ] ────────────────────────────────────────────────────────────
[2026-04-07 00:59:23] [MACRO   ] BTC $68777 | 7d-high $70316 short-zone: no | 7d-low $65697 long-zone: no | 4h chg: -1.33%
[2026-04-07 00:59:23] [MACRO   ] SPX $0.28 | 7d-high $0.30 | zone: no
[2026-04-07 00:59:23] [ACCT    ] Value $0.00 | Available $0.00 | Capital used 0.0% / 30%
[2026-04-07 00:59:23] [SHORT   ] BTC not in short zone — skipping
[2026-04-07 00:59:23] [LONG    ] BTC — no position & BTC not in long zone — skipping
[2026-04-07 00:59:23] [LONG    ] SOL — no position & BTC not in long zone — skipping
[2026-04-07 00:59:23] [LONG    ] HYPE — no position & BTC not in long zone — skipping
[2026-04-07 00:59:23] [LONG    ] XRP — no position & BTC not in long zone — skipping
[2026-04-07 00:59:23] [RUN     ] Sleeping 1 min...
[2026-04-07 01:00:23] [RUN     ] ────────────────────────────────────────────────────────────
[2026-04-07 01:00:24] [MACRO   ] BTC $68666 | 7d-high $70316 short-zone: no | 7d-low $65697 long-zone: no | 4h chg: -1.60%
[2026-04-07 01:00:24] [MACRO   ] SPX $0.28 | 7d-high $0.30 | zone: no
[2026-04-07 01:00:24] [ACCT    ] Value $0.00 | Available $0.00 | Capital used 0.0% / 30%
[2026-04-07 01:00:24] [SHORT   ] BTC not in short zone — skipping
[2026-04-07 01:00:24] [LONG    ] BTC — no position & BTC not in long zone — skipping
[2026-04-07 01:00:24] [LONG    ] SOL — no position & BTC not in long zone — skipping
[2026-04-07 01:00:24] [LONG    ] HYPE — no position & BTC not in long zone — skipping
[2026-04-07 01:00:24] [LONG    ] XRP — no position & BTC not in long zone — skipping
[2026-04-07 01:00:24] [RUN     ] Sleeping 1 min...
[2026-04-07 01:01:24] [RUN     ] ────────────────────────────────────────────────────────────
[2026-04-07 01:01:25] [MACRO   ] BTC $68658 | 7d-high $70316 short-zone: no | 7d-low $65697 long-zone: no | 4h chg: -1.62%
[2026-04-07 01:01:25] [MACRO   ] SPX $0.28 | 7d-high $0.30 | zone: no
[2026-04-07 01:01:25] [ACCT    ] Value $0.00 | Available $0.00 | Capital used 0.0% / 30%
[2026-04-07 01:01:25] [SHORT   ] BTC not in short zone — skipping
[2026-04-07 01:01:25] [LONG    ] BTC — no position & BTC not in long zone — skipping
[2026-04-07 01:01:25] [LONG    ] SOL — no position & BTC not in long zone — skipping
[2026-04-07 01:01:25] [LONG    ] HYPE — no position & BTC not in long zone — skipping
[2026-04-07 01:01:25] [LONG    ] XRP — no position & BTC not in long zone — skipping
[2026-04-07 01:01:25] [RUN     ] Sleeping 1 min...
[2026-04-07 01:02:25] [RUN     ] ────────────────────────────────────────────────────────────
[2026-04-07 01:02:25] [MACRO   ] BTC $68701 | 7d-high $70316 short-zone: no | 7d-low $65697 long-zone: no | 4h chg: -1.55%
[2026-04-07 01:02:25] [MACRO   ] SPX $0.28 | 7d-high $0.30 | zone: no
[2026-04-07 01:02:25] [ACCT    ] Value $0.00 | Available $0.00 | Capital used 0.0% / 30%
[2026-04-07 01:02:25] [SHORT   ] BTC not in short zone — skipping
[2026-04-07 01:02:25] [LONG    ] BTC — no position & BTC not in long zone — skipping
[2026-04-07 01:02:25] [LONG    ] SOL — no position & BTC not in long zone — skipping
[2026-04-07 01:02:25] [LONG    ] HYPE — no position & BTC not in long zone — skipping
[2026-04-07 01:02:25] [LONG    ] XRP — no position & BTC not in long zone — skipping
[2026-04-07 01:02:25] [RUN     ] Sleeping 1 min...
[2026-04-07 01:03:26] [RUN     ] ────────────────────────────────────────────────────────────
[2026-04-07 01:03:26] [MACRO   ] BTC $68720 | 7d-high $70316 short-zone: no | 7d-low $65697 long-zone: no | 4h chg: -1.53%
[2026-04-07 01:03:26] [MACRO   ] SPX $0.28 | 7d-high $0.30 | zone: no
[2026-04-07 01:03:26] [ACCT    ] Value $0.00 | Available $0.00 | Capital used 0.0% / 30%
[2026-04-07 01:03:26] [SHORT   ] BTC not in short zone — skipping
[2026-04-07 01:03:26] [LONG    ] BTC — no position & BTC not in long zone — skipping
[2026-04-07 01:03:26] [LONG    ] SOL — no position & BTC not in long zone — skipping
[2026-04-07 01:03:26] [LONG    ] HYPE — no position & BTC not in long zone — skipping
[2026-04-07 01:03:26] [LONG    ] XRP — no position & BTC not in long zone — skipping
[2026-04-07 01:03:26] [RUN     ] Sleeping 1 min...
[2026-04-07 01:04:26] [RUN     ] ────────────────────────────────────────────────────────────
[2026-04-07 01:04:27] [MACRO   ] BTC $68666 | 7d-high $70316 short-zone: no | 7d-low $65697 long-zone: no | 4h chg: -1.61%
[2026-04-07 01:04:27] [MACRO   ] SPX $0.28 | 7d-high $0.30 | zone: no
[2026-04-07 01:04:27] [ACCT    ] Value $0.00 | Available $0.00 | Capital used 0.0% / 30%
[2026-04-07 01:04:27] [SHORT   ] BTC not in short zone — skipping
[2026-04-07 01:04:27] [LONG    ] BTC — no position & BTC not in long zone — skipping
[2026-04-07 01:04:27] [LONG    ] SOL — no position & BTC not in long zone — skipping
[2026-04-07 01:04:27] [LONG    ] HYPE — no position & BTC not in long zone — skipping
[2026-04-07 01:04:27] [LONG    ] XRP — no position & BTC not in long zone — skipping
[2026-04-07 01:04:27] [RUN     ] Sleeping 1 min...
[2026-04-07 01:05:27] [RUN     ] ────────────────────────────────────────────────────────────
[2026-04-07 01:05:28] [MACRO   ] BTC $68664 | 7d-high $70316 short-zone: no | 7d-low $65697 long-zone: no | 4h chg: -1.61%
[2026-04-07 01:05:28] [MACRO   ] SPX $0.28 | 7d-high $0.30 | zone: no
[2026-04-07 01:05:28] [ACCT    ] Value $0.00 | Available $0.00 | Capital used 0.0% / 30%
[2026-04-07 01:05:28] [SHORT   ] BTC not in short zone — skipping
[2026-04-07 01:05:28] [LONG    ] BTC — no position & BTC not in long zone — skipping
[2026-04-07 01:05:28] [LONG    ] SOL — no position & BTC not in long zone — skipping
[2026-04-07 01:05:28] [LONG    ] HYPE — no position & BTC not in long zone — skipping
[2026-04-07 01:05:28] [LONG    ] XRP — no position & BTC not in long zone — skipping
[2026-04-07 01:05:28] [RUN     ] Sleeping 1 min...
[2026-04-07 01:06:28] [RUN     ] ────────────────────────────────────────────────────────────
[2026-04-07 01:06:29] [MACRO   ] BTC $68623 | 7d-high $70316 short-zone: no | 7d-low $65697 long-zone: no | 4h chg: -1.67%
[2026-04-07 01:06:29] [MACRO   ] SPX $0.28 | 7d-high $0.30 | zone: no
[2026-04-07 01:06:29] [ACCT    ] Value $0.00 | Available $0.00 | Capital used 0.0% / 30%
[2026-04-07 01:06:29] [SHORT   ] BTC not in short zone — skipping
[2026-04-07 01:06:29] [LONG    ] BTC — no position & BTC not in long zone — skipping
[2026-04-07 01:06:29] [LONG    ] SOL — no position & BTC not in long zone — skipping
[2026-04-07 01:06:29] [LONG    ] HYPE — no position & BTC not in long zone — skipping
[2026-04-07 01:06:29] [LONG    ] XRP — no position & BTC not in long zone — skipping
[2026-04-07 01:06:29] [RUN     ] Sleeping 1 min...
[2026-04-07 01:07:29] [RUN     ] ────────────────────────────────────────────────────────────
[2026-04-07 01:07:29] [MACRO   ] BTC $68591 | 7d-high $70316 short-zone: no | 7d-low $65697 long-zone: no | 4h chg: -1.71%
[2026-04-07 01:07:29] [MACRO   ] SPX $0.28 | 7d-high $0.30 | zone: no
[2026-04-07 01:07:29] [ACCT    ] Value $0.00 | Available $0.00 | Capital used 0.0% / 30%
[2026-04-07 01:07:29] [SHORT   ] BTC not in short zone — skipping
[2026-04-07 01:07:29] [LONG    ] BTC — no position & BTC not in long zone — skipping
[2026-04-07 01:07:29] [LONG    ] SOL — no position & BTC not in long zone — skipping
[2026-04-07 01:07:29] [LONG    ] HYPE — no position & BTC not in long zone — skipping
[2026-04-07 01:07:29] [LONG    ] XRP — no position & BTC not in long zone — skipping
[2026-04-07 01:07:29] [RUN     ] Sleeping 1 min...
[2026-04-07 01:08:29] [RUN     ] ────────────────────────────────────────────────────────────
[2026-04-07 01:08:30] [MACRO   ] BTC $68622 | 7d-high $70316 short-zone: no | 7d-low $65697 long-zone: no | 4h chg: -1.67%
[2026-04-07 01:08:30] [MACRO   ] SPX $0.28 | 7d-high $0.30 | zone: no
[2026-04-07 01:08:30] [ACCT    ] Value $0.00 | Available $0.00 | Capital used 0.0% / 30%
[2026-04-07 01:08:30] [SHORT   ] BTC not in short zone — skipping
[2026-04-07 01:08:30] [LONG    ] BTC — no position & BTC not in long zone — skipping
[2026-04-07 01:08:30] [LONG    ] SOL — no position & BTC not in long zone — skipping
[2026-04-07 01:08:30] [LONG    ] HYPE — no position & BTC not in long zone — skipping
[2026-04-07 01:08:30] [LONG    ] XRP — no position & BTC not in long zone — skipping
[2026-04-07 01:08:30] [RUN     ] Sleeping 1 min...
[2026-04-07 01:09:30] [RUN     ] ────────────────────────────────────────────────────────────
[2026-04-07 01:09:31] [MACRO   ] BTC $68575 | 7d-high $70316 short-zone: no | 7d-low $65697 long-zone: no | 4h chg: -1.74%
[2026-04-07 01:09:31] [MACRO   ] SPX $0.28 | 7d-high $0.30 | zone: no
[2026-04-07 01:09:31] [ACCT    ] Value $0.00 | Available $0.00 | Capital used 0.0% / 30%
[2026-04-07 01:09:31] [SHORT   ] BTC not in short zone — skipping
[2026-04-07 01:09:31] [LONG    ] BTC — no position & BTC not in long zone — skipping
[2026-04-07 01:09:31] [LONG    ] SOL — no position & BTC not in long zone — skipping
[2026-04-07 01:09:31] [LONG    ] HYPE — no position & BTC not in long zone — skipping
[2026-04-07 01:09:31] [LONG    ] XRP — no position & BTC not in long zone — skipping
[2026-04-07 01:09:31] [RUN     ] Sleeping 1 min...
[2026-04-07 01:10:31] [RUN     ] ────────────────────────────────────────────────────────────
[2026-04-07 01:10:32] [MACRO   ] BTC $68519 | 7d-high $70316 short-zone: no | 7d-low $65697 long-zone: no | 4h chg: -1.82%
[2026-04-07 01:10:32] [MACRO   ] SPX $0.28 | 7d-high $0.30 | zone: no
[2026-04-07 01:10:32] [ACCT    ] Value $0.00 | Available $0.00 | Capital used 0.0% / 30%
[2026-04-07 01:10:32] [SHORT   ] BTC not in short zone — skipping
[2026-04-07 01:10:32] [LONG    ] BTC — no position & BTC not in long zone — skipping
[2026-04-07 01:10:32] [LONG    ] SOL — no position & BTC not in long zone — skipping
[2026-04-07 01:10:32] [LONG    ] HYPE — no position & BTC not in long zone — skipping
[2026-04-07 01:10:32] [LONG    ] XRP — no position & BTC not in long zone — skipping
[2026-04-07 01:10:32] [RUN     ] Sleeping 1 min...
[2026-04-07 01:11:32] [RUN     ] ────────────────────────────────────────────────────────────
[2026-04-07 01:11:33] [MACRO   ] BTC $68511 | 7d-high $70316 short-zone: no | 7d-low $65697 long-zone: no | 4h chg: -1.83%
[2026-04-07 01:11:33] [MACRO   ] SPX $0.28 | 7d-high $0.30 | zone: no
[2026-04-07 01:11:33] [ACCT    ] Value $0.00 | Available $0.00 | Capital used 0.0% / 30%
[2026-04-07 01:11:33] [SHORT   ] BTC not in short zone — skipping
[2026-04-07 01:11:33] [LONG    ] BTC — no position & BTC not in long zone — skipping
[2026-04-07 01:11:33] [LONG    ] SOL — no position & BTC not in long zone — skipping
[2026-04-07 01:11:33] [LONG    ] HYPE — no position & BTC not in long zone — skipping
[2026-04-07 01:11:33] [LONG    ] XRP — no position & BTC not in long zone — skipping
[2026-04-07 01:11:33] [RUN     ] Sleeping 1 min...
[2026-04-07 01:12:33] [RUN     ] ────────────────────────────────────────────────────────────
[2026-04-07 01:12:33] [MACRO   ] BTC $68573 | 7d-high $70316 short-zone: no | 7d-low $65697 long-zone: no | 4h chg: -1.74%
[2026-04-07 01:12:33] [MACRO   ] SPX $0.28 | 7d-high $0.30 | zone: no
[2026-04-07 01:12:33] [ACCT    ] Value $0.00 | Available $0.00 | Capital used 0.0% / 30%
[2026-04-07 01:12:33] [SHORT   ] BTC not in short zone — skipping
[2026-04-07 01:12:33] [LONG    ] BTC — no position & BTC not in long zone — skipping
[2026-04-07 01:12:33] [LONG    ] SOL — no position & BTC not in long zone — skipping
[2026-04-07 01:12:33] [LONG    ] HYPE — no position & BTC not in long zone — skipping
[2026-04-07 01:12:33] [LONG    ] XRP — no position & BTC not in long zone — skipping
[2026-04-07 01:12:33] [RUN     ] Sleeping 1 min...
[2026-04-07 01:13:33] [RUN     ] ────────────────────────────────────────────────────────────
[2026-04-07 01:13:34] [MACRO   ] BTC $68586 | 7d-high $70316 short-zone: no | 7d-low $65697 long-zone: no | 4h chg: -1.72%
[2026-04-07 01:13:34] [MACRO   ] SPX $0.28 | 7d-high $0.30 | zone: no
[2026-04-07 01:13:34] [ACCT    ] Value $0.00 | Available $0.00 | Capital used 0.0% / 30%
[2026-04-07 01:13:34] [SHORT   ] BTC not in short zone — skipping
[2026-04-07 01:13:34] [LONG    ] BTC — no position & BTC not in long zone — skipping
[2026-04-07 01:13:34] [LONG    ] SOL — no position & BTC not in long zone — skipping
[2026-04-07 01:13:34] [LONG    ] HYPE — no position & BTC not in long zone — skipping
[2026-04-07 01:13:34] [LONG    ] XRP — no position & BTC not in long zone — skipping
[2026-04-07 01:13:34] [RUN     ] Sleeping 1 min...
[2026-04-07 01:14:34] [RUN     ] ────────────────────────────────────────────────────────────
[2026-04-07 01:14:35] [MACRO   ] BTC $68531 | 7d-high $70316 short-zone: no | 7d-low $65697 long-zone: no | 4h chg: -1.80%
[2026-04-07 01:14:35] [MACRO   ] SPX $0.28 | 7d-high $0.30 | zone: no
[2026-04-07 01:14:35] [ACCT    ] Value $0.00 | Available $0.00 | Capital used 0.0% / 30%
[2026-04-07 01:14:35] [SHORT   ] BTC not in short zone — skipping
[2026-04-07 01:14:35] [LONG    ] BTC — no position & BTC not in long zone — skipping
[2026-04-07 01:14:35] [LONG    ] SOL — no position & BTC not in long zone — skipping
[2026-04-07 01:14:35] [LONG    ] HYPE — no position & BTC not in long zone — skipping
[2026-04-07 01:14:35] [LONG    ] XRP — no position & BTC not in long zone — skipping
[2026-04-07 01:14:35] [RUN     ] Sleeping 1 min...
[2026-04-07 01:15:35] [RUN     ] ────────────────────────────────────────────────────────────
[2026-04-07 01:15:36] [MACRO   ] BTC $68594 | 7d-high $70316 short-zone: no | 7d-low $65697 long-zone: no | 4h chg: -1.71%
[2026-04-07 01:15:36] [MACRO   ] SPX $0.28 | 7d-high $0.30 | zone: no
[2026-04-07 01:15:36] [ACCT    ] Value $0.00 | Available $0.00 | Capital used 0.0% / 30%
[2026-04-07 01:15:36] [SHORT   ] BTC not in short zone — skipping
[2026-04-07 01:15:36] [LONG    ] BTC — no position & BTC not in long zone — skipping
[2026-04-07 01:15:36] [LONG    ] SOL — no position & BTC not in long zone — skipping
[2026-04-07 01:15:36] [LONG    ] HYPE — no position & BTC not in long zone — skipping
[2026-04-07 01:15:36] [LONG    ] XRP — no position & BTC not in long zone — skipping
[2026-04-07 01:15:36] [RUN     ] Sleeping 1 min...
[2026-04-07 01:16:36] [RUN     ] ────────────────────────────────────────────────────────────
[2026-04-07 01:16:37] [MACRO   ] BTC $68633 | 7d-high $70316 short-zone: no | 7d-low $65697 long-zone: no | 4h chg: -1.65%
[2026-04-07 01:16:37] [MACRO   ] SPX $0.28 | 7d-high $0.30 | zone: no
[2026-04-07 01:16:37] [ACCT    ] Value $0.00 | Available $0.00 | Capital used 0.0% / 30%
[2026-04-07 01:16:37] [SHORT   ] BTC not in short zone — skipping
[2026-04-07 01:16:37] [LONG    ] BTC — no position & BTC not in long zone — skipping
[2026-04-07 01:16:37] [LONG    ] SOL — no position & BTC not in long zone — skipping
[2026-04-07 01:16:37] [LONG    ] HYPE — no position & BTC not in long zone — skipping
[2026-04-07 01:16:37] [LONG    ] XRP — no position & BTC not in long zone — skipping
[2026-04-07 01:16:37] [RUN     ] Sleeping 1 min...
[2026-04-07 01:17:37] [RUN     ] ────────────────────────────────────────────────────────────
[2026-04-07 01:17:38] [MACRO   ] BTC $68668 | 7d-high $70316 short-zone: no | 7d-low $65697 long-zone: no | 4h chg: -1.60%
[2026-04-07 01:17:38] [MACRO   ] SPX $0.28 | 7d-high $0.30 | zone: no
[2026-04-07 01:17:38] [ACCT    ] Value $0.00 | Available $0.00 | Capital used 0.0% / 30%
[2026-04-07 01:17:38] [SHORT   ] BTC not in short zone — skipping
[2026-04-07 01:17:38] [LONG    ] BTC — no position & BTC not in long zone — skipping
[2026-04-07 01:17:38] [LONG    ] SOL — no position & BTC not in long zone — skipping
[2026-04-07 01:17:38] [LONG    ] HYPE — no position & BTC not in long zone — skipping
[2026-04-07 01:17:38] [LONG    ] XRP — no position & BTC not in long zone — skipping
[2026-04-07 01:17:38] [RUN     ] Sleeping 1 min...
[2026-04-07 01:18:38] [RUN     ] ────────────────────────────────────────────────────────────
[2026-04-07 01:18:38] [MACRO   ] BTC $68688 | 7d-high $70316 short-zone: no | 7d-low $65697 long-zone: no | 4h chg: -1.57%
[2026-04-07 01:18:38] [MACRO   ] SPX $0.28 | 7d-high $0.30 | zone: no
[2026-04-07 01:18:38] [ACCT    ] Value $0.00 | Available $0.00 | Capital used 0.0% / 30%
[2026-04-07 01:18:38] [SHORT   ] BTC not in short zone — skipping
[2026-04-07 01:18:38] [LONG    ] BTC — no position & BTC not in long zone — skipping
[2026-04-07 01:18:38] [LONG    ] SOL — no position & BTC not in long zone — skipping
[2026-04-07 01:18:38] [LONG    ] HYPE — no position & BTC not in long zone — skipping
[2026-04-07 01:18:38] [LONG    ] XRP — no position & BTC not in long zone — skipping
[2026-04-07 01:18:38] [RUN     ] Sleeping 1 min...
[2026-04-07 01:19:39] [RUN     ] ────────────────────────────────────────────────────────────
[2026-04-07 01:19:39] [MACRO   ] BTC $68706 | 7d-high $70316 short-zone: no | 7d-low $65697 long-zone: no | 4h chg: -1.55%
[2026-04-07 01:19:39] [MACRO   ] SPX $0.28 | 7d-high $0.30 | zone: no
[2026-04-07 01:19:39] [ACCT    ] Value $0.00 | Available $0.00 | Capital used 0.0% / 30%
[2026-04-07 01:19:39] [SHORT   ] BTC not in short zone — skipping
[2026-04-07 01:19:39] [LONG    ] BTC — no position & BTC not in long zone — skipping
[2026-04-07 01:19:39] [LONG    ] SOL — no position & BTC not in long zone — skipping
[2026-04-07 01:19:39] [LONG    ] HYPE — no position & BTC not in long zone — skipping
[2026-04-07 01:19:39] [LONG    ] XRP — no position & BTC not in long zone — skipping
[2026-04-07 01:19:39] [RUN     ] Sleeping 1 min...
[2026-04-07 01:20:39] [RUN     ] ────────────────────────────────────────────────────────────
[2026-04-07 01:20:40] [MACRO   ] BTC $68721 | 7d-high $70316 short-zone: no | 7d-low $65697 long-zone: no | 4h chg: -1.53%
[2026-04-07 01:20:40] [MACRO   ] SPX $0.28 | 7d-high $0.30 | zone: no
[2026-04-07 01:20:40] [ACCT    ] Value $0.00 | Available $0.00 | Capital used 0.0% / 30%
[2026-04-07 01:20:40] [SHORT   ] BTC not in short zone — skipping
[2026-04-07 01:20:40] [LONG    ] BTC — no position & BTC not in long zone — skipping
[2026-04-07 01:20:40] [LONG    ] SOL — no position & BTC not in long zone — skipping
[2026-04-07 01:20:40] [LONG    ] HYPE — no position & BTC not in long zone — skipping
[2026-04-07 01:20:40] [LONG    ] XRP — no position & BTC not in long zone — skipping
[2026-04-07 01:20:40] [RUN     ] Sleeping 1 min...
[2026-04-07 01:21:40] [RUN     ] ────────────────────────────────────────────────────────────
[2026-04-07 01:21:41] [MACRO   ] BTC $68811 | 7d-high $70316 short-zone: no | 7d-low $65697 long-zone: no | 4h chg: -1.40%
[2026-04-07 01:21:41] [MACRO   ] SPX $0.28 | 7d-high $0.30 | zone: no
[2026-04-07 01:21:41] [ACCT    ] Value $0.00 | Available $0.00 | Capital used 0.0% / 30%
[2026-04-07 01:21:41] [SHORT   ] BTC not in short zone — skipping
[2026-04-07 01:21:41] [LONG    ] BTC — no position & BTC not in long zone — skipping
[2026-04-07 01:21:41] [LONG    ] SOL — no position & BTC not in long zone — skipping
[2026-04-07 01:21:41] [LONG    ] HYPE — no position & BTC not in long zone — skipping
[2026-04-07 01:21:41] [LONG    ] XRP — no position & BTC not in long zone — skipping
[2026-04-07 01:21:41] [RUN     ] Sleeping 1 min...
[2026-04-07 01:22:41] [RUN     ] ────────────────────────────────────────────────────────────
[2026-04-07 01:22:41] [MACRO   ] BTC $68735 | 7d-high $70316 short-zone: no | 7d-low $65697 long-zone: no | 4h chg: -1.51%
[2026-04-07 01:22:41] [MACRO   ] SPX $0.28 | 7d-high $0.30 | zone: no
[2026-04-07 01:22:41] [ACCT    ] Value $0.00 | Available $0.00 | Capital used 0.0% / 30%
[2026-04-07 01:22:41] [SHORT   ] BTC not in short zone — skipping
[2026-04-07 01:22:41] [LONG    ] BTC — no position & BTC not in long zone — skipping
[2026-04-07 01:22:41] [LONG    ] SOL — no position & BTC not in long zone — skipping
[2026-04-07 01:22:41] [LONG    ] HYPE — no position & BTC not in long zone — skipping
[2026-04-07 01:22:41] [LONG    ] XRP — no position & BTC not in long zone — skipping
[2026-04-07 01:22:41] [RUN     ] Sleeping 1 min...
[2026-04-07 01:23:41] [RUN     ] ────────────────────────────────────────────────────────────
[2026-04-07 01:23:42] [MACRO   ] BTC $68700 | 7d-high $70316 short-zone: no | 7d-low $65697 long-zone: no | 4h chg: -1.56%
[2026-04-07 01:23:42] [MACRO   ] SPX $0.28 | 7d-high $0.30 | zone: no
[2026-04-07 01:23:42] [ACCT    ] Value $0.00 | Available $0.00 | Capital used 0.0% / 30%
[2026-04-07 01:23:42] [SHORT   ] BTC not in short zone — skipping
[2026-04-07 01:23:42] [LONG    ] BTC — no position & BTC not in long zone — skipping
[2026-04-07 01:23:42] [LONG    ] SOL — no position & BTC not in long zone — skipping
[2026-04-07 01:23:42] [LONG    ] HYPE — no position & BTC not in long zone — skipping
[2026-04-07 01:23:42] [LONG    ] XRP — no position & BTC not in long zone — skipping
[2026-04-07 01:23:42] [RUN     ] Sleeping 1 min...
[2026-04-07 01:24:42] [RUN     ] ────────────────────────────────────────────────────────────
[2026-04-07 01:24:43] [MACRO   ] BTC $68695 | 7d-high $70316 short-zone: no | 7d-low $65697 long-zone: no | 4h chg: -1.56%
[2026-04-07 01:24:43] [MACRO   ] SPX $0.28 | 7d-high $0.30 | zone: no
[2026-04-07 01:24:43] [ACCT    ] Value $0.00 | Available $0.00 | Capital used 0.0% / 30%
[2026-04-07 01:24:43] [SHORT   ] BTC not in short zone — skipping
[2026-04-07 01:24:43] [LONG    ] BTC — no position & BTC not in long zone — skipping
[2026-04-07 01:24:43] [LONG    ] SOL — no position & BTC not in long zone — skipping
[2026-04-07 01:24:43] [LONG    ] HYPE — no position & BTC not in long zone — skipping
[2026-04-07 01:24:43] [LONG    ] XRP — no position & BTC not in long zone — skipping
[2026-04-07 01:24:43] [RUN     ] Sleeping 1 min...
[2026-04-07 01:25:43] [RUN     ] ────────────────────────────────────────────────────────────
[2026-04-07 01:25:44] [MACRO   ] BTC $68720 | 7d-high $70316 short-zone: no | 7d-low $65697 long-zone: no | 4h chg: -1.53%
[2026-04-07 01:25:44] [MACRO   ] SPX $0.28 | 7d-high $0.30 | zone: no
[2026-04-07 01:25:44] [ACCT    ] Value $0.00 | Available $0.00 | Capital used 0.0% / 30%
[2026-04-07 01:25:44] [SHORT   ] BTC not in short zone — skipping
[2026-04-07 01:25:44] [LONG    ] BTC — no position & BTC not in long zone — skipping
[2026-04-07 01:25:44] [LONG    ] SOL — no position & BTC not in long zone — skipping
[2026-04-07 01:25:44] [LONG    ] HYPE — no position & BTC not in long zone — skipping
[2026-04-07 01:25:44] [LONG    ] XRP — no position & BTC not in long zone — skipping
[2026-04-07 01:25:44] [RUN     ] Sleeping 1 min...
[2026-04-07 01:26:44] [RUN     ] ────────────────────────────────────────────────────────────
[2026-04-07 01:26:45] [MACRO   ] BTC $68754 | 7d-high $70316 short-zone: no | 7d-low $65697 long-zone: no | 4h chg: -1.48%
[2026-04-07 01:26:45] [MACRO   ] SPX $0.28 | 7d-high $0.30 | zone: no
[2026-04-07 01:26:45] [ACCT    ] Value $0.00 | Available $0.00 | Capital used 0.0% / 30%
[2026-04-07 01:26:45] [SHORT   ] BTC not in short zone — skipping
[2026-04-07 01:26:45] [LONG    ] BTC — no position & BTC not in long zone — skipping
[2026-04-07 01:26:45] [LONG    ] SOL — no position & BTC not in long zone — skipping
[2026-04-07 01:26:45] [LONG    ] HYPE — no position & BTC not in long zone — skipping
[2026-04-07 01:26:45] [LONG    ] XRP — no position & BTC not in long zone — skipping
[2026-04-07 01:26:45] [RUN     ] Sleeping 1 min...
[2026-04-07 01:27:45] [RUN     ] ────────────────────────────────────────────────────────────
[2026-04-07 01:27:46] [MACRO   ] BTC $68748 | 7d-high $70316 short-zone: no | 7d-low $65697 long-zone: no | 4h chg: -1.49%
[2026-04-07 01:27:46] [MACRO   ] SPX $0.28 | 7d-high $0.30 | zone: no
[2026-04-07 01:27:46] [ACCT    ] Value $0.00 | Available $0.00 | Capital used 0.0% / 30%
[2026-04-07 01:27:46] [SHORT   ] BTC not in short zone — skipping
[2026-04-07 01:27:46] [LONG    ] BTC — no position & BTC not in long zone — skipping
[2026-04-07 01:27:46] [LONG    ] SOL — no position & BTC not in long zone — skipping
[2026-04-07 01:27:46] [LONG    ] HYPE — no position & BTC not in long zone — skipping
[2026-04-07 01:27:46] [LONG    ] XRP — no position & BTC not in long zone — skipping
[2026-04-07 01:27:46] [RUN     ] Sleeping 1 min...
[2026-04-07 01:28:46] [RUN     ] ────────────────────────────────────────────────────────────
[2026-04-07 01:28:46] [MACRO   ] BTC $68714 | 7d-high $70316 short-zone: no | 7d-low $65697 long-zone: no | 4h chg: -1.54%
[2026-04-07 01:28:46] [MACRO   ] SPX $0.28 | 7d-high $0.30 | zone: no
[2026-04-07 01:28:46] [ACCT    ] Value $0.00 | Available $0.00 | Capital used 0.0% / 30%
[2026-04-07 01:28:46] [SHORT   ] BTC not in short zone — skipping
[2026-04-07 01:28:46] [LONG    ] BTC — no position & BTC not in long zone — skipping
[2026-04-07 01:28:46] [LONG    ] SOL — no position & BTC not in long zone — skipping
[2026-04-07 01:28:46] [LONG    ] HYPE — no position & BTC not in long zone — skipping
[2026-04-07 01:28:46] [LONG    ] XRP — no position & BTC not in long zone — skipping
[2026-04-07 01:28:46] [RUN     ] Sleeping 1 min...
[2026-04-07 01:29:46] [RUN     ] ────────────────────────────────────────────────────────────
[2026-04-07 01:29:47] [MACRO   ] BTC $68741 | 7d-high $70316 short-zone: no | 7d-low $65697 long-zone: no | 4h chg: -1.50%
[2026-04-07 01:29:47] [MACRO   ] SPX $0.28 | 7d-high $0.30 | zone: no
[2026-04-07 01:29:47] [ACCT    ] Value $0.00 | Available $0.00 | Capital used 0.0% / 30%
[2026-04-07 01:29:47] [SHORT   ] BTC not in short zone — skipping
[2026-04-07 01:29:47] [LONG    ] BTC — no position & BTC not in long zone — skipping
[2026-04-07 01:29:47] [LONG    ] SOL — no position & BTC not in long zone — skipping
[2026-04-07 01:29:47] [LONG    ] HYPE — no position & BTC not in long zone — skipping
[2026-04-07 01:29:47] [LONG    ] XRP — no position & BTC not in long zone — skipping
[2026-04-07 01:29:47] [RUN     ] Sleeping 1 min...
[2026-04-07 01:30:47] [RUN     ] ────────────────────────────────────────────────────────────
[2026-04-07 01:30:48] [MACRO   ] BTC $68718 | 7d-high $70316 short-zone: no | 7d-low $65697 long-zone: no | 4h chg: -1.53%
[2026-04-07 01:30:48] [MACRO   ] SPX $0.28 | 7d-high $0.30 | zone: no
[2026-04-07 01:30:48] [ACCT    ] Value $0.00 | Available $0.00 | Capital used 0.0% / 30%
[2026-04-07 01:30:48] [SHORT   ] BTC not in short zone — skipping
[2026-04-07 01:30:48] [LONG    ] BTC — no position & BTC not in long zone — skipping
[2026-04-07 01:30:48] [LONG    ] SOL — no position & BTC not in long zone — skipping
[2026-04-07 01:30:48] [LONG    ] HYPE — no position & BTC not in long zone — skipping
[2026-04-07 01:30:48] [LONG    ] XRP — no position & BTC not in long zone — skipping
[2026-04-07 01:30:48] [RUN     ] Sleeping 1 min...
[2026-04-07 01:31:48] [RUN     ] ────────────────────────────────────────────────────────────
[2026-04-07 01:31:49] [MACRO   ] BTC $68716 | 7d-high $70316 short-zone: no | 7d-low $65697 long-zone: no | 4h chg: -1.53%
[2026-04-07 01:31:49] [MACRO   ] SPX $0.28 | 7d-high $0.30 | zone: no
[2026-04-07 01:31:49] [ACCT    ] Value $0.00 | Available $0.00 | Capital used 0.0% / 30%
[2026-04-07 01:31:49] [SHORT   ] BTC not in short zone — skipping
[2026-04-07 01:31:49] [LONG    ] BTC — no position & BTC not in long zone — skipping
[2026-04-07 01:31:49] [LONG    ] SOL — no position & BTC not in long zone — skipping
[2026-04-07 01:31:49] [LONG    ] HYPE — no position & BTC not in long zone — skipping
[2026-04-07 01:31:49] [LONG    ] XRP — no position & BTC not in long zone — skipping
[2026-04-07 01:31:49] [RUN     ] Sleeping 1 min...
[2026-04-07 01:32:49] [RUN     ] ────────────────────────────────────────────────────────────
[2026-04-07 01:32:49] [MACRO   ] BTC $68750 | 7d-high $70316 short-zone: no | 7d-low $65697 long-zone: no | 4h chg: -1.49%
[2026-04-07 01:32:49] [MACRO   ] SPX $0.28 | 7d-high $0.30 | zone: no
[2026-04-07 01:32:49] [ACCT    ] Value $0.00 | Available $0.00 | Capital used 0.0% / 30%
[2026-04-07 01:32:49] [SHORT   ] BTC not in short zone — skipping
[2026-04-07 01:32:49] [LONG    ] BTC — no position & BTC not in long zone — skipping
[2026-04-07 01:32:49] [LONG    ] SOL — no position & BTC not in long zone — skipping
[2026-04-07 01:32:49] [LONG    ] HYPE — no position & BTC not in long zone — skipping
[2026-04-07 01:32:49] [LONG    ] XRP — no position & BTC not in long zone — skipping
[2026-04-07 01:32:49] [RUN     ] Sleeping 1 min...
[2026-04-07 01:33:49] [RUN     ] ────────────────────────────────────────────────────────────
[2026-04-07 01:33:50] [MACRO   ] BTC $68742 | 7d-high $70316 short-zone: no | 7d-low $65697 long-zone: no | 4h chg: -1.50%
[2026-04-07 01:33:50] [MACRO   ] SPX $0.28 | 7d-high $0.30 | zone: no
[2026-04-07 01:33:50] [ACCT    ] Value $0.00 | Available $0.00 | Capital used 0.0% / 30%
[2026-04-07 01:33:50] [SHORT   ] BTC not in short zone — skipping
[2026-04-07 01:33:50] [LONG    ] BTC — no position & BTC not in long zone — skipping
[2026-04-07 01:33:50] [LONG    ] SOL — no position & BTC not in long zone — skipping
[2026-04-07 01:33:50] [LONG    ] HYPE — no position & BTC not in long zone — skipping
[2026-04-07 01:33:50] [LONG    ] XRP — no position & BTC not in long zone — skipping
[2026-04-07 01:33:50] [RUN     ] Sleeping 1 min...
[2026-04-07 01:34:50] [RUN     ] ────────────────────────────────────────────────────────────
[2026-04-07 01:34:51] [MACRO   ] BTC $68747 | 7d-high $70316 short-zone: no | 7d-low $65697 long-zone: no | 4h chg: -1.49%
[2026-04-07 01:34:51] [MACRO   ] SPX $0.28 | 7d-high $0.30 | zone: no
[2026-04-07 01:34:51] [ACCT    ] Value $0.00 | Available $0.00 | Capital used 0.0% / 30%
[2026-04-07 01:34:51] [SHORT   ] BTC not in short zone — skipping
[2026-04-07 01:34:51] [LONG    ] BTC — no position & BTC not in long zone — skipping
[2026-04-07 01:34:51] [LONG    ] SOL — no position & BTC not in long zone — skipping
[2026-04-07 01:34:51] [LONG    ] HYPE — no position & BTC not in long zone — skipping
[2026-04-07 01:34:51] [LONG    ] XRP — no position & BTC not in long zone — skipping
[2026-04-07 01:34:51] [RUN     ] Sleeping 1 min...
[2026-04-07 01:35:51] [RUN     ] ────────────────────────────────────────────────────────────
[2026-04-07 01:35:52] [MACRO   ] BTC $68728 | 7d-high $70316 short-zone: no | 7d-low $65697 long-zone: no | 4h chg: -1.52%
[2026-04-07 01:35:52] [MACRO   ] SPX $0.28 | 7d-high $0.30 | zone: no
[2026-04-07 01:35:52] [ACCT    ] Value $0.00 | Available $0.00 | Capital used 0.0% / 30%
[2026-04-07 01:35:52] [SHORT   ] BTC not in short zone — skipping
[2026-04-07 01:35:52] [LONG    ] BTC — no position & BTC not in long zone — skipping
[2026-04-07 01:35:52] [LONG    ] SOL — no position & BTC not in long zone — skipping
[2026-04-07 01:35:52] [LONG    ] HYPE — no position & BTC not in long zone — skipping
[2026-04-07 01:35:52] [LONG    ] XRP — no position & BTC not in long zone — skipping
[2026-04-07 01:35:52] [RUN     ] Sleeping 1 min...
[2026-04-07 01:36:52] [RUN     ] ────────────────────────────────────────────────────────────
[2026-04-07 01:36:52] [MACRO   ] BTC $68723 | 7d-high $70316 short-zone: no | 7d-low $65697 long-zone: no | 4h chg: -1.52%
[2026-04-07 01:36:52] [MACRO   ] SPX $0.28 | 7d-high $0.30 | zone: no
[2026-04-07 01:36:52] [ACCT    ] Value $0.00 | Available $0.00 | Capital used 0.0% / 30%
[2026-04-07 01:36:52] [SHORT   ] BTC not in short zone — skipping
[2026-04-07 01:36:52] [LONG    ] BTC — no position & BTC not in long zone — skipping
[2026-04-07 01:36:52] [LONG    ] SOL — no position & BTC not in long zone — skipping
[2026-04-07 01:36:52] [LONG    ] HYPE — no position & BTC not in long zone — skipping
[2026-04-07 01:36:52] [LONG    ] XRP — no position & BTC not in long zone — skipping
[2026-04-07 01:36:52] [RUN     ] Sleeping 1 min...
[2026-04-07 01:37:52] [RUN     ] ────────────────────────────────────────────────────────────
[2026-04-07 01:37:53] [MACRO   ] BTC $68603 | 7d-high $70316 short-zone: no | 7d-low $65697 long-zone: no | 4h chg: -1.70%
[2026-04-07 01:37:53] [MACRO   ] SPX $0.28 | 7d-high $0.30 | zone: no
[2026-04-07 01:37:53] [ACCT    ] Value $0.00 | Available $0.00 | Capital used 0.0% / 30%
[2026-04-07 01:37:53] [SHORT   ] BTC not in short zone — skipping
[2026-04-07 01:37:53] [LONG    ] BTC — no position & BTC not in long zone — skipping
[2026-04-07 01:37:53] [LONG    ] SOL — no position & BTC not in long zone — skipping
[2026-04-07 01:37:53] [LONG    ] HYPE — no position & BTC not in long zone — skipping
[2026-04-07 01:37:53] [LONG    ] XRP — no position & BTC not in long zone — skipping
[2026-04-07 01:37:53] [RUN     ] Sleeping 1 min...
[2026-04-07 01:38:53] [RUN     ] ────────────────────────────────────────────────────────────
[2026-04-07 01:38:54] [MACRO   ] BTC $68603 | 7d-high $70316 short-zone: no | 7d-low $65697 long-zone: no | 4h chg: -1.70%
[2026-04-07 01:38:54] [MACRO   ] SPX $0.28 | 7d-high $0.30 | zone: no
[2026-04-07 01:38:54] [ACCT    ] Value $0.00 | Available $0.00 | Capital used 0.0% / 30%
[2026-04-07 01:38:54] [SHORT   ] BTC not in short zone — skipping
[2026-04-07 01:38:54] [LONG    ] BTC — no position & BTC not in long zone — skipping
[2026-04-07 01:38:54] [LONG    ] SOL — no position & BTC not in long zone — skipping
[2026-04-07 01:38:54] [LONG    ] HYPE — no position & BTC not in long zone — skipping
[2026-04-07 01:38:54] [LONG    ] XRP — no position & BTC not in long zone — skipping
[2026-04-07 01:38:54] [RUN     ] Sleeping 1 min...
[2026-04-07 01:39:54] [RUN     ] ────────────────────────────────────────────────────────────
[2026-04-07 01:39:55] [MACRO   ] BTC $68554 | 7d-high $70316 short-zone: no | 7d-low $65697 long-zone: no | 4h chg: -1.77%
[2026-04-07 01:39:55] [MACRO   ] SPX $0.28 | 7d-high $0.30 | zone: no
[2026-04-07 01:39:55] [ACCT    ] Value $0.00 | Available $0.00 | Capital used 0.0% / 30%
[2026-04-07 01:39:55] [SHORT   ] BTC not in short zone — skipping
[2026-04-07 01:39:55] [LONG    ] BTC — no position & BTC not in long zone — skipping
[2026-04-07 01:39:55] [LONG    ] SOL — no position & BTC not in long zone — skipping
[2026-04-07 01:39:55] [LONG    ] HYPE — no position & BTC not in long zone — skipping
[2026-04-07 01:39:55] [LONG    ] XRP — no position & BTC not in long zone — skipping
[2026-04-07 01:39:55] [RUN     ] Sleeping 1 min...
[2026-04-07 01:40:55] [RUN     ] ────────────────────────────────────────────────────────────
[2026-04-07 01:40:56] [MACRO   ] BTC $68600 | 7d-high $70316 short-zone: no | 7d-low $65697 long-zone: no | 4h chg: -1.71%
[2026-04-07 01:40:56] [MACRO   ] SPX $0.28 | 7d-high $0.30 | zone: no
[2026-04-07 01:40:56] [ACCT    ] Value $0.00 | Available $0.00 | Capital used 0.0% / 30%
[2026-04-07 01:40:56] [SHORT   ] BTC not in short zone — skipping
[2026-04-07 01:40:56] [LONG    ] BTC — no position & BTC not in long zone — skipping
[2026-04-07 01:40:56] [LONG    ] SOL — no position & BTC not in long zone — skipping
[2026-04-07 01:40:56] [LONG    ] HYPE — no position & BTC not in long zone — skipping
[2026-04-07 01:40:56] [LONG    ] XRP — no position & BTC not in long zone — skipping
[2026-04-07 01:40:56] [RUN     ] Sleeping 1 min...
[2026-04-07 01:41:56] [RUN     ] ────────────────────────────────────────────────────────────
[2026-04-07 01:41:57] [MACRO   ] BTC $68617 | 7d-high $70316 short-zone: no | 7d-low $65697 long-zone: no | 4h chg: -1.68%
[2026-04-07 01:41:57] [MACRO   ] SPX $0.28 | 7d-high $0.30 | zone: no
[2026-04-07 01:41:57] [ACCT    ] Value $0.00 | Available $0.00 | Capital used 0.0% / 30%
[2026-04-07 01:41:57] [SHORT   ] BTC not in short zone — skipping
[2026-04-07 01:41:57] [LONG    ] BTC — no position & BTC not in long zone — skipping
[2026-04-07 01:41:57] [LONG    ] SOL — no position & BTC not in long zone — skipping
[2026-04-07 01:41:57] [LONG    ] HYPE — no position & BTC not in long zone — skipping
[2026-04-07 01:41:57] [LONG    ] XRP — no position & BTC not in long zone — skipping
[2026-04-07 01:41:57] [RUN     ] Sleeping 1 min...
[2026-04-07 01:42:57] [RUN     ] ────────────────────────────────────────────────────────────
[2026-04-07 01:42:58] [MACRO   ] BTC $68563 | 7d-high $70316 short-zone: no | 7d-low $65697 long-zone: no | 4h chg: -1.75%
[2026-04-07 01:42:58] [MACRO   ] SPX $0.28 | 7d-high $0.30 | zone: no
[2026-04-07 01:42:58] [ACCT    ] Value $0.00 | Available $0.00 | Capital used 0.0% / 30%
[2026-04-07 01:42:58] [SHORT   ] BTC not in short zone — skipping
[2026-04-07 01:42:58] [LONG    ] BTC — no position & BTC not in long zone — skipping
[2026-04-07 01:42:58] [LONG    ] SOL — no position & BTC not in long zone — skipping
[2026-04-07 01:42:58] [LONG    ] HYPE — no position & BTC not in long zone — skipping
[2026-04-07 01:42:58] [LONG    ] XRP — no position & BTC not in long zone — skipping
[2026-04-07 01:42:58] [RUN     ] Sleeping 1 min...
[2026-04-07 01:43:58] [RUN     ] ────────────────────────────────────────────────────────────
[2026-04-07 01:43:59] [MACRO   ] BTC $68594 | 7d-high $70316 short-zone: no | 7d-low $65697 long-zone: no | 4h chg: -1.71%
[2026-04-07 01:43:59] [MACRO   ] SPX $0.28 | 7d-high $0.30 | zone: no
[2026-04-07 01:43:59] [ACCT    ] Value $0.00 | Available $0.00 | Capital used 0.0% / 30%
[2026-04-07 01:43:59] [SHORT   ] BTC not in short zone — skipping
[2026-04-07 01:43:59] [LONG    ] BTC — no position & BTC not in long zone — skipping
[2026-04-07 01:43:59] [LONG    ] SOL — no position & BTC not in long zone — skipping
[2026-04-07 01:43:59] [LONG    ] HYPE — no position & BTC not in long zone — skipping
[2026-04-07 01:43:59] [LONG    ] XRP — no position & BTC not in long zone — skipping
[2026-04-07 01:43:59] [RUN     ] Sleeping 1 min...
[2026-04-07 01:44:59] [RUN     ] ────────────────────────────────────────────────────────────
[2026-04-07 01:44:59] [MACRO   ] BTC $68605 | 7d-high $70316 short-zone: no | 7d-low $65697 long-zone: no | 4h chg: -1.70%
[2026-04-07 01:44:59] [MACRO   ] SPX $0.28 | 7d-high $0.30 | zone: no
[2026-04-07 01:44:59] [ACCT    ] Value $0.00 | Available $0.00 | Capital used 0.0% / 30%
[2026-04-07 01:44:59] [SHORT   ] BTC not in short zone — skipping
[2026-04-07 01:44:59] [LONG    ] BTC — no position & BTC not in long zone — skipping
[2026-04-07 01:44:59] [LONG    ] SOL — no position & BTC not in long zone — skipping
[2026-04-07 01:44:59] [LONG    ] HYPE — no position & BTC not in long zone — skipping
[2026-04-07 01:44:59] [LONG    ] XRP — no position & BTC not in long zone — skipping
[2026-04-07 01:44:59] [RUN     ] Sleeping 1 min...
[2026-04-07 01:45:59] [RUN     ] ────────────────────────────────────────────────────────────
[2026-04-07 01:46:00] [MACRO   ] BTC $68575 | 7d-high $70316 short-zone: no | 7d-low $65697 long-zone: no | 4h chg: -1.74%
[2026-04-07 01:46:00] [MACRO   ] SPX $0.28 | 7d-high $0.30 | zone: no
[2026-04-07 01:46:00] [ACCT    ] Value $0.00 | Available $0.00 | Capital used 0.0% / 30%
[2026-04-07 01:46:00] [SHORT   ] BTC not in short zone — skipping
[2026-04-07 01:46:00] [LONG    ] BTC — no position & BTC not in long zone — skipping
[2026-04-07 01:46:00] [LONG    ] SOL — no position & BTC not in long zone — skipping
[2026-04-07 01:46:00] [LONG    ] HYPE — no position & BTC not in long zone — skipping
[2026-04-07 01:46:00] [LONG    ] XRP — no position & BTC not in long zone — skipping
[2026-04-07 01:46:00] [RUN     ] Sleeping 1 min...
[2026-04-07 01:47:00] [RUN     ] ────────────────────────────────────────────────────────────
[2026-04-07 01:47:01] [MACRO   ] BTC $68547 | 7d-high $70316 short-zone: no | 7d-low $65697 long-zone: no | 4h chg: -1.78%
[2026-04-07 01:47:01] [MACRO   ] SPX $0.28 | 7d-high $0.30 | zone: no
[2026-04-07 01:47:01] [ACCT    ] Value $0.00 | Available $0.00 | Capital used 0.0% / 30%
[2026-04-07 01:47:01] [SHORT   ] BTC not in short zone — skipping
[2026-04-07 01:47:01] [LONG    ] BTC — no position & BTC not in long zone — skipping
[2026-04-07 01:47:01] [LONG    ] SOL — no position & BTC not in long zone — skipping
[2026-04-07 01:47:01] [LONG    ] HYPE — no position & BTC not in long zone — skipping
[2026-04-07 01:47:01] [LONG    ] XRP — no position & BTC not in long zone — skipping
[2026-04-07 01:47:01] [RUN     ] Sleeping 1 min...
[2026-04-07 01:48:01] [RUN     ] ────────────────────────────────────────────────────────────
[2026-04-07 01:48:02] [MACRO   ] BTC $68524 | 7d-high $70316 short-zone: no | 7d-low $65697 long-zone: no | 4h chg: -1.81%
[2026-04-07 01:48:02] [MACRO   ] SPX $0.28 | 7d-high $0.30 | zone: no
[2026-04-07 01:48:02] [ACCT    ] Value $0.00 | Available $0.00 | Capital used 0.0% / 30%
[2026-04-07 01:48:02] [SHORT   ] BTC not in short zone — skipping
[2026-04-07 01:48:02] [LONG    ] BTC — no position & BTC not in long zone — skipping
[2026-04-07 01:48:02] [LONG    ] SOL — no position & BTC not in long zone — skipping
[2026-04-07 01:48:02] [LONG    ] HYPE — no position & BTC not in long zone — skipping
[2026-04-07 01:48:02] [LONG    ] XRP — no position & BTC not in long zone — skipping
[2026-04-07 01:48:02] [RUN     ] Sleeping 1 min...
[2026-04-07 01:49:02] [RUN     ] ────────────────────────────────────────────────────────────
[2026-04-07 01:49:02] [MACRO   ] BTC $68551 | 7d-high $70316 short-zone: no | 7d-low $65697 long-zone: no | 4h chg: -1.77%
[2026-04-07 01:49:02] [MACRO   ] SPX $0.28 | 7d-high $0.30 | zone: no
[2026-04-07 01:49:02] [ACCT    ] Value $0.00 | Available $0.00 | Capital used 0.0% / 30%
[2026-04-07 01:49:02] [SHORT   ] BTC not in short zone — skipping
[2026-04-07 01:49:02] [LONG    ] BTC — no position & BTC not in long zone — skipping
[2026-04-07 01:49:02] [LONG    ] SOL — no position & BTC not in long zone — skipping
[2026-04-07 01:49:02] [LONG    ] HYPE — no position & BTC not in long zone — skipping
[2026-04-07 01:49:02] [LONG    ] XRP — no position & BTC not in long zone — skipping
[2026-04-07 01:49:02] [RUN     ] Sleeping 1 min...
[2026-04-07 01:50:02] [RUN     ] ────────────────────────────────────────────────────────────
[2026-04-07 01:50:03] [MACRO   ] BTC $68510 | 7d-high $70316 short-zone: no | 7d-low $65697 long-zone: no | 4h chg: -1.83%
[2026-04-07 01:50:03] [MACRO   ] SPX $0.28 | 7d-high $0.30 | zone: no
[2026-04-07 01:50:03] [ACCT    ] Value $0.00 | Available $0.00 | Capital used 0.0% / 30%
[2026-04-07 01:50:03] [SHORT   ] BTC not in short zone — skipping
[2026-04-07 01:50:03] [LONG    ] BTC — no position & BTC not in long zone — skipping
[2026-04-07 01:50:03] [LONG    ] SOL — no position & BTC not in long zone — skipping
[2026-04-07 01:50:03] [LONG    ] HYPE — no position & BTC not in long zone — skipping
[2026-04-07 01:50:03] [LONG    ] XRP — no position & BTC not in long zone — skipping
[2026-04-07 01:50:03] [RUN     ] Sleeping 1 min...
[2026-04-07 01:51:03] [RUN     ] ────────────────────────────────────────────────────────────
[2026-04-07 01:51:04] [MACRO   ] BTC $68491 | 7d-high $70316 short-zone: no | 7d-low $65697 long-zone: no | 4h chg: -1.86%
[2026-04-07 01:51:04] [MACRO   ] SPX $0.28 | 7d-high $0.30 | zone: no
[2026-04-07 01:51:04] [ACCT    ] Value $0.00 | Available $0.00 | Capital used 0.0% / 30%
[2026-04-07 01:51:04] [SHORT   ] BTC not in short zone — skipping
[2026-04-07 01:51:04] [LONG    ] BTC — no position & BTC not in long zone — skipping
[2026-04-07 01:51:04] [LONG    ] SOL — no position & BTC not in long zone — skipping
[2026-04-07 01:51:04] [LONG    ] HYPE — no position & BTC not in long zone — skipping
[2026-04-07 01:51:04] [LONG    ] XRP — no position & BTC not in long zone — skipping
[2026-04-07 01:51:04] [RUN     ] Sleeping 1 min...
[2026-04-07 01:52:04] [RUN     ] ────────────────────────────────────────────────────────────
[2026-04-07 01:52:05] [MACRO   ] BTC $68438 | 7d-high $70316 short-zone: no | 7d-low $65697 long-zone: no | 4h chg: -1.93%
[2026-04-07 01:52:05] [MACRO   ] SPX $0.28 | 7d-high $0.30 | zone: no
[2026-04-07 01:52:05] [ACCT    ] Value $0.00 | Available $0.00 | Capital used 0.0% / 30%
[2026-04-07 01:52:05] [SHORT   ] BTC not in short zone — skipping
[2026-04-07 01:52:05] [LONG    ] BTC — no position & BTC not in long zone — skipping
[2026-04-07 01:52:05] [LONG    ] SOL — no position & BTC not in long zone — skipping
[2026-04-07 01:52:05] [LONG    ] HYPE — no position & BTC not in long zone — skipping
[2026-04-07 01:52:05] [LONG    ] XRP — no position & BTC not in long zone — skipping
[2026-04-07 01:52:05] [RUN     ] Sleeping 1 min...
[2026-04-07 01:53:05] [RUN     ] ────────────────────────────────────────────────────────────
[2026-04-07 01:53:06] [MACRO   ] BTC $68328 | 7d-high $70316 short-zone: no | 7d-low $65697 long-zone: no | 4h chg: -2.09%
[2026-04-07 01:53:06] [MACRO   ] SPX $0.28 | 7d-high $0.30 | zone: no
[2026-04-07 01:53:06] [ACCT    ] Value $0.00 | Available $0.00 | Capital used 0.0% / 30%
[2026-04-07 01:53:06] [SHORT   ] BTC not in short zone — skipping
[2026-04-07 01:53:06] [LONG    ] BTC — no position & BTC not in long zone — skipping
[2026-04-07 01:53:06] [LONG    ] SOL — no position & BTC not in long zone — skipping
[2026-04-07 01:53:06] [LONG    ] HYPE — no position & BTC not in long zone — skipping
[2026-04-07 01:53:06] [LONG    ] XRP — no position & BTC not in long zone — skipping
[2026-04-07 01:53:06] [RUN     ] Sleeping 1 min...
[2026-04-07 01:54:06] [RUN     ] ────────────────────────────────────────────────────────────
[2026-04-07 01:54:07] [MACRO   ] BTC $68400 | 7d-high $70316 short-zone: no | 7d-low $65697 long-zone: no | 4h chg: -1.99%
[2026-04-07 01:54:07] [MACRO   ] SPX $0.28 | 7d-high $0.30 | zone: no
[2026-04-07 01:54:07] [ACCT    ] Value $0.00 | Available $0.00 | Capital used 0.0% / 30%
[2026-04-07 01:54:07] [SHORT   ] BTC not in short zone — skipping
[2026-04-07 01:54:07] [LONG    ] BTC — no position & BTC not in long zone — skipping
[2026-04-07 01:54:07] [LONG    ] SOL — no position & BTC not in long zone — skipping
[2026-04-07 01:54:07] [LONG    ] HYPE — no position & BTC not in long zone — skipping
[2026-04-07 01:54:07] [LONG    ] XRP — no position & BTC not in long zone — skipping
[2026-04-07 01:54:07] [RUN     ] Sleeping 1 min...
[2026-04-07 01:55:07] [RUN     ] ────────────────────────────────────────────────────────────
[2026-04-07 01:55:08] [MACRO   ] BTC $68413 | 7d-high $70316 short-zone: no | 7d-low $65697 long-zone: no | 4h chg: -1.97%
[2026-04-07 01:55:08] [MACRO   ] SPX $0.28 | 7d-high $0.30 | zone: no
[2026-04-07 01:55:08] [ACCT    ] Value $0.00 | Available $0.00 | Capital used 0.0% / 30%
[2026-04-07 01:55:08] [SHORT   ] BTC not in short zone — skipping
[2026-04-07 01:55:08] [LONG    ] BTC — no position & BTC not in long zone — skipping
[2026-04-07 01:55:08] [LONG    ] SOL — no position & BTC not in long zone — skipping
[2026-04-07 01:55:08] [LONG    ] HYPE — no position & BTC not in long zone — skipping
[2026-04-07 01:55:08] [LONG    ] XRP — no position & BTC not in long zone — skipping
[2026-04-07 01:55:08] [RUN     ] Sleeping 1 min...
[2026-04-07 01:56:08] [RUN     ] ────────────────────────────────────────────────────────────
[2026-04-07 01:56:09] [MACRO   ] BTC $68445 | 7d-high $70316 short-zone: no | 7d-low $65697 long-zone: no | 4h chg: -1.92%
[2026-04-07 01:56:09] [MACRO   ] SPX $0.28 | 7d-high $0.30 | zone: no
[2026-04-07 01:56:09] [ACCT    ] Value $0.00 | Available $0.00 | Capital used 0.0% / 30%
[2026-04-07 01:56:09] [SHORT   ] BTC not in short zone — skipping
[2026-04-07 01:56:09] [LONG    ] BTC — no position & BTC not in long zone — skipping
[2026-04-07 01:56:09] [LONG    ] SOL — no position & BTC not in long zone — skipping
[2026-04-07 01:56:09] [LONG    ] HYPE — no position & BTC not in long zone — skipping
[2026-04-07 01:56:09] [LONG    ] XRP — no position & BTC not in long zone — skipping
[2026-04-07 01:56:09] [RUN     ] Sleeping 1 min...
[2026-04-07 01:57:09] [RUN     ] ────────────────────────────────────────────────────────────
[2026-04-07 01:57:10] [MACRO   ] BTC $68354 | 7d-high $70316 short-zone: no | 7d-low $65697 long-zone: no | 4h chg: -2.05%
[2026-04-07 01:57:10] [MACRO   ] SPX $0.28 | 7d-high $0.30 | zone: no
[2026-04-07 01:57:10] [ACCT    ] Value $0.00 | Available $0.00 | Capital used 0.0% / 30%
[2026-04-07 01:57:10] [SHORT   ] BTC not in short zone — skipping
[2026-04-07 01:57:10] [LONG    ] BTC — no position & BTC not in long zone — skipping
[2026-04-07 01:57:10] [LONG    ] SOL — no position & BTC not in long zone — skipping
[2026-04-07 01:57:10] [LONG    ] HYPE — no position & BTC not in long zone — skipping
[2026-04-07 01:57:10] [LONG    ] XRP — no position & BTC not in long zone — skipping
[2026-04-07 01:57:10] [RUN     ] Sleeping 1 min...
[2026-04-07 01:58:10] [RUN     ] ────────────────────────────────────────────────────────────
[2026-04-07 01:58:10] [MACRO   ] BTC $68387 | 7d-high $70316 short-zone: no | 7d-low $65697 long-zone: no | 4h chg: -2.00%
[2026-04-07 01:58:10] [MACRO   ] SPX $0.28 | 7d-high $0.30 | zone: no
[2026-04-07 01:58:10] [ACCT    ] Value $0.00 | Available $0.00 | Capital used 0.0% / 30%
[2026-04-07 01:58:10] [SHORT   ] BTC not in short zone — skipping
[2026-04-07 01:58:10] [LONG    ] BTC — no position & BTC not in long zone — skipping
[2026-04-07 01:58:10] [LONG    ] SOL — no position & BTC not in long zone — skipping
[2026-04-07 01:58:10] [LONG    ] HYPE — no position & BTC not in long zone — skipping
[2026-04-07 01:58:10] [LONG    ] XRP — no position & BTC not in long zone — skipping
[2026-04-07 01:58:10] [RUN     ] Sleeping 1 min...
[2026-04-07 01:59:10] [RUN     ] ────────────────────────────────────────────────────────────
[2026-04-07 01:59:11] [MACRO   ] BTC $68413 | 7d-high $70316 short-zone: no | 7d-low $65697 long-zone: no | 4h chg: -1.98%
[2026-04-07 01:59:11] [MACRO   ] SPX $0.28 | 7d-high $0.30 | zone: no
[2026-04-07 01:59:11] [ACCT    ] Value $0.00 | Available $0.00 | Capital used 0.0% / 30%
[2026-04-07 01:59:11] [SHORT   ] BTC not in short zone — skipping
[2026-04-07 01:59:11] [LONG    ] BTC — no position & BTC not in long zone — skipping
[2026-04-07 01:59:11] [LONG    ] SOL — no position & BTC not in long zone — skipping
[2026-04-07 01:59:11] [LONG    ] HYPE — no position & BTC not in long zone — skipping
[2026-04-07 01:59:11] [LONG    ] XRP — no position & BTC not in long zone — skipping
[2026-04-07 01:59:11] [RUN     ] Sleeping 1 min...
[2026-04-07 02:00:11] [RUN     ] ────────────────────────────────────────────────────────────
[2026-04-07 02:00:12] [MACRO   ] BTC $68349 | 7d-high $70316 short-zone: no | 7d-low $65697 long-zone: no | 4h chg: -1.61%
[2026-04-07 02:00:12] [MACRO   ] SPX $0.28 | 7d-high $0.30 | zone: no
[2026-04-07 02:00:12] [ACCT    ] Value $0.00 | Available $0.00 | Capital used 0.0% / 30%
[2026-04-07 02:00:12] [SHORT   ] BTC not in short zone — skipping
[2026-04-07 02:00:12] [LONG    ] BTC — no position & BTC not in long zone — skipping
[2026-04-07 02:00:12] [LONG    ] SOL — no position & BTC not in long zone — skipping
[2026-04-07 02:00:12] [LONG    ] HYPE — no position & BTC not in long zone — skipping
[2026-04-07 02:00:12] [LONG    ] XRP — no position & BTC not in long zone — skipping
[2026-04-07 02:00:12] [RUN     ] Sleeping 1 min...
[2026-04-07 02:01:12] [RUN     ] ────────────────────────────────────────────────────────────
[2026-04-07 02:01:13] [MACRO   ] BTC $68381 | 7d-high $70316 short-zone: no | 7d-low $65697 long-zone: no | 4h chg: -1.57%
[2026-04-07 02:01:13] [MACRO   ] SPX $0.28 | 7d-high $0.30 | zone: no
[2026-04-07 02:01:13] [ACCT    ] Value $0.00 | Available $0.00 | Capital used 0.0% / 30%
[2026-04-07 02:01:13] [SHORT   ] BTC not in short zone — skipping
[2026-04-07 02:01:13] [LONG    ] BTC — no position & BTC not in long zone — skipping
[2026-04-07 02:01:13] [LONG    ] SOL — no position & BTC not in long zone — skipping
[2026-04-07 02:01:13] [LONG    ] HYPE — no position & BTC not in long zone — skipping
[2026-04-07 02:01:13] [LONG    ] XRP — no position & BTC not in long zone — skipping
[2026-04-07 02:01:13] [RUN     ] Sleeping 1 min...
[2026-04-07 02:02:13] [RUN     ] ────────────────────────────────────────────────────────────
[2026-04-07 02:02:14] [MACRO   ] BTC $68375 | 7d-high $70316 short-zone: no | 7d-low $65697 long-zone: no | 4h chg: -1.58%
[2026-04-07 02:02:14] [MACRO   ] SPX $0.28 | 7d-high $0.30 | zone: no
[2026-04-07 02:02:14] [ACCT    ] Value $0.00 | Available $0.00 | Capital used 0.0% / 30%
[2026-04-07 02:02:14] [SHORT   ] BTC not in short zone — skipping
[2026-04-07 02:02:14] [LONG    ] BTC — no position & BTC not in long zone — skipping
[2026-04-07 02:02:14] [LONG    ] SOL — no position & BTC not in long zone — skipping
[2026-04-07 02:02:14] [LONG    ] HYPE — no position & BTC not in long zone — skipping
[2026-04-07 02:02:14] [LONG    ] XRP — no position & BTC not in long zone — skipping
[2026-04-07 02:02:14] [RUN     ] Sleeping 1 min...
[2026-04-07 02:03:14] [RUN     ] ────────────────────────────────────────────────────────────
[2026-04-07 02:03:14] [MACRO   ] BTC $68380 | 7d-high $70316 short-zone: no | 7d-low $65697 long-zone: no | 4h chg: -1.57%
[2026-04-07 02:03:14] [MACRO   ] SPX $0.28 | 7d-high $0.30 | zone: no
[2026-04-07 02:03:14] [ACCT    ] Value $0.00 | Available $0.00 | Capital used 0.0% / 30%
[2026-04-07 02:03:14] [SHORT   ] BTC not in short zone — skipping
[2026-04-07 02:03:14] [LONG    ] BTC — no position & BTC not in long zone — skipping
[2026-04-07 02:03:14] [LONG    ] SOL — no position & BTC not in long zone — skipping
[2026-04-07 02:03:14] [LONG    ] HYPE — no position & BTC not in long zone — skipping
[2026-04-07 02:03:14] [LONG    ] XRP — no position & BTC not in long zone — skipping
[2026-04-07 02:03:14] [RUN     ] Sleeping 1 min...
[2026-04-07 02:04:14] [RUN     ] ────────────────────────────────────────────────────────────
[2026-04-07 02:04:15] [MACRO   ] BTC $68361 | 7d-high $70316 short-zone: no | 7d-low $65697 long-zone: no | 4h chg: -1.60%
[2026-04-07 02:04:15] [MACRO   ] SPX $0.28 | 7d-high $0.30 | zone: no
[2026-04-07 02:04:15] [ACCT    ] Value $0.00 | Available $0.00 | Capital used 0.0% / 30%
[2026-04-07 02:04:15] [SHORT   ] BTC not in short zone — skipping
[2026-04-07 02:04:15] [LONG    ] BTC — no position & BTC not in long zone — skipping
[2026-04-07 02:04:15] [LONG    ] SOL — no position & BTC not in long zone — skipping
[2026-04-07 02:04:15] [LONG    ] HYPE — no position & BTC not in long zone — skipping
[2026-04-07 02:04:15] [LONG    ] XRP — no position & BTC not in long zone — skipping
[2026-04-07 02:04:15] [RUN     ] Sleeping 1 min...
[2026-04-07 02:05:15] [RUN     ] ────────────────────────────────────────────────────────────
[2026-04-07 02:05:16] [MACRO   ] BTC $68394 | 7d-high $70316 short-zone: no | 7d-low $65697 long-zone: no | 4h chg: -1.54%
[2026-04-07 02:05:16] [MACRO   ] SPX $0.28 | 7d-high $0.30 | zone: no
[2026-04-07 02:05:16] [ACCT    ] Value $0.00 | Available $0.00 | Capital used 0.0% / 30%
[2026-04-07 02:05:16] [SHORT   ] BTC not in short zone — skipping
[2026-04-07 02:05:16] [LONG    ] BTC — no position & BTC not in long zone — skipping
[2026-04-07 02:05:16] [LONG    ] SOL — no position & BTC not in long zone — skipping
[2026-04-07 02:05:16] [LONG    ] HYPE — no position & BTC not in long zone — skipping
[2026-04-07 02:05:16] [LONG    ] XRP — no position & BTC not in long zone — skipping
[2026-04-07 02:05:16] [RUN     ] Sleeping 1 min...
[2026-04-07 02:06:16] [RUN     ] ────────────────────────────────────────────────────────────
[2026-04-07 02:06:17] [MACRO   ] BTC $68379 | 7d-high $70316 short-zone: no | 7d-low $65697 long-zone: no | 4h chg: -1.57%
[2026-04-07 02:06:17] [MACRO   ] SPX $0.28 | 7d-high $0.30 | zone: no
[2026-04-07 02:06:17] [ACCT    ] Value $0.00 | Available $0.00 | Capital used 0.0% / 30%
[2026-04-07 02:06:17] [SHORT   ] BTC not in short zone — skipping
[2026-04-07 02:06:17] [LONG    ] BTC — no position & BTC not in long zone — skipping
[2026-04-07 02:06:17] [LONG    ] SOL — no position & BTC not in long zone — skipping
[2026-04-07 02:06:17] [LONG    ] HYPE — no position & BTC not in long zone — skipping
[2026-04-07 02:06:17] [LONG    ] XRP — no position & BTC not in long zone — skipping
[2026-04-07 02:06:17] [RUN     ] Sleeping 1 min...
[2026-04-07 02:07:17] [RUN     ] ────────────────────────────────────────────────────────────
[2026-04-07 02:07:18] [MACRO   ] BTC $68354 | 7d-high $70316 short-zone: no | 7d-low $65697 long-zone: no | 4h chg: -1.61%
[2026-04-07 02:07:18] [MACRO   ] SPX $0.28 | 7d-high $0.30 | zone: no
[2026-04-07 02:07:18] [ACCT    ] Value $0.00 | Available $0.00 | Capital used 0.0% / 30%
[2026-04-07 02:07:18] [SHORT   ] BTC not in short zone — skipping
[2026-04-07 02:07:18] [LONG    ] BTC — no position & BTC not in long zone — skipping
[2026-04-07 02:07:18] [LONG    ] SOL — no position & BTC not in long zone — skipping
[2026-04-07 02:07:18] [LONG    ] HYPE — no position & BTC not in long zone — skipping
[2026-04-07 02:07:18] [LONG    ] XRP — no position & BTC not in long zone — skipping
[2026-04-07 02:07:18] [RUN     ] Sleeping 1 min...
[2026-04-07 02:08:18] [RUN     ] ────────────────────────────────────────────────────────────
[2026-04-07 02:08:18] [MACRO   ] BTC $68261 | 7d-high $70316 short-zone: no | 7d-low $65697 long-zone: no | 4h chg: -1.74%
[2026-04-07 02:08:18] [MACRO   ] SPX $0.28 | 7d-high $0.30 | zone: no
[2026-04-07 02:08:18] [ACCT    ] Value $0.00 | Available $0.00 | Capital used 0.0% / 30%
[2026-04-07 02:08:18] [SHORT   ] BTC not in short zone — skipping
[2026-04-07 02:08:18] [LONG    ] BTC — no position & BTC not in long zone — skipping
[2026-04-07 02:08:18] [LONG    ] SOL — no position & BTC not in long zone — skipping
[2026-04-07 02:08:18] [LONG    ] HYPE — no position & BTC not in long zone — skipping
[2026-04-07 02:08:18] [LONG    ] XRP — no position & BTC not in long zone — skipping
[2026-04-07 02:08:18] [RUN     ] Sleeping 1 min...
[2026-04-07 02:09:18] [RUN     ] ────────────────────────────────────────────────────────────
[2026-04-07 02:09:19] [MACRO   ] BTC $68378 | 7d-high $70316 short-zone: no | 7d-low $65697 long-zone: no | 4h chg: -1.57%
[2026-04-07 02:09:19] [MACRO   ] SPX $0.28 | 7d-high $0.30 | zone: no
[2026-04-07 02:09:19] [ACCT    ] Value $0.00 | Available $0.00 | Capital used 0.0% / 30%
[2026-04-07 02:09:19] [SHORT   ] BTC not in short zone — skipping
[2026-04-07 02:09:19] [LONG    ] BTC — no position & BTC not in long zone — skipping
[2026-04-07 02:09:19] [LONG    ] SOL — no position & BTC not in long zone — skipping
[2026-04-07 02:09:19] [LONG    ] HYPE — no position & BTC not in long zone — skipping
[2026-04-07 02:09:19] [LONG    ] XRP — no position & BTC not in long zone — skipping
[2026-04-07 02:09:19] [RUN     ] Sleeping 1 min...
[2026-04-07 02:10:19] [RUN     ] ────────────────────────────────────────────────────────────
[2026-04-07 02:10:20] [MACRO   ] BTC $68445 | 7d-high $70316 short-zone: no | 7d-low $65697 long-zone: no | 4h chg: -1.48%
[2026-04-07 02:10:20] [MACRO   ] SPX $0.28 | 7d-high $0.30 | zone: no
[2026-04-07 02:10:20] [ACCT    ] Value $0.00 | Available $0.00 | Capital used 0.0% / 30%
[2026-04-07 02:10:20] [SHORT   ] BTC not in short zone — skipping
[2026-04-07 02:10:20] [LONG    ] BTC — no position & BTC not in long zone — skipping
[2026-04-07 02:10:20] [LONG    ] SOL — no position & BTC not in long zone — skipping
[2026-04-07 02:10:20] [LONG    ] HYPE — no position & BTC not in long zone — skipping
[2026-04-07 02:10:20] [LONG    ] XRP — no position & BTC not in long zone — skipping
[2026-04-07 02:10:20] [RUN     ] Sleeping 1 min...
[2026-04-07 02:11:20] [RUN     ] ────────────────────────────────────────────────────────────
[2026-04-07 02:11:21] [MACRO   ] BTC $68422 | 7d-high $70316 short-zone: no | 7d-low $65697 long-zone: no | 4h chg: -1.51%
[2026-04-07 02:11:21] [MACRO   ] SPX $0.28 | 7d-high $0.30 | zone: no
[2026-04-07 02:11:21] [ACCT    ] Value $0.00 | Available $0.00 | Capital used 0.0% / 30%
[2026-04-07 02:11:21] [SHORT   ] BTC not in short zone — skipping
[2026-04-07 02:11:21] [LONG    ] BTC — no position & BTC not in long zone — skipping
[2026-04-07 02:11:21] [LONG    ] SOL — no position & BTC not in long zone — skipping
[2026-04-07 02:11:21] [LONG    ] HYPE — no position & BTC not in long zone — skipping
[2026-04-07 02:11:21] [LONG    ] XRP — no position & BTC not in long zone — skipping
[2026-04-07 02:11:21] [RUN     ] Sleeping 1 min...
[2026-04-07 02:12:21] [RUN     ] ────────────────────────────────────────────────────────────
[2026-04-07 02:12:22] [MACRO   ] BTC $68397 | 7d-high $70316 short-zone: no | 7d-low $65697 long-zone: no | 4h chg: -1.54%
[2026-04-07 02:12:22] [MACRO   ] SPX $0.28 | 7d-high $0.30 | zone: no
[2026-04-07 02:12:22] [ACCT    ] Value $0.00 | Available $0.00 | Capital used 0.0% / 30%
[2026-04-07 02:12:22] [SHORT   ] BTC not in short zone — skipping
[2026-04-07 02:12:22] [LONG    ] BTC — no position & BTC not in long zone — skipping
[2026-04-07 02:12:22] [LONG    ] SOL — no position & BTC not in long zone — skipping
[2026-04-07 02:12:22] [LONG    ] HYPE — no position & BTC not in long zone — skipping
[2026-04-07 02:12:22] [LONG    ] XRP — no position & BTC not in long zone — skipping
[2026-04-07 02:12:22] [RUN     ] Sleeping 1 min...
[2026-04-07 02:13:22] [RUN     ] ────────────────────────────────────────────────────────────
[2026-04-07 02:13:22] [MACRO   ] BTC $68381 | 7d-high $70316 short-zone: no | 7d-low $65697 long-zone: no | 4h chg: -1.57%
[2026-04-07 02:13:22] [MACRO   ] SPX $0.28 | 7d-high $0.30 | zone: no
[2026-04-07 02:13:22] [ACCT    ] Value $0.00 | Available $0.00 | Capital used 0.0% / 30%
[2026-04-07 02:13:22] [SHORT   ] BTC not in short zone — skipping
[2026-04-07 02:13:22] [LONG    ] BTC — no position & BTC not in long zone — skipping
[2026-04-07 02:13:22] [LONG    ] SOL — no position & BTC not in long zone — skipping
[2026-04-07 02:13:22] [LONG    ] HYPE — no position & BTC not in long zone — skipping
[2026-04-07 02:13:22] [LONG    ] XRP — no position & BTC not in long zone — skipping
[2026-04-07 02:13:22] [RUN     ] Sleeping 1 min...
[2026-04-07 02:14:22] [RUN     ] ────────────────────────────────────────────────────────────
[2026-04-07 02:14:23] [MACRO   ] BTC $68401 | 7d-high $70316 short-zone: no | 7d-low $65697 long-zone: no | 4h chg: -1.54%
[2026-04-07 02:14:23] [MACRO   ] SPX $0.28 | 7d-high $0.30 | zone: no
[2026-04-07 02:14:23] [ACCT    ] Value $0.00 | Available $0.00 | Capital used 0.0% / 30%
[2026-04-07 02:14:23] [SHORT   ] BTC not in short zone — skipping
[2026-04-07 02:14:23] [LONG    ] BTC — no position & BTC not in long zone — skipping
[2026-04-07 02:14:23] [LONG    ] SOL — no position & BTC not in long zone — skipping
[2026-04-07 02:14:23] [LONG    ] HYPE — no position & BTC not in long zone — skipping
[2026-04-07 02:14:23] [LONG    ] XRP — no position & BTC not in long zone — skipping
[2026-04-07 02:14:23] [RUN     ] Sleeping 1 min...
[2026-04-07 02:15:23] [RUN     ] ────────────────────────────────────────────────────────────
[2026-04-07 02:15:24] [MACRO   ] BTC $68399 | 7d-high $70316 short-zone: no | 7d-low $65697 long-zone: no | 4h chg: -1.54%
[2026-04-07 02:15:24] [MACRO   ] SPX $0.28 | 7d-high $0.30 | zone: no
[2026-04-07 02:15:24] [ACCT    ] Value $0.00 | Available $0.00 | Capital used 0.0% / 30%
[2026-04-07 02:15:24] [SHORT   ] BTC not in short zone — skipping
[2026-04-07 02:15:24] [LONG    ] BTC — no position & BTC not in long zone — skipping
[2026-04-07 02:15:24] [LONG    ] SOL — no position & BTC not in long zone — skipping
[2026-04-07 02:15:24] [LONG    ] HYPE — no position & BTC not in long zone — skipping
[2026-04-07 02:15:24] [LONG    ] XRP — no position & BTC not in long zone — skipping
[2026-04-07 02:15:24] [RUN     ] Sleeping 1 min...
[2026-04-07 02:16:24] [RUN     ] ────────────────────────────────────────────────────────────
[2026-04-07 02:16:25] [MACRO   ] BTC $68384 | 7d-high $70316 short-zone: no | 7d-low $65697 long-zone: no | 4h chg: -1.56%
[2026-04-07 02:16:25] [MACRO   ] SPX $0.28 | 7d-high $0.30 | zone: no
[2026-04-07 02:16:25] [ACCT    ] Value $0.00 | Available $0.00 | Capital used 0.0% / 30%
[2026-04-07 02:16:25] [SHORT   ] BTC not in short zone — skipping
[2026-04-07 02:16:25] [LONG    ] BTC — no position & BTC not in long zone — skipping
[2026-04-07 02:16:25] [LONG    ] SOL — no position & BTC not in long zone — skipping
[2026-04-07 02:16:25] [LONG    ] HYPE — no position & BTC not in long zone — skipping
[2026-04-07 02:16:25] [LONG    ] XRP — no position & BTC not in long zone — skipping
[2026-04-07 02:16:25] [RUN     ] Sleeping 1 min...
[2026-04-07 02:17:25] [RUN     ] ────────────────────────────────────────────────────────────
[2026-04-07 02:17:25] [MACRO   ] BTC $68407 | 7d-high $70316 short-zone: no | 7d-low $65697 long-zone: no | 4h chg: -1.53%
[2026-04-07 02:17:25] [MACRO   ] SPX $0.28 | 7d-high $0.30 | zone: no
[2026-04-07 02:17:25] [ACCT    ] Value $0.00 | Available $0.00 | Capital used 0.0% / 30%
[2026-04-07 02:17:25] [SHORT   ] BTC not in short zone — skipping
[2026-04-07 02:17:25] [LONG    ] BTC — no position & BTC not in long zone — skipping
[2026-04-07 02:17:25] [LONG    ] SOL — no position & BTC not in long zone — skipping
[2026-04-07 02:17:25] [LONG    ] HYPE — no position & BTC not in long zone — skipping
[2026-04-07 02:17:25] [LONG    ] XRP — no position & BTC not in long zone — skipping
[2026-04-07 02:17:25] [RUN     ] Sleeping 1 min...
[2026-04-07 02:18:25] [RUN     ] ────────────────────────────────────────────────────────────
[2026-04-07 02:18:26] [MACRO   ] BTC $68449 | 7d-high $70316 short-zone: no | 7d-low $65697 long-zone: no | 4h chg: -1.47%
[2026-04-07 02:18:26] [MACRO   ] SPX $0.28 | 7d-high $0.30 | zone: no
[2026-04-07 02:18:26] [ACCT    ] Value $0.00 | Available $0.00 | Capital used 0.0% / 30%
[2026-04-07 02:18:26] [SHORT   ] BTC not in short zone — skipping
[2026-04-07 02:18:26] [LONG    ] BTC — no position & BTC not in long zone — skipping
[2026-04-07 02:18:26] [LONG    ] SOL — no position & BTC not in long zone — skipping
[2026-04-07 02:18:26] [LONG    ] HYPE — no position & BTC not in long zone — skipping
[2026-04-07 02:18:26] [LONG    ] XRP — no position & BTC not in long zone — skipping
[2026-04-07 02:18:26] [RUN     ] Sleeping 1 min...
[2026-04-07 02:19:26] [RUN     ] ────────────────────────────────────────────────────────────
[2026-04-07 02:19:27] [MACRO   ] BTC $68453 | 7d-high $70316 short-zone: no | 7d-low $65697 long-zone: no | 4h chg: -1.46%
[2026-04-07 02:19:27] [MACRO   ] SPX $0.28 | 7d-high $0.30 | zone: no
[2026-04-07 02:19:27] [ACCT    ] Value $0.00 | Available $0.00 | Capital used 0.0% / 30%
[2026-04-07 02:19:27] [SHORT   ] BTC not in short zone — skipping
[2026-04-07 02:19:27] [LONG    ] BTC — no position & BTC not in long zone — skipping
[2026-04-07 02:19:27] [LONG    ] SOL — no position & BTC not in long zone — skipping
[2026-04-07 02:19:27] [LONG    ] HYPE — no position & BTC not in long zone — skipping
[2026-04-07 02:19:27] [LONG    ] XRP — no position & BTC not in long zone — skipping
[2026-04-07 02:19:27] [RUN     ] Sleeping 1 min...
[2026-04-07 02:19:55] [START   ] ════════════════════════════════════════════════════════════
[2026-04-07 02:19:55] [START   ] Insolvent Terminal — Strategy Manager
[2026-04-07 02:19:55] [START   ] Address:   0xE05B576cDB74634D5c94Fb8C95f80431258992fe
[2026-04-07 02:19:55] [START   ] Long:      BTC, SOL, HYPE, XRP
[2026-04-07 02:19:55] [START   ] Short:     ALGO, CHILLGUY, PUMP
[2026-04-07 02:19:55] [START   ] Cap limit: 30% | Short zone: 0.5% from 7d high | Long zone: 0.5% from 7d low | Interval: 5min
[2026-04-07 02:19:55] [START   ] ════════════════════════════════════════════════════════════
[2026-04-07 02:19:56] [RUN     ] ────────────────────────────────────────────────────────────
[2026-04-07 02:19:56] [MACRO   ] BTC $68476 | 7d-high $70316 short-zone: no | 7d-low $65697 long-zone: no | 4h chg: -1.42%
[2026-04-07 02:19:56] [MACRO   ] SPX $0.28 | 7d-high $0.30 | zone: no
[2026-04-07 02:19:56] [ACCT    ] Value $0.00 | Available $0.00 | Capital used 0.0% / 30%
[2026-04-07 02:19:56] [SHORT   ] BTC not in short zone — skipping
[2026-04-07 02:19:56] [LONG    ] BTC — no position & BTC not in long zone — skipping
[2026-04-07 02:19:56] [LONG    ] SOL — no position & BTC not in long zone — skipping
[2026-04-07 02:19:56] [LONG    ] HYPE — no position & BTC not in long zone — skipping
[2026-04-07 02:19:56] [LONG    ] XRP — no position & BTC not in long zone — skipping
[2026-04-07 02:19:56] [RUN     ] Sleeping 5 min...
[2026-04-07 02:20:16] [EXIT    ] Process exited — code ?
[2026-04-07 02:20:19] [START   ] ════════════════════════════════════════════════════════════
[2026-04-07 02:20:19] [START   ] Insolvent Terminal — Strategy Manager
[2026-04-07 02:20:19] [START   ] Address:   0xE05B576cDB74634D5c94Fb8C95f80431258992fe
[2026-04-07 02:20:19] [START   ] Long:      BTC, SOL, HYPE, XRP
[2026-04-07 02:20:19] [START   ] Short:     ALGO, CHILLGUY, PUMP
[2026-04-07 02:20:19] [START   ] Cap limit: 30% | Short zone: 0.5% from 7d high | Long zone: 0.5% from 7d low | Interval: 1min
[2026-04-07 02:20:19] [START   ] ════════════════════════════════════════════════════════════
[2026-04-07 02:20:20] [RUN     ] ────────────────────────────────────────────────────────────
[2026-04-07 02:20:21] [MACRO   ] BTC $68508 | 7d-high $70316 short-zone: no | 7d-low $65697 long-zone: no | 4h chg: -1.38%
[2026-04-07 02:20:21] [MACRO   ] SPX $0.28 | 7d-high $0.30 | zone: no
[2026-04-07 02:20:21] [ACCT    ] Value $0.00 | Available $0.00 | Capital used 0.0% / 30%
[2026-04-07 02:20:21] [SHORT   ] BTC not in short zone — skipping
[2026-04-07 02:20:21] [LONG    ] BTC — no position & BTC not in long zone — skipping
[2026-04-07 02:20:21] [LONG    ] SOL — no position & BTC not in long zone — skipping
[2026-04-07 02:20:21] [LONG    ] HYPE — no position & BTC not in long zone — skipping
[2026-04-07 02:20:21] [LONG    ] XRP — no position & BTC not in long zone — skipping
[2026-04-07 02:20:21] [RUN     ] Sleeping 1 min...
[2026-04-07 02:20:27] [RUN     ] ────────────────────────────────────────────────────────────
[2026-04-07 02:20:27] [MACRO   ] BTC $68508 | 7d-high $70316 short-zone: no | 7d-low $65697 long-zone: no | 4h chg: -1.38%
[2026-04-07 02:20:27] [MACRO   ] SPX $0.28 | 7d-high $0.30 | zone: no
[2026-04-07 02:20:27] [ACCT    ] Value $0.00 | Available $0.00 | Capital used 0.0% / 30%
[2026-04-07 02:20:27] [SHORT   ] BTC not in short zone — skipping
[2026-04-07 02:20:27] [LONG    ] BTC — no position & BTC not in long zone — skipping
[2026-04-07 02:20:27] [LONG    ] SOL — no position & BTC not in long zone — skipping
[2026-04-07 02:20:27] [LONG    ] HYPE — no position & BTC not in long zone — skipping
[2026-04-07 02:20:27] [LONG    ] XRP — no position & BTC not in long zone — skipping
[2026-04-07 02:20:27] [RUN     ] Sleeping 1 min...
[2026-04-07 02:21:21] [RUN     ] ────────────────────────────────────────────────────────────
[2026-04-07 02:21:21] [MACRO   ] BTC $68503 | 7d-high $70316 short-zone: no | 7d-low $65697 long-zone: no | 4h chg: -1.39%
[2026-04-07 02:21:21] [MACRO   ] SPX $0.28 | 7d-high $0.30 | zone: no
[2026-04-07 02:21:21] [ACCT    ] Value $0.00 | Available $0.00 | Capital used 0.0% / 30%
[2026-04-07 02:21:21] [SHORT   ] BTC not in short zone — skipping
[2026-04-07 02:21:21] [LONG    ] BTC — no position & BTC not in long zone — skipping
[2026-04-07 02:21:21] [LONG    ] SOL — no position & BTC not in long zone — skipping
[2026-04-07 02:21:21] [LONG    ] HYPE — no position & BTC not in long zone — skipping
[2026-04-07 02:21:21] [LONG    ] XRP — no position & BTC not in long zone — skipping
[2026-04-07 02:21:21] [RUN     ] Sleeping 1 min...
[2026-04-07 02:21:27] [RUN     ] ────────────────────────────────────────────────────────────
[2026-04-07 02:21:29] [MACRO   ] BTC $68503 | 7d-high $70316 short-zone: no | 7d-low $65697 long-zone: no | 4h chg: -1.39%
[2026-04-07 02:21:29] [MACRO   ] SPX $0.28 | 7d-high $0.30 | zone: no
[2026-04-07 02:21:29] [ACCT    ] Value $0.00 | Available $0.00 | Capital used 0.0% / 30%
[2026-04-07 02:21:29] [SHORT   ] BTC not in short zone — skipping
[2026-04-07 02:21:29] [LONG    ] BTC — no position & BTC not in long zone — skipping
[2026-04-07 02:21:29] [LONG    ] SOL — no position & BTC not in long zone — skipping
[2026-04-07 02:21:29] [LONG    ] HYPE — no position & BTC not in long zone — skipping
[2026-04-07 02:21:29] [LONG    ] XRP — no position & BTC not in long zone — skipping
[2026-04-07 02:21:29] [RUN     ] Sleeping 1 min...
[2026-04-07 02:22:21] [RUN     ] ────────────────────────────────────────────────────────────
[2026-04-07 02:22:22] [MACRO   ] BTC $68413 | 7d-high $70316 short-zone: no | 7d-low $65697 long-zone: no | 4h chg: -1.52%
[2026-04-07 02:22:22] [MACRO   ] SPX $0.28 | 7d-high $0.30 | zone: no
[2026-04-07 02:22:22] [ACCT    ] Value $0.00 | Available $0.00 | Capital used 0.0% / 30%
[2026-04-07 02:22:22] [SHORT   ] BTC not in short zone — skipping
[2026-04-07 02:22:22] [LONG    ] BTC — no position & BTC not in long zone — skipping
[2026-04-07 02:22:22] [LONG    ] SOL — no position & BTC not in long zone — skipping
[2026-04-07 02:22:22] [LONG    ] HYPE — no position & BTC not in long zone — skipping
[2026-04-07 02:22:22] [LONG    ] XRP — no position & BTC not in long zone — skipping
[2026-04-07 02:22:22] [RUN     ] Sleeping 1 min...
[2026-04-07 02:22:29] [RUN     ] ────────────────────────────────────────────────────────────
[2026-04-07 02:22:29] [MACRO   ] BTC $68413 | 7d-high $70316 short-zone: no | 7d-low $65697 long-zone: no | 4h chg: -1.52%
[2026-04-07 02:22:29] [MACRO   ] SPX $0.28 | 7d-high $0.30 | zone: no
[2026-04-07 02:22:29] [ACCT    ] Value $0.00 | Available $0.00 | Capital used 0.0% / 30%
[2026-04-07 02:22:29] [SHORT   ] BTC not in short zone — skipping
[2026-04-07 02:22:29] [LONG    ] BTC — no position & BTC not in long zone — skipping
[2026-04-07 02:22:29] [LONG    ] SOL — no position & BTC not in long zone — skipping
[2026-04-07 02:22:29] [LONG    ] HYPE — no position & BTC not in long zone — skipping
[2026-04-07 02:22:29] [LONG    ] XRP — no position & BTC not in long zone — skipping
[2026-04-07 02:22:29] [RUN     ] Sleeping 1 min...
[2026-04-07 02:23:22] [RUN     ] ────────────────────────────────────────────────────────────
[2026-04-07 02:23:23] [MACRO   ] BTC $68474 | 7d-high $70316 short-zone: no | 7d-low $65697 long-zone: no | 4h chg: -1.42%
[2026-04-07 02:23:23] [MACRO   ] SPX $0.28 | 7d-high $0.30 | zone: no
[2026-04-07 02:23:23] [ACCT    ] Value $0.00 | Available $0.00 | Capital used 0.0% / 30%
[2026-04-07 02:23:23] [SHORT   ] BTC not in short zone — skipping
[2026-04-07 02:23:23] [LONG    ] BTC — no position & BTC not in long zone — skipping
[2026-04-07 02:23:23] [LONG    ] SOL — no position & BTC not in long zone — skipping
[2026-04-07 02:23:23] [LONG    ] HYPE — no position & BTC not in long zone — skipping
[2026-04-07 02:23:23] [LONG    ] XRP — no position & BTC not in long zone — skipping
[2026-04-07 02:23:23] [RUN     ] Sleeping 1 min...
[2026-04-07 02:23:29] [RUN     ] ────────────────────────────────────────────────────────────
[2026-04-07 02:23:30] [MACRO   ] BTC $68483 | 7d-high $70316 short-zone: no | 7d-low $65697 long-zone: no | 4h chg: -1.42%
[2026-04-07 02:23:30] [MACRO   ] SPX $0.28 | 7d-high $0.30 | zone: no
[2026-04-07 02:23:30] [ACCT    ] Value $0.00 | Available $0.00 | Capital used 0.0% / 30%
[2026-04-07 02:23:30] [SHORT   ] BTC not in short zone — skipping
[2026-04-07 02:23:30] [LONG    ] BTC — no position & BTC not in long zone — skipping
[2026-04-07 02:23:30] [LONG    ] SOL — no position & BTC not in long zone — skipping
[2026-04-07 02:23:30] [LONG    ] HYPE — no position & BTC not in long zone — skipping
[2026-04-07 02:23:30] [LONG    ] XRP — no position & BTC not in long zone — skipping
[2026-04-07 02:23:30] [RUN     ] Sleeping 1 min...
[2026-04-07 02:23:52] [EXIT    ] Process exited — code ?
[2026-04-07 02:24:30] [RUN     ] ────────────────────────────────────────────────────────────
[2026-04-07 02:24:31] [MACRO   ] BTC $68520 | 7d-high $70316 short-zone: no | 7d-low $65697 long-zone: no | 4h chg: -1.37%
[2026-04-07 02:24:31] [MACRO   ] SPX $0.28 | 7d-high $0.30 | zone: no
[2026-04-07 02:24:31] [ACCT    ] Value $0.00 | Available $0.00 | Capital used 0.0% / 30%
[2026-04-07 02:24:31] [SHORT   ] BTC not in short zone — skipping
[2026-04-07 02:24:31] [LONG    ] BTC — no position & BTC not in long zone — skipping
[2026-04-07 02:24:31] [LONG    ] SOL — no position & BTC not in long zone — skipping
[2026-04-07 02:24:31] [LONG    ] HYPE — no position & BTC not in long zone — skipping
[2026-04-07 02:24:31] [LONG    ] XRP — no position & BTC not in long zone — skipping
[2026-04-07 02:24:31] [RUN     ] Sleeping 1 min...
[2026-04-07 02:25:31] [RUN     ] ────────────────────────────────────────────────────────────
[2026-04-07 02:25:32] [MACRO   ] BTC $68501 | 7d-high $70316 short-zone: no | 7d-low $65697 long-zone: no | 4h chg: -1.39%
[2026-04-07 02:25:32] [MACRO   ] SPX $0.28 | 7d-high $0.30 | zone: no
[2026-04-07 02:25:32] [ACCT    ] Value $0.00 | Available $0.00 | Capital used 0.0% / 30%
[2026-04-07 02:25:32] [SHORT   ] BTC not in short zone — skipping
[2026-04-07 02:25:32] [LONG    ] BTC — no position & BTC not in long zone — skipping
[2026-04-07 02:25:32] [LONG    ] SOL — no position & BTC not in long zone — skipping
[2026-04-07 02:25:32] [LONG    ] HYPE — no position & BTC not in long zone — skipping
[2026-04-07 02:25:32] [LONG    ] XRP — no position & BTC not in long zone — skipping
[2026-04-07 02:25:32] [RUN     ] Sleeping 1 min...
[2026-04-07 02:26:32] [RUN     ] ────────────────────────────────────────────────────────────
[2026-04-07 02:26:33] [MACRO   ] BTC $68526 | 7d-high $70316 short-zone: no | 7d-low $65697 long-zone: no | 4h chg: -1.36%
[2026-04-07 02:26:33] [MACRO   ] SPX $0.28 | 7d-high $0.30 | zone: no
[2026-04-07 02:26:33] [ACCT    ] Value $0.00 | Available $0.00 | Capital used 0.0% / 30%
[2026-04-07 02:26:33] [SHORT   ] BTC not in short zone — skipping
[2026-04-07 02:26:33] [LONG    ] BTC — no position & BTC not in long zone — skipping
[2026-04-07 02:26:33] [LONG    ] SOL — no position & BTC not in long zone — skipping
[2026-04-07 02:26:33] [LONG    ] HYPE — no position & BTC not in long zone — skipping
[2026-04-07 02:26:33] [LONG    ] XRP — no position & BTC not in long zone — skipping
[2026-04-07 02:26:33] [RUN     ] Sleeping 1 min...
[2026-04-07 02:27:33] [RUN     ] ────────────────────────────────────────────────────────────
[2026-04-07 02:27:33] [MACRO   ] BTC $68502 | 7d-high $70316 short-zone: no | 7d-low $65697 long-zone: no | 4h chg: -1.39%
[2026-04-07 02:27:33] [MACRO   ] SPX $0.28 | 7d-high $0.30 | zone: no
[2026-04-07 02:27:33] [ACCT    ] Value $0.00 | Available $0.00 | Capital used 0.0% / 30%
[2026-04-07 02:27:33] [SHORT   ] BTC not in short zone — skipping
[2026-04-07 02:27:33] [LONG    ] BTC — no position & BTC not in long zone — skipping
[2026-04-07 02:27:33] [LONG    ] SOL — no position & BTC not in long zone — skipping
[2026-04-07 02:27:33] [LONG    ] HYPE — no position & BTC not in long zone — skipping
[2026-04-07 02:27:33] [LONG    ] XRP — no position & BTC not in long zone — skipping
[2026-04-07 02:27:33] [RUN     ] Sleeping 1 min...
[2026-04-07 02:28:33] [RUN     ] ────────────────────────────────────────────────────────────
[2026-04-07 02:28:34] [MACRO   ] BTC $68541 | 7d-high $70316 short-zone: no | 7d-low $65697 long-zone: no | 4h chg: -1.34%
[2026-04-07 02:28:34] [MACRO   ] SPX $0.28 | 7d-high $0.30 | zone: no
[2026-04-07 02:28:34] [ACCT    ] Value $0.00 | Available $0.00 | Capital used 0.0% / 30%
[2026-04-07 02:28:34] [SHORT   ] BTC not in short zone — skipping
[2026-04-07 02:28:34] [LONG    ] BTC — no position & BTC not in long zone — skipping
[2026-04-07 02:28:34] [LONG    ] SOL — no position & BTC not in long zone — skipping
[2026-04-07 02:28:34] [LONG    ] HYPE — no position & BTC not in long zone — skipping
[2026-04-07 02:28:34] [LONG    ] XRP — no position & BTC not in long zone — skipping
[2026-04-07 02:28:34] [RUN     ] Sleeping 1 min...
[2026-04-07 02:29:34] [RUN     ] ────────────────────────────────────────────────────────────
[2026-04-07 02:29:35] [MACRO   ] BTC $68525 | 7d-high $70316 short-zone: no | 7d-low $65697 long-zone: no | 4h chg: -1.36%
[2026-04-07 02:29:35] [MACRO   ] SPX $0.28 | 7d-high $0.30 | zone: no
[2026-04-07 02:29:35] [ACCT    ] Value $0.00 | Available $0.00 | Capital used 0.0% / 30%
[2026-04-07 02:29:35] [SHORT   ] BTC not in short zone — skipping
[2026-04-07 02:29:35] [LONG    ] BTC — no position & BTC not in long zone — skipping
[2026-04-07 02:29:35] [LONG    ] SOL — no position & BTC not in long zone — skipping
[2026-04-07 02:29:35] [LONG    ] HYPE — no position & BTC not in long zone — skipping
[2026-04-07 02:29:35] [LONG    ] XRP — no position & BTC not in long zone — skipping
[2026-04-07 02:29:35] [RUN     ] Sleeping 1 min...
[2026-04-07 02:30:35] [RUN     ] ────────────────────────────────────────────────────────────
[2026-04-07 02:30:36] [MACRO   ] BTC $68551 | 7d-high $70316 short-zone: no | 7d-low $65697 long-zone: no | 4h chg: -1.32%
[2026-04-07 02:30:36] [MACRO   ] SPX $0.28 | 7d-high $0.30 | zone: no
[2026-04-07 02:30:36] [ACCT    ] Value $0.00 | Available $0.00 | Capital used 0.0% / 30%
[2026-04-07 02:30:36] [SHORT   ] BTC not in short zone — skipping
[2026-04-07 02:30:36] [LONG    ] BTC — no position & BTC not in long zone — skipping
[2026-04-07 02:30:36] [LONG    ] SOL — no position & BTC not in long zone — skipping
[2026-04-07 02:30:36] [LONG    ] HYPE — no position & BTC not in long zone — skipping
[2026-04-07 02:30:36] [LONG    ] XRP — no position & BTC not in long zone — skipping
[2026-04-07 02:30:36] [RUN     ] Sleeping 1 min...
[2026-04-07 02:31:36] [RUN     ] ────────────────────────────────────────────────────────────
[2026-04-07 02:31:36] [MACRO   ] BTC $68556 | 7d-high $70316 short-zone: no | 7d-low $65697 long-zone: no | 4h chg: -1.32%
[2026-04-07 02:31:36] [MACRO   ] SPX $0.28 | 7d-high $0.30 | zone: no
[2026-04-07 02:31:36] [ACCT    ] Value $0.00 | Available $0.00 | Capital used 0.0% / 30%
[2026-04-07 02:31:36] [SHORT   ] BTC not in short zone — skipping
[2026-04-07 02:31:36] [LONG    ] BTC — no position & BTC not in long zone — skipping
[2026-04-07 02:31:36] [LONG    ] SOL — no position & BTC not in long zone — skipping
[2026-04-07 02:31:36] [LONG    ] HYPE — no position & BTC not in long zone — skipping
[2026-04-07 02:31:36] [LONG    ] XRP — no position & BTC not in long zone — skipping
[2026-04-07 02:31:36] [RUN     ] Sleeping 1 min...
[2026-04-07 02:32:36] [RUN     ] ────────────────────────────────────────────────────────────
[2026-04-07 02:32:37] [MACRO   ] BTC $68516 | 7d-high $70316 short-zone: no | 7d-low $65697 long-zone: no | 4h chg: -1.37%
[2026-04-07 02:32:37] [MACRO   ] SPX $0.28 | 7d-high $0.30 | zone: no
[2026-04-07 02:32:37] [ACCT    ] Value $0.00 | Available $0.00 | Capital used 0.0% / 30%
[2026-04-07 02:32:37] [SHORT   ] BTC not in short zone — skipping
[2026-04-07 02:32:37] [LONG    ] BTC — no position & BTC not in long zone — skipping
[2026-04-07 02:32:37] [LONG    ] SOL — no position & BTC not in long zone — skipping
[2026-04-07 02:32:37] [LONG    ] HYPE — no position & BTC not in long zone — skipping
[2026-04-07 02:32:37] [LONG    ] XRP — no position & BTC not in long zone — skipping
[2026-04-07 02:32:37] [RUN     ] Sleeping 1 min...
[2026-04-07 02:33:37] [RUN     ] ────────────────────────────────────────────────────────────
[2026-04-07 02:33:38] [MACRO   ] BTC $68500 | 7d-high $70316 short-zone: no | 7d-low $65697 long-zone: no | 4h chg: -1.39%
[2026-04-07 02:33:38] [MACRO   ] SPX $0.28 | 7d-high $0.30 | zone: no
[2026-04-07 02:33:38] [ACCT    ] Value $0.00 | Available $0.00 | Capital used 0.0% / 30%
[2026-04-07 02:33:38] [SHORT   ] BTC not in short zone — skipping
[2026-04-07 02:33:38] [LONG    ] BTC — no position & BTC not in long zone — skipping
[2026-04-07 02:33:38] [LONG    ] SOL — no position & BTC not in long zone — skipping
[2026-04-07 02:33:38] [LONG    ] HYPE — no position & BTC not in long zone — skipping
[2026-04-07 02:33:38] [LONG    ] XRP — no position & BTC not in long zone — skipping
[2026-04-07 02:33:38] [RUN     ] Sleeping 1 min...
[2026-04-07 02:34:38] [RUN     ] ────────────────────────────────────────────────────────────
[2026-04-07 02:34:40] [MACRO   ] BTC $68486 | 7d-high $70316 short-zone: no | 7d-low $65697 long-zone: no | 4h chg: -1.42%
[2026-04-07 02:34:40] [MACRO   ] SPX $0.28 | 7d-high $0.30 | zone: no
[2026-04-07 02:34:40] [ACCT    ] Value $0.00 | Available $0.00 | Capital used 0.0% / 30%
[2026-04-07 02:34:40] [SHORT   ] BTC not in short zone — skipping
[2026-04-07 02:34:40] [LONG    ] BTC — no position & BTC not in long zone — skipping
[2026-04-07 02:34:40] [LONG    ] SOL — no position & BTC not in long zone — skipping
[2026-04-07 02:34:40] [LONG    ] HYPE — no position & BTC not in long zone — skipping
[2026-04-07 02:34:40] [LONG    ] XRP — no position & BTC not in long zone — skipping
[2026-04-07 02:34:40] [RUN     ] Sleeping 1 min...
[2026-04-07 02:35:40] [RUN     ] ────────────────────────────────────────────────────────────
[2026-04-07 02:35:41] [MACRO   ] BTC $68537 | 7d-high $70316 short-zone: no | 7d-low $65697 long-zone: no | 4h chg: -1.34%
[2026-04-07 02:35:41] [MACRO   ] SPX $0.28 | 7d-high $0.30 | zone: no
[2026-04-07 02:35:41] [ACCT    ] Value $0.00 | Available $0.00 | Capital used 0.0% / 30%
[2026-04-07 02:35:41] [SHORT   ] BTC not in short zone — skipping
[2026-04-07 02:35:41] [LONG    ] BTC — no position & BTC not in long zone — skipping
[2026-04-07 02:35:41] [LONG    ] SOL — no position & BTC not in long zone — skipping
[2026-04-07 02:35:41] [LONG    ] HYPE — no position & BTC not in long zone — skipping
[2026-04-07 02:35:41] [LONG    ] XRP — no position & BTC not in long zone — skipping
[2026-04-07 02:35:41] [RUN     ] Sleeping 1 min...
[2026-04-07 02:36:41] [RUN     ] ────────────────────────────────────────────────────────────
[2026-04-07 02:36:41] [MACRO   ] BTC $68563 | 7d-high $70316 short-zone: no | 7d-low $65697 long-zone: no | 4h chg: -1.31%
[2026-04-07 02:36:41] [MACRO   ] SPX $0.28 | 7d-high $0.30 | zone: no
[2026-04-07 02:36:41] [ACCT    ] Value $0.00 | Available $0.00 | Capital used 0.0% / 30%
[2026-04-07 02:36:41] [SHORT   ] BTC not in short zone — skipping
[2026-04-07 02:36:41] [LONG    ] BTC — no position & BTC not in long zone — skipping
[2026-04-07 02:36:41] [LONG    ] SOL — no position & BTC not in long zone — skipping
[2026-04-07 02:36:41] [LONG    ] HYPE — no position & BTC not in long zone — skipping
[2026-04-07 02:36:41] [LONG    ] XRP — no position & BTC not in long zone — skipping
[2026-04-07 02:36:41] [RUN     ] Sleeping 1 min...
[2026-04-07 02:37:41] [RUN     ] ────────────────────────────────────────────────────────────
[2026-04-07 02:37:42] [MACRO   ] BTC $68604 | 7d-high $70316 short-zone: no | 7d-low $65697 long-zone: no | 4h chg: -1.24%
[2026-04-07 02:37:42] [MACRO   ] SPX $0.28 | 7d-high $0.30 | zone: no
[2026-04-07 02:37:42] [ACCT    ] Value $0.00 | Available $0.00 | Capital used 0.0% / 30%
[2026-04-07 02:37:42] [SHORT   ] BTC not in short zone — skipping
[2026-04-07 02:37:42] [LONG    ] BTC — no position & BTC not in long zone — skipping
[2026-04-07 02:37:42] [LONG    ] SOL — no position & BTC not in long zone — skipping
[2026-04-07 02:37:42] [LONG    ] HYPE — no position & BTC not in long zone — skipping
[2026-04-07 02:37:42] [LONG    ] XRP — no position & BTC not in long zone — skipping
[2026-04-07 02:37:42] [RUN     ] Sleeping 1 min...
[2026-04-07 02:38:42] [RUN     ] ────────────────────────────────────────────────────────────
[2026-04-07 02:38:43] [MACRO   ] BTC $68678 | 7d-high $70316 short-zone: no | 7d-low $65697 long-zone: no | 4h chg: -1.14%
[2026-04-07 02:38:43] [MACRO   ] SPX $0.28 | 7d-high $0.30 | zone: no
[2026-04-07 02:38:43] [ACCT    ] Value $0.00 | Available $0.00 | Capital used 0.0% / 30%
[2026-04-07 02:38:43] [SHORT   ] BTC not in short zone — skipping
[2026-04-07 02:38:43] [LONG    ] BTC — no position & BTC not in long zone — skipping
[2026-04-07 02:38:43] [LONG    ] SOL — no position & BTC not in long zone — skipping
[2026-04-07 02:38:43] [LONG    ] HYPE — no position & BTC not in long zone — skipping
[2026-04-07 02:38:43] [LONG    ] XRP — no position & BTC not in long zone — skipping
[2026-04-07 02:38:43] [RUN     ] Sleeping 1 min...
[2026-04-07 02:39:43] [RUN     ] ────────────────────────────────────────────────────────────
[2026-04-07 02:39:44] [MACRO   ] BTC $68665 | 7d-high $70316 short-zone: no | 7d-low $65697 long-zone: no | 4h chg: -1.16%
[2026-04-07 02:39:44] [MACRO   ] SPX $0.28 | 7d-high $0.30 | zone: no
[2026-04-07 02:39:44] [ACCT    ] Value $0.00 | Available $0.00 | Capital used 0.0% / 30%
[2026-04-07 02:39:44] [SHORT   ] BTC not in short zone — skipping
[2026-04-07 02:39:44] [LONG    ] BTC — no position & BTC not in long zone — skipping
[2026-04-07 02:39:44] [LONG    ] SOL — no position & BTC not in long zone — skipping
[2026-04-07 02:39:44] [LONG    ] HYPE — no position & BTC not in long zone — skipping
[2026-04-07 02:39:44] [LONG    ] XRP — no position & BTC not in long zone — skipping
[2026-04-07 02:39:44] [RUN     ] Sleeping 1 min...
[2026-04-07 02:40:44] [RUN     ] ────────────────────────────────────────────────────────────
[2026-04-07 02:40:45] [MACRO   ] BTC $68652 | 7d-high $70316 short-zone: no | 7d-low $65697 long-zone: no | 4h chg: -1.18%
[2026-04-07 02:40:45] [MACRO   ] SPX $0.28 | 7d-high $0.30 | zone: no
[2026-04-07 02:40:45] [ACCT    ] Value $0.00 | Available $0.00 | Capital used 0.0% / 30%
[2026-04-07 02:40:45] [SHORT   ] BTC not in short zone — skipping
[2026-04-07 02:40:45] [LONG    ] BTC — no position & BTC not in long zone — skipping
[2026-04-07 02:40:45] [LONG    ] SOL — no position & BTC not in long zone — skipping
[2026-04-07 02:40:45] [LONG    ] HYPE — no position & BTC not in long zone — skipping
[2026-04-07 02:40:45] [LONG    ] XRP — no position & BTC not in long zone — skipping
[2026-04-07 02:40:45] [RUN     ] Sleeping 1 min...
[2026-04-07 02:41:45] [RUN     ] ────────────────────────────────────────────────────────────
[2026-04-07 02:41:46] [MACRO   ] BTC $68654 | 7d-high $70316 short-zone: no | 7d-low $65697 long-zone: no | 4h chg: -1.18%
[2026-04-07 02:41:46] [MACRO   ] SPX $0.28 | 7d-high $0.30 | zone: no
[2026-04-07 02:41:46] [ACCT    ] Value $0.00 | Available $0.00 | Capital used 0.0% / 30%
[2026-04-07 02:41:46] [SHORT   ] BTC not in short zone — skipping
[2026-04-07 02:41:46] [LONG    ] BTC — no position & BTC not in long zone — skipping
[2026-04-07 02:41:46] [LONG    ] SOL — no position & BTC not in long zone — skipping
[2026-04-07 02:41:46] [LONG    ] HYPE — no position & BTC not in long zone — skipping
[2026-04-07 02:41:46] [LONG    ] XRP — no position & BTC not in long zone — skipping
[2026-04-07 02:41:46] [RUN     ] Sleeping 1 min...
[2026-04-07 02:42:46] [RUN     ] ────────────────────────────────────────────────────────────
[2026-04-07 02:42:46] [MACRO   ] BTC $68618 | 7d-high $70316 short-zone: no | 7d-low $65697 long-zone: no | 4h chg: -1.23%
[2026-04-07 02:42:46] [MACRO   ] SPX $0.28 | 7d-high $0.30 | zone: no
[2026-04-07 02:42:46] [ACCT    ] Value $0.00 | Available $0.00 | Capital used 0.0% / 30%
[2026-04-07 02:42:46] [SHORT   ] BTC not in short zone — skipping
[2026-04-07 02:42:46] [LONG    ] BTC — no position & BTC not in long zone — skipping
[2026-04-07 02:42:46] [LONG    ] SOL — no position & BTC not in long zone — skipping
[2026-04-07 02:42:46] [LONG    ] HYPE — no position & BTC not in long zone — skipping
[2026-04-07 02:42:46] [LONG    ] XRP — no position & BTC not in long zone — skipping
[2026-04-07 02:42:46] [RUN     ] Sleeping 1 min...
[2026-04-07 02:43:46] [RUN     ] ────────────────────────────────────────────────────────────
[2026-04-07 02:43:47] [MACRO   ] BTC $68577 | 7d-high $70316 short-zone: no | 7d-low $65697 long-zone: no | 4h chg: -1.29%
[2026-04-07 02:43:47] [MACRO   ] SPX $0.28 | 7d-high $0.30 | zone: no
[2026-04-07 02:43:47] [ACCT    ] Value $0.00 | Available $0.00 | Capital used 0.0% / 30%
[2026-04-07 02:43:47] [SHORT   ] BTC not in short zone — skipping
[2026-04-07 02:43:47] [LONG    ] BTC — no position & BTC not in long zone — skipping
[2026-04-07 02:43:47] [LONG    ] SOL — no position & BTC not in long zone — skipping
[2026-04-07 02:43:47] [LONG    ] HYPE — no position & BTC not in long zone — skipping
[2026-04-07 02:43:47] [LONG    ] XRP — no position & BTC not in long zone — skipping
[2026-04-07 02:43:47] [RUN     ] Sleeping 1 min...
[2026-04-07 02:44:47] [RUN     ] ────────────────────────────────────────────────────────────
[2026-04-07 02:44:49] [MACRO   ] BTC $68589 | 7d-high $70316 short-zone: no | 7d-low $65697 long-zone: no | 4h chg: -1.27%
[2026-04-07 02:44:49] [MACRO   ] SPX $0.28 | 7d-high $0.30 | zone: no
[2026-04-07 02:44:49] [ACCT    ] Value $0.00 | Available $0.00 | Capital used 0.0% / 30%
[2026-04-07 02:44:49] [SHORT   ] BTC not in short zone — skipping
[2026-04-07 02:44:49] [LONG    ] BTC — no position & BTC not in long zone — skipping
[2026-04-07 02:44:49] [LONG    ] SOL — no position & BTC not in long zone — skipping
[2026-04-07 02:44:49] [LONG    ] HYPE — no position & BTC not in long zone — skipping
[2026-04-07 02:44:49] [LONG    ] XRP — no position & BTC not in long zone — skipping
[2026-04-07 02:44:49] [RUN     ] Sleeping 1 min...
[2026-04-07 02:45:49] [RUN     ] ────────────────────────────────────────────────────────────
[2026-04-07 02:45:50] [MACRO   ] BTC $68572 | 7d-high $70316 short-zone: no | 7d-low $65697 long-zone: no | 4h chg: -1.29%
[2026-04-07 02:45:50] [MACRO   ] SPX $0.28 | 7d-high $0.30 | zone: no
[2026-04-07 02:45:50] [ACCT    ] Value $0.00 | Available $0.00 | Capital used 0.0% / 30%
[2026-04-07 02:45:50] [SHORT   ] BTC not in short zone — skipping
[2026-04-07 02:45:50] [LONG    ] BTC — no position & BTC not in long zone — skipping
[2026-04-07 02:45:50] [LONG    ] SOL — no position & BTC not in long zone — skipping
[2026-04-07 02:45:50] [LONG    ] HYPE — no position & BTC not in long zone — skipping
[2026-04-07 02:45:50] [LONG    ] XRP — no position & BTC not in long zone — skipping
[2026-04-07 02:45:50] [RUN     ] Sleeping 1 min...
[2026-04-07 02:46:50] [RUN     ] ────────────────────────────────────────────────────────────
[2026-04-07 02:46:51] [MACRO   ] BTC $68559 | 7d-high $70316 short-zone: no | 7d-low $65697 long-zone: no | 4h chg: -1.31%
[2026-04-07 02:46:51] [MACRO   ] SPX $0.28 | 7d-high $0.30 | zone: no
[2026-04-07 02:46:51] [ACCT    ] Value $0.00 | Available $0.00 | Capital used 0.0% / 30%
[2026-04-07 02:46:51] [SHORT   ] BTC not in short zone — skipping
[2026-04-07 02:46:51] [LONG    ] BTC — no position & BTC not in long zone — skipping
[2026-04-07 02:46:51] [LONG    ] SOL — no position & BTC not in long zone — skipping
[2026-04-07 02:46:51] [LONG    ] HYPE — no position & BTC not in long zone — skipping
[2026-04-07 02:46:51] [LONG    ] XRP — no position & BTC not in long zone — skipping
[2026-04-07 02:46:51] [RUN     ] Sleeping 1 min...
[2026-04-07 02:47:51] [RUN     ] ────────────────────────────────────────────────────────────
[2026-04-07 02:47:52] [MACRO   ] BTC $68595 | 7d-high $70316 short-zone: no | 7d-low $65697 long-zone: no | 4h chg: -1.26%
[2026-04-07 02:47:52] [MACRO   ] SPX $0.28 | 7d-high $0.30 | zone: no
[2026-04-07 02:47:52] [ACCT    ] Value $0.00 | Available $0.00 | Capital used 0.0% / 30%
[2026-04-07 02:47:52] [SHORT   ] BTC not in short zone — skipping
[2026-04-07 02:47:52] [LONG    ] BTC — no position & BTC not in long zone — skipping
[2026-04-07 02:47:52] [LONG    ] SOL — no position & BTC not in long zone — skipping
[2026-04-07 02:47:52] [LONG    ] HYPE — no position & BTC not in long zone — skipping
[2026-04-07 02:47:52] [LONG    ] XRP — no position & BTC not in long zone — skipping
[2026-04-07 02:47:52] [RUN     ] Sleeping 1 min...
[2026-04-07 02:48:52] [RUN     ] ────────────────────────────────────────────────────────────
[2026-04-07 02:48:52] [MACRO   ] BTC $68594 | 7d-high $70316 short-zone: no | 7d-low $65697 long-zone: no | 4h chg: -1.26%
[2026-04-07 02:48:52] [MACRO   ] SPX $0.28 | 7d-high $0.30 | zone: no
[2026-04-07 02:48:52] [ACCT    ] Value $0.00 | Available $0.00 | Capital used 0.0% / 30%
[2026-04-07 02:48:52] [SHORT   ] BTC not in short zone — skipping
[2026-04-07 02:48:52] [LONG    ] BTC — no position & BTC not in long zone — skipping
[2026-04-07 02:48:52] [LONG    ] SOL — no position & BTC not in long zone — skipping
[2026-04-07 02:48:52] [LONG    ] HYPE — no position & BTC not in long zone — skipping
[2026-04-07 02:48:52] [LONG    ] XRP — no position & BTC not in long zone — skipping
[2026-04-07 02:48:52] [RUN     ] Sleeping 1 min...
[2026-04-07 02:49:52] [RUN     ] ────────────────────────────────────────────────────────────
[2026-04-07 02:49:53] [MACRO   ] BTC $68594 | 7d-high $70316 short-zone: no | 7d-low $65697 long-zone: no | 4h chg: -1.26%
[2026-04-07 02:49:53] [MACRO   ] SPX $0.28 | 7d-high $0.30 | zone: no
[2026-04-07 02:49:53] [ACCT    ] Value $0.00 | Available $0.00 | Capital used 0.0% / 30%
[2026-04-07 02:49:53] [SHORT   ] BTC not in short zone — skipping
[2026-04-07 02:49:53] [LONG    ] BTC — no position & BTC not in long zone — skipping
[2026-04-07 02:49:53] [LONG    ] SOL — no position & BTC not in long zone — skipping
[2026-04-07 02:49:53] [LONG    ] HYPE — no position & BTC not in long zone — skipping
[2026-04-07 02:49:53] [LONG    ] XRP — no position & BTC not in long zone — skipping
[2026-04-07 02:49:53] [RUN     ] Sleeping 1 min...
[2026-04-07 02:50:53] [RUN     ] ────────────────────────────────────────────────────────────
[2026-04-07 02:50:54] [MACRO   ] BTC $68588 | 7d-high $70316 short-zone: no | 7d-low $65697 long-zone: no | 4h chg: -1.27%
[2026-04-07 02:50:54] [MACRO   ] SPX $0.28 | 7d-high $0.30 | zone: no
[2026-04-07 02:50:54] [ACCT    ] Value $0.00 | Available $0.00 | Capital used 0.0% / 30%
[2026-04-07 02:50:54] [SHORT   ] BTC not in short zone — skipping
[2026-04-07 02:50:54] [LONG    ] BTC — no position & BTC not in long zone — skipping
[2026-04-07 02:50:54] [LONG    ] SOL — no position & BTC not in long zone — skipping
[2026-04-07 02:50:54] [LONG    ] HYPE — no position & BTC not in long zone — skipping
[2026-04-07 02:50:54] [LONG    ] XRP — no position & BTC not in long zone — skipping
[2026-04-07 02:50:54] [RUN     ] Sleeping 1 min...
[2026-04-07 02:51:54] [RUN     ] ────────────────────────────────────────────────────────────
[2026-04-07 02:51:55] [MACRO   ] BTC $68548 | 7d-high $70316 short-zone: no | 7d-low $65697 long-zone: no | 4h chg: -1.33%
[2026-04-07 02:51:55] [MACRO   ] SPX $0.28 | 7d-high $0.30 | zone: no
[2026-04-07 02:51:55] [ACCT    ] Value $0.00 | Available $0.00 | Capital used 0.0% / 30%
[2026-04-07 02:51:55] [SHORT   ] BTC not in short zone — skipping
[2026-04-07 02:51:55] [LONG    ] BTC — no position & BTC not in long zone — skipping
[2026-04-07 02:51:55] [LONG    ] SOL — no position & BTC not in long zone — skipping
[2026-04-07 02:51:55] [LONG    ] HYPE — no position & BTC not in long zone — skipping
[2026-04-07 02:51:55] [LONG    ] XRP — no position & BTC not in long zone — skipping
[2026-04-07 02:51:55] [RUN     ] Sleeping 1 min...
[2026-04-07 02:52:55] [RUN     ] ────────────────────────────────────────────────────────────
[2026-04-07 02:52:55] [MACRO   ] BTC $68545 | 7d-high $70316 short-zone: no | 7d-low $65697 long-zone: no | 4h chg: -1.33%
[2026-04-07 02:52:55] [MACRO   ] SPX $0.28 | 7d-high $0.30 | zone: no
[2026-04-07 02:52:55] [ACCT    ] Value $0.00 | Available $0.00 | Capital used 0.0% / 30%
[2026-04-07 02:52:55] [SHORT   ] BTC not in short zone — skipping
[2026-04-07 02:52:55] [LONG    ] BTC — no position & BTC not in long zone — skipping
[2026-04-07 02:52:55] [LONG    ] SOL — no position & BTC not in long zone — skipping
[2026-04-07 02:52:55] [LONG    ] HYPE — no position & BTC not in long zone — skipping
[2026-04-07 02:52:55] [LONG    ] XRP — no position & BTC not in long zone — skipping
[2026-04-07 02:52:55] [RUN     ] Sleeping 1 min...
[2026-04-07 02:53:55] [RUN     ] ────────────────────────────────────────────────────────────
[2026-04-07 02:53:56] [MACRO   ] BTC $68570 | 7d-high $70316 short-zone: no | 7d-low $65697 long-zone: no | 4h chg: -1.30%
[2026-04-07 02:53:56] [MACRO   ] SPX $0.28 | 7d-high $0.30 | zone: no
[2026-04-07 02:53:56] [ACCT    ] Value $0.00 | Available $0.00 | Capital used 0.0% / 30%
[2026-04-07 02:53:56] [SHORT   ] BTC not in short zone — skipping
[2026-04-07 02:53:56] [LONG    ] BTC — no position & BTC not in long zone — skipping
[2026-04-07 02:53:56] [LONG    ] SOL — no position & BTC not in long zone — skipping
[2026-04-07 02:53:56] [LONG    ] HYPE — no position & BTC not in long zone — skipping
[2026-04-07 02:53:56] [LONG    ] XRP — no position & BTC not in long zone — skipping
[2026-04-07 02:53:56] [RUN     ] Sleeping 1 min...
[2026-04-07 02:54:56] [RUN     ] ────────────────────────────────────────────────────────────
[2026-04-07 02:54:57] [MACRO   ] BTC $68600 | 7d-high $70316 short-zone: no | 7d-low $65697 long-zone: no | 4h chg: -1.25%
[2026-04-07 02:54:57] [MACRO   ] SPX $0.28 | 7d-high $0.30 | zone: no
[2026-04-07 02:54:57] [ACCT    ] Value $0.00 | Available $0.00 | Capital used 0.0% / 30%
[2026-04-07 02:54:57] [SHORT   ] BTC not in short zone — skipping
[2026-04-07 02:54:57] [LONG    ] BTC — no position & BTC not in long zone — skipping
[2026-04-07 02:54:57] [LONG    ] SOL — no position & BTC not in long zone — skipping
[2026-04-07 02:54:57] [LONG    ] HYPE — no position & BTC not in long zone — skipping
[2026-04-07 02:54:57] [LONG    ] XRP — no position & BTC not in long zone — skipping
[2026-04-07 02:54:57] [RUN     ] Sleeping 1 min...
[2026-04-07 02:55:57] [RUN     ] ────────────────────────────────────────────────────────────
[2026-04-07 02:55:58] [MACRO   ] BTC $68565 | 7d-high $70316 short-zone: no | 7d-low $65697 long-zone: no | 4h chg: -1.30%
[2026-04-07 02:55:58] [MACRO   ] SPX $0.28 | 7d-high $0.30 | zone: no
[2026-04-07 02:55:58] [ACCT    ] Value $0.00 | Available $0.00 | Capital used 0.0% / 30%
[2026-04-07 02:55:58] [SHORT   ] BTC not in short zone — skipping
[2026-04-07 02:55:58] [LONG    ] BTC — no position & BTC not in long zone — skipping
[2026-04-07 02:55:58] [LONG    ] SOL — no position & BTC not in long zone — skipping
[2026-04-07 02:55:58] [LONG    ] HYPE — no position & BTC not in long zone — skipping
[2026-04-07 02:55:58] [LONG    ] XRP — no position & BTC not in long zone — skipping
[2026-04-07 02:55:58] [RUN     ] Sleeping 1 min...
[2026-04-07 02:56:58] [RUN     ] ────────────────────────────────────────────────────────────
[2026-04-07 02:56:58] [MACRO   ] BTC $68586 | 7d-high $70316 short-zone: no | 7d-low $65697 long-zone: no | 4h chg: -1.27%
[2026-04-07 02:56:58] [MACRO   ] SPX $0.28 | 7d-high $0.30 | zone: no
[2026-04-07 02:56:59] [ACCT    ] Value $0.00 | Available $0.00 | Capital used 0.0% / 30%
[2026-04-07 02:56:59] [SHORT   ] BTC not in short zone — skipping
[2026-04-07 02:56:59] [LONG    ] BTC — no position & BTC not in long zone — skipping
[2026-04-07 02:56:59] [LONG    ] SOL — no position & BTC not in long zone — skipping
[2026-04-07 02:56:59] [LONG    ] HYPE — no position & BTC not in long zone — skipping
[2026-04-07 02:56:59] [LONG    ] XRP — no position & BTC not in long zone — skipping
[2026-04-07 02:56:59] [RUN     ] Sleeping 1 min...
[2026-04-07 02:57:59] [RUN     ] ────────────────────────────────────────────────────────────
[2026-04-07 02:58:00] [MACRO   ] BTC $68643 | 7d-high $70316 short-zone: no | 7d-low $65697 long-zone: no | 4h chg: -1.19%
[2026-04-07 02:58:00] [MACRO   ] SPX $0.28 | 7d-high $0.30 | zone: no
[2026-04-07 02:58:00] [ACCT    ] Value $0.00 | Available $0.00 | Capital used 0.0% / 30%
[2026-04-07 02:58:00] [SHORT   ] BTC not in short zone — skipping
[2026-04-07 02:58:00] [LONG    ] BTC — no position & BTC not in long zone — skipping
[2026-04-07 02:58:00] [LONG    ] SOL — no position & BTC not in long zone — skipping
[2026-04-07 02:58:00] [LONG    ] HYPE — no position & BTC not in long zone — skipping
[2026-04-07 02:58:00] [LONG    ] XRP — no position & BTC not in long zone — skipping
[2026-04-07 02:58:00] [RUN     ] Sleeping 1 min...
[2026-04-07 02:59:00] [RUN     ] ────────────────────────────────────────────────────────────
[2026-04-07 02:59:00] [MACRO   ] BTC $68647 | 7d-high $70316 short-zone: no | 7d-low $65697 long-zone: no | 4h chg: -1.18%
[2026-04-07 02:59:00] [MACRO   ] SPX $0.28 | 7d-high $0.30 | zone: no
[2026-04-07 02:59:00] [ACCT    ] Value $0.00 | Available $0.00 | Capital used 0.0% / 30%
[2026-04-07 02:59:00] [SHORT   ] BTC not in short zone — skipping
[2026-04-07 02:59:00] [LONG    ] BTC — no position & BTC not in long zone — skipping
[2026-04-07 02:59:00] [LONG    ] SOL — no position & BTC not in long zone — skipping
[2026-04-07 02:59:00] [LONG    ] HYPE — no position & BTC not in long zone — skipping
[2026-04-07 02:59:00] [LONG    ] XRP — no position & BTC not in long zone — skipping
[2026-04-07 02:59:00] [RUN     ] Sleeping 1 min...
[2026-04-07 03:00:00] [RUN     ] ────────────────────────────────────────────────────────────
[2026-04-07 03:00:01] [MACRO   ] BTC $68648 | 7d-high $70316 short-zone: no | 7d-low $65697 long-zone: no | 4h chg: -0.18%
[2026-04-07 03:00:01] [MACRO   ] SPX $0.28 | 7d-high $0.30 | zone: no
[2026-04-07 03:00:01] [ACCT    ] Value $0.00 | Available $0.00 | Capital used 0.0% / 30%
[2026-04-07 03:00:01] [SHORT   ] BTC not in short zone — skipping
[2026-04-07 03:00:01] [LONG    ] BTC — no position & BTC not in long zone — skipping
[2026-04-07 03:00:01] [LONG    ] SOL — no position & BTC not in long zone — skipping
[2026-04-07 03:00:01] [LONG    ] HYPE — no position & BTC not in long zone — skipping
[2026-04-07 03:00:01] [LONG    ] XRP — no position & BTC not in long zone — skipping
[2026-04-07 03:00:01] [RUN     ] Sleeping 1 min...
[2026-04-07 03:01:01] [RUN     ] ────────────────────────────────────────────────────────────
[2026-04-07 03:01:02] [MACRO   ] BTC $68694 | 7d-high $70316 short-zone: no | 7d-low $65697 long-zone: no | 4h chg: -0.11%
[2026-04-07 03:01:02] [MACRO   ] SPX $0.28 | 7d-high $0.30 | zone: no
[2026-04-07 03:01:02] [ACCT    ] Value $0.00 | Available $0.00 | Capital used 0.0% / 30%
[2026-04-07 03:01:02] [SHORT   ] BTC not in short zone — skipping
[2026-04-07 03:01:02] [LONG    ] BTC — no position & BTC not in long zone — skipping
[2026-04-07 03:01:02] [LONG    ] SOL — no position & BTC not in long zone — skipping
[2026-04-07 03:01:02] [LONG    ] HYPE — no position & BTC not in long zone — skipping
[2026-04-07 03:01:02] [LONG    ] XRP — no position & BTC not in long zone — skipping
[2026-04-07 03:01:02] [RUN     ] Sleeping 1 min...
[2026-04-07 03:02:02] [RUN     ] ────────────────────────────────────────────────────────────
[2026-04-07 03:02:03] [MACRO   ] BTC $68666 | 7d-high $70316 short-zone: no | 7d-low $65697 long-zone: no | 4h chg: -0.15%
[2026-04-07 03:02:03] [MACRO   ] SPX $0.28 | 7d-high $0.30 | zone: no
[2026-04-07 03:02:03] [ACCT    ] Value $0.00 | Available $0.00 | Capital used 0.0% / 30%
[2026-04-07 03:02:03] [SHORT   ] BTC not in short zone — skipping
[2026-04-07 03:02:03] [LONG    ] BTC — no position & BTC not in long zone — skipping
[2026-04-07 03:02:03] [LONG    ] SOL — no position & BTC not in long zone — skipping
[2026-04-07 03:02:03] [LONG    ] HYPE — no position & BTC not in long zone — skipping
[2026-04-07 03:02:03] [LONG    ] XRP — no position & BTC not in long zone — skipping
[2026-04-07 03:02:03] [RUN     ] Sleeping 1 min...
[2026-04-07 03:03:03] [RUN     ] ────────────────────────────────────────────────────────────
[2026-04-07 03:03:03] [MACRO   ] BTC $68691 | 7d-high $70316 short-zone: no | 7d-low $65697 long-zone: no | 4h chg: -0.11%
[2026-04-07 03:03:03] [MACRO   ] SPX $0.28 | 7d-high $0.30 | zone: no
[2026-04-07 03:03:04] [ACCT    ] Value $0.00 | Available $0.00 | Capital used 0.0% / 30%
[2026-04-07 03:03:04] [SHORT   ] BTC not in short zone — skipping
[2026-04-07 03:03:04] [LONG    ] BTC — no position & BTC not in long zone — skipping
[2026-04-07 03:03:04] [LONG    ] SOL — no position & BTC not in long zone — skipping
[2026-04-07 03:03:04] [LONG    ] HYPE — no position & BTC not in long zone — skipping
[2026-04-07 03:03:04] [LONG    ] XRP — no position & BTC not in long zone — skipping
[2026-04-07 03:03:04] [RUN     ] Sleeping 1 min...
[2026-04-07 03:04:04] [RUN     ] ────────────────────────────────────────────────────────────
[2026-04-07 03:04:04] [MACRO   ] BTC $68651 | 7d-high $70316 short-zone: no | 7d-low $65697 long-zone: no | 4h chg: -0.17%
[2026-04-07 03:04:04] [MACRO   ] SPX $0.28 | 7d-high $0.30 | zone: no
[2026-04-07 03:04:04] [ACCT    ] Value $0.00 | Available $0.00 | Capital used 0.0% / 30%
[2026-04-07 03:04:04] [SHORT   ] BTC not in short zone — skipping
[2026-04-07 03:04:04] [LONG    ] BTC — no position & BTC not in long zone — skipping
[2026-04-07 03:04:04] [LONG    ] SOL — no position & BTC not in long zone — skipping
[2026-04-07 03:04:04] [LONG    ] HYPE — no position & BTC not in long zone — skipping
[2026-04-07 03:04:04] [LONG    ] XRP — no position & BTC not in long zone — skipping
[2026-04-07 03:04:04] [RUN     ] Sleeping 1 min...
[2026-04-07 03:05:04] [RUN     ] ────────────────────────────────────────────────────────────
[2026-04-07 03:05:05] [MACRO   ] BTC $68645 | 7d-high $70316 short-zone: no | 7d-low $65697 long-zone: no | 4h chg: -0.18%
[2026-04-07 03:05:05] [MACRO   ] SPX $0.28 | 7d-high $0.30 | zone: no
[2026-04-07 03:05:05] [ACCT    ] Value $0.00 | Available $0.00 | Capital used 0.0% / 30%
[2026-04-07 03:05:05] [SHORT   ] BTC not in short zone — skipping
[2026-04-07 03:05:05] [LONG    ] BTC — no position & BTC not in long zone — skipping
[2026-04-07 03:05:05] [LONG    ] SOL — no position & BTC not in long zone — skipping
[2026-04-07 03:05:05] [LONG    ] HYPE — no position & BTC not in long zone — skipping
[2026-04-07 03:05:05] [LONG    ] XRP — no position & BTC not in long zone — skipping
[2026-04-07 03:05:05] [RUN     ] Sleeping 1 min...
[2026-04-07 03:06:05] [RUN     ] ────────────────────────────────────────────────────────────
[2026-04-07 03:06:06] [MACRO   ] BTC $68619 | 7d-high $70316 short-zone: no | 7d-low $65697 long-zone: no | 4h chg: -0.22%
[2026-04-07 03:06:06] [MACRO   ] SPX $0.28 | 7d-high $0.30 | zone: no
[2026-04-07 03:06:06] [ACCT    ] Value $0.00 | Available $0.00 | Capital used 0.0% / 30%
[2026-04-07 03:06:06] [SHORT   ] BTC not in short zone — skipping
[2026-04-07 03:06:06] [LONG    ] BTC — no position & BTC not in long zone — skipping
[2026-04-07 03:06:06] [LONG    ] SOL — no position & BTC not in long zone — skipping
[2026-04-07 03:06:06] [LONG    ] HYPE — no position & BTC not in long zone — skipping
[2026-04-07 03:06:06] [LONG    ] XRP — no position & BTC not in long zone — skipping
[2026-04-07 03:06:06] [RUN     ] Sleeping 1 min...
[2026-04-07 03:07:06] [RUN     ] ────────────────────────────────────────────────────────────
[2026-04-07 03:07:07] [MACRO   ] BTC $68624 | 7d-high $70316 short-zone: no | 7d-low $65697 long-zone: no | 4h chg: -0.21%
[2026-04-07 03:07:07] [MACRO   ] SPX $0.28 | 7d-high $0.30 | zone: no
[2026-04-07 03:07:07] [ACCT    ] Value $0.00 | Available $0.00 | Capital used 0.0% / 30%
[2026-04-07 03:07:07] [SHORT   ] BTC not in short zone — skipping
[2026-04-07 03:07:07] [LONG    ] BTC — no position & BTC not in long zone — skipping
[2026-04-07 03:07:07] [LONG    ] SOL — no position & BTC not in long zone — skipping
[2026-04-07 03:07:07] [LONG    ] HYPE — no position & BTC not in long zone — skipping
[2026-04-07 03:07:07] [LONG    ] XRP — no position & BTC not in long zone — skipping
[2026-04-07 03:07:07] [RUN     ] Sleeping 1 min...
[2026-04-07 03:08:07] [RUN     ] ────────────────────────────────────────────────────────────
[2026-04-07 03:08:07] [MACRO   ] BTC $68609 | 7d-high $70316 short-zone: no | 7d-low $65697 long-zone: no | 4h chg: -0.23%
[2026-04-07 03:08:07] [MACRO   ] SPX $0.28 | 7d-high $0.30 | zone: no
[2026-04-07 03:08:07] [ACCT    ] Value $0.00 | Available $0.00 | Capital used 0.0% / 30%
[2026-04-07 03:08:07] [SHORT   ] BTC not in short zone — skipping
[2026-04-07 03:08:07] [LONG    ] BTC — no position & BTC not in long zone — skipping
[2026-04-07 03:08:07] [LONG    ] SOL — no position & BTC not in long zone — skipping
[2026-04-07 03:08:07] [LONG    ] HYPE — no position & BTC not in long zone — skipping
[2026-04-07 03:08:07] [LONG    ] XRP — no position & BTC not in long zone — skipping
[2026-04-07 03:08:07] [RUN     ] Sleeping 1 min...
[2026-04-07 03:09:07] [RUN     ] ────────────────────────────────────────────────────────────
[2026-04-07 03:09:08] [MACRO   ] BTC $68635 | 7d-high $70316 short-zone: no | 7d-low $65697 long-zone: no | 4h chg: -0.19%
[2026-04-07 03:09:08] [MACRO   ] SPX $0.28 | 7d-high $0.30 | zone: no
[2026-04-07 03:09:08] [ACCT    ] Value $0.00 | Available $0.00 | Capital used 0.0% / 30%
[2026-04-07 03:09:08] [SHORT   ] BTC not in short zone — skipping
[2026-04-07 03:09:08] [LONG    ] BTC — no position & BTC not in long zone — skipping
[2026-04-07 03:09:08] [LONG    ] SOL — no position & BTC not in long zone — skipping
[2026-04-07 03:09:08] [LONG    ] HYPE — no position & BTC not in long zone — skipping
[2026-04-07 03:09:08] [LONG    ] XRP — no position & BTC not in long zone — skipping
[2026-04-07 03:09:08] [RUN     ] Sleeping 1 min...
[2026-04-07 03:10:08] [RUN     ] ────────────────────────────────────────────────────────────
[2026-04-07 03:10:09] [MACRO   ] BTC $68622 | 7d-high $70316 short-zone: no | 7d-low $65697 long-zone: no | 4h chg: -0.22%
[2026-04-07 03:10:09] [MACRO   ] SPX $0.28 | 7d-high $0.30 | zone: no
[2026-04-07 03:10:09] [ACCT    ] Value $0.00 | Available $0.00 | Capital used 0.0% / 30%
[2026-04-07 03:10:09] [SHORT   ] BTC not in short zone — skipping
[2026-04-07 03:10:09] [LONG    ] BTC — no position & BTC not in long zone — skipping
[2026-04-07 03:10:09] [LONG    ] SOL — no position & BTC not in long zone — skipping
[2026-04-07 03:10:09] [LONG    ] HYPE — no position & BTC not in long zone — skipping
[2026-04-07 03:10:09] [LONG    ] XRP — no position & BTC not in long zone — skipping
[2026-04-07 03:10:09] [RUN     ] Sleeping 1 min...
[2026-04-07 03:11:09] [RUN     ] ────────────────────────────────────────────────────────────
[2026-04-07 03:11:10] [MACRO   ] BTC $68636 | 7d-high $70316 short-zone: no | 7d-low $65697 long-zone: no | 4h chg: -0.19%
[2026-04-07 03:11:10] [MACRO   ] SPX $0.28 | 7d-high $0.30 | zone: no
[2026-04-07 03:11:10] [ACCT    ] Value $0.00 | Available $0.00 | Capital used 0.0% / 30%
[2026-04-07 03:11:10] [SHORT   ] BTC not in short zone — skipping
[2026-04-07 03:11:10] [LONG    ] BTC — no position & BTC not in long zone — skipping
[2026-04-07 03:11:10] [LONG    ] SOL — no position & BTC not in long zone — skipping
[2026-04-07 03:11:10] [LONG    ] HYPE — no position & BTC not in long zone — skipping
[2026-04-07 03:11:10] [LONG    ] XRP — no position & BTC not in long zone — skipping
[2026-04-07 03:11:10] [RUN     ] Sleeping 1 min...
[2026-04-07 03:12:10] [RUN     ] ────────────────────────────────────────────────────────────
[2026-04-07 03:12:11] [MACRO   ] BTC $68630 | 7d-high $70316 short-zone: no | 7d-low $65697 long-zone: no | 4h chg: -0.20%
[2026-04-07 03:12:11] [MACRO   ] SPX $0.28 | 7d-high $0.30 | zone: no
[2026-04-07 03:12:11] [ACCT    ] Value $0.00 | Available $0.00 | Capital used 0.0% / 30%
[2026-04-07 03:12:11] [SHORT   ] BTC not in short zone — skipping
[2026-04-07 03:12:11] [LONG    ] BTC — no position & BTC not in long zone — skipping
[2026-04-07 03:12:11] [LONG    ] SOL — no position & BTC not in long zone — skipping
[2026-04-07 03:12:11] [LONG    ] HYPE — no position & BTC not in long zone — skipping
[2026-04-07 03:12:11] [LONG    ] XRP — no position & BTC not in long zone — skipping
[2026-04-07 03:12:11] [RUN     ] Sleeping 1 min...
[2026-04-07 03:13:11] [RUN     ] ────────────────────────────────────────────────────────────
[2026-04-07 03:13:12] [MACRO   ] BTC $68630 | 7d-high $70316 short-zone: no | 7d-low $65697 long-zone: no | 4h chg: -0.20%
[2026-04-07 03:13:12] [MACRO   ] SPX $0.28 | 7d-high $0.30 | zone: no
[2026-04-07 03:13:12] [ACCT    ] Value $0.00 | Available $0.00 | Capital used 0.0% / 30%
[2026-04-07 03:13:12] [SHORT   ] BTC not in short zone — skipping
[2026-04-07 03:13:12] [LONG    ] BTC — no position & BTC not in long zone — skipping
[2026-04-07 03:13:12] [LONG    ] SOL — no position & BTC not in long zone — skipping
[2026-04-07 03:13:12] [LONG    ] HYPE — no position & BTC not in long zone — skipping
[2026-04-07 03:13:12] [LONG    ] XRP — no position & BTC not in long zone — skipping
[2026-04-07 03:13:12] [RUN     ] Sleeping 1 min...
[2026-04-07 03:14:12] [RUN     ] ────────────────────────────────────────────────────────────
[2026-04-07 03:14:12] [MACRO   ] BTC $68649 | 7d-high $70316 short-zone: no | 7d-low $65697 long-zone: no | 4h chg: -0.18%
[2026-04-07 03:14:12] [MACRO   ] SPX $0.29 | 7d-high $0.30 | zone: no
[2026-04-07 03:14:12] [ACCT    ] Value $0.00 | Available $0.00 | Capital used 0.0% / 30%
[2026-04-07 03:14:12] [SHORT   ] BTC not in short zone — skipping
[2026-04-07 03:14:12] [LONG    ] BTC — no position & BTC not in long zone — skipping
[2026-04-07 03:14:12] [LONG    ] SOL — no position & BTC not in long zone — skipping
[2026-04-07 03:14:12] [LONG    ] HYPE — no position & BTC not in long zone — skipping
[2026-04-07 03:14:12] [LONG    ] XRP — no position & BTC not in long zone — skipping
[2026-04-07 03:14:12] [RUN     ] Sleeping 1 min...
[2026-04-07 03:15:12] [RUN     ] ────────────────────────────────────────────────────────────
[2026-04-07 03:15:13] [MACRO   ] BTC $68649 | 7d-high $70316 short-zone: no | 7d-low $65697 long-zone: no | 4h chg: -0.17%
[2026-04-07 03:15:13] [MACRO   ] SPX $0.29 | 7d-high $0.30 | zone: no
[2026-04-07 03:15:13] [ACCT    ] Value $0.00 | Available $0.00 | Capital used 0.0% / 30%
[2026-04-07 03:15:13] [SHORT   ] BTC not in short zone — skipping
[2026-04-07 03:15:13] [LONG    ] BTC — no position & BTC not in long zone — skipping
[2026-04-07 03:15:13] [LONG    ] SOL — no position & BTC not in long zone — skipping
[2026-04-07 03:15:13] [LONG    ] HYPE — no position & BTC not in long zone — skipping
[2026-04-07 03:15:13] [LONG    ] XRP — no position & BTC not in long zone — skipping
[2026-04-07 03:15:13] [RUN     ] Sleeping 1 min...
[2026-04-07 03:16:13] [RUN     ] ────────────────────────────────────────────────────────────
[2026-04-07 03:16:14] [MACRO   ] BTC $68691 | 7d-high $70316 short-zone: no | 7d-low $65697 long-zone: no | 4h chg: -0.11%
[2026-04-07 03:16:14] [MACRO   ] SPX $0.29 | 7d-high $0.30 | zone: no
[2026-04-07 03:16:14] [ACCT    ] Value $0.00 | Available $0.00 | Capital used 0.0% / 30%
[2026-04-07 03:16:14] [SHORT   ] BTC not in short zone — skipping
[2026-04-07 03:16:14] [LONG    ] BTC — no position & BTC not in long zone — skipping
[2026-04-07 03:16:14] [LONG    ] SOL — no position & BTC not in long zone — skipping
[2026-04-07 03:16:14] [LONG    ] HYPE — no position & BTC not in long zone — skipping
[2026-04-07 03:16:14] [LONG    ] XRP — no position & BTC not in long zone — skipping
[2026-04-07 03:16:14] [RUN     ] Sleeping 1 min...
[2026-04-07 03:17:14] [RUN     ] ────────────────────────────────────────────────────────────
[2026-04-07 03:17:15] [MACRO   ] BTC $68665 | 7d-high $70316 short-zone: no | 7d-low $65697 long-zone: no | 4h chg: -0.15%
[2026-04-07 03:17:15] [MACRO   ] SPX $0.28 | 7d-high $0.30 | zone: no
[2026-04-07 03:17:15] [ACCT    ] Value $0.00 | Available $0.00 | Capital used 0.0% / 30%
[2026-04-07 03:17:15] [SHORT   ] BTC not in short zone — skipping
[2026-04-07 03:17:15] [LONG    ] BTC — no position & BTC not in long zone — skipping
[2026-04-07 03:17:15] [LONG    ] SOL — no position & BTC not in long zone — skipping
[2026-04-07 03:17:15] [LONG    ] HYPE — no position & BTC not in long zone — skipping
[2026-04-07 03:17:15] [LONG    ] XRP — no position & BTC not in long zone — skipping
[2026-04-07 03:17:15] [RUN     ] Sleeping 1 min...
[2026-04-07 03:18:15] [RUN     ] ────────────────────────────────────────────────────────────
[2026-04-07 03:18:15] [MACRO   ] BTC $68652 | 7d-high $70316 short-zone: no | 7d-low $65697 long-zone: no | 4h chg: -0.17%
[2026-04-07 03:18:15] [MACRO   ] SPX $0.28 | 7d-high $0.30 | zone: no
[2026-04-07 03:18:15] [ACCT    ] Value $0.00 | Available $0.00 | Capital used 0.0% / 30%
[2026-04-07 03:18:15] [SHORT   ] BTC not in short zone — skipping
[2026-04-07 03:18:15] [LONG    ] BTC — no position & BTC not in long zone — skipping
[2026-04-07 03:18:15] [LONG    ] SOL — no position & BTC not in long zone — skipping
[2026-04-07 03:18:15] [LONG    ] HYPE — no position & BTC not in long zone — skipping
[2026-04-07 03:18:15] [LONG    ] XRP — no position & BTC not in long zone — skipping
[2026-04-07 03:18:15] [RUN     ] Sleeping 1 min...
[2026-04-07 03:19:15] [RUN     ] ────────────────────────────────────────────────────────────
[2026-04-07 03:19:16] [MACRO   ] BTC $68683 | 7d-high $70316 short-zone: no | 7d-low $65697 long-zone: no | 4h chg: -0.13%
[2026-04-07 03:19:16] [MACRO   ] SPX $0.28 | 7d-high $0.30 | zone: no
[2026-04-07 03:19:16] [ACCT    ] Value $0.00 | Available $0.00 | Capital used 0.0% / 30%
[2026-04-07 03:19:16] [SHORT   ] BTC not in short zone — skipping
[2026-04-07 03:19:16] [LONG    ] BTC — no position & BTC not in long zone — skipping
[2026-04-07 03:19:16] [LONG    ] SOL — no position & BTC not in long zone — skipping
[2026-04-07 03:19:16] [LONG    ] HYPE — no position & BTC not in long zone — skipping
[2026-04-07 03:19:16] [LONG    ] XRP — no position & BTC not in long zone — skipping
[2026-04-07 03:19:16] [RUN     ] Sleeping 1 min...
[2026-04-07 03:20:16] [RUN     ] ────────────────────────────────────────────────────────────
[2026-04-07 03:20:17] [MACRO   ] BTC $68656 | 7d-high $70316 short-zone: no | 7d-low $65697 long-zone: no | 4h chg: -0.16%
[2026-04-07 03:20:17] [MACRO   ] SPX $0.28 | 7d-high $0.30 | zone: no
[2026-04-07 03:20:17] [ACCT    ] Value $0.00 | Available $0.00 | Capital used 0.0% / 30%
[2026-04-07 03:20:17] [SHORT   ] BTC not in short zone — skipping
[2026-04-07 03:20:17] [LONG    ] BTC — no position & BTC not in long zone — skipping
[2026-04-07 03:20:17] [LONG    ] SOL — no position & BTC not in long zone — skipping
[2026-04-07 03:20:17] [LONG    ] HYPE — no position & BTC not in long zone — skipping
[2026-04-07 03:20:17] [LONG    ] XRP — no position & BTC not in long zone — skipping
[2026-04-07 03:20:17] [RUN     ] Sleeping 1 min...
[2026-04-07 03:21:17] [RUN     ] ────────────────────────────────────────────────────────────
[2026-04-07 03:21:18] [MACRO   ] BTC $68707 | 7d-high $70316 short-zone: no | 7d-low $65697 long-zone: no | 4h chg: -0.09%
[2026-04-07 03:21:18] [MACRO   ] SPX $0.28 | 7d-high $0.30 | zone: no
[2026-04-07 03:21:18] [ACCT    ] Value $0.00 | Available $0.00 | Capital used 0.0% / 30%
[2026-04-07 03:21:18] [SHORT   ] BTC not in short zone — skipping
[2026-04-07 03:21:18] [LONG    ] BTC — no position & BTC not in long zone — skipping
[2026-04-07 03:21:18] [LONG    ] SOL — no position & BTC not in long zone — skipping
[2026-04-07 03:21:18] [LONG    ] HYPE — no position & BTC not in long zone — skipping
[2026-04-07 03:21:18] [LONG    ] XRP — no position & BTC not in long zone — skipping
[2026-04-07 03:21:18] [RUN     ] Sleeping 1 min...
[2026-04-07 03:22:18] [RUN     ] ────────────────────────────────────────────────────────────
[2026-04-07 03:22:19] [MACRO   ] BTC $68721 | 7d-high $70316 short-zone: no | 7d-low $65697 long-zone: no | 4h chg: -0.07%
[2026-04-07 03:22:19] [MACRO   ] SPX $0.28 | 7d-high $0.30 | zone: no
[2026-04-07 03:22:19] [ACCT    ] Value $0.00 | Available $0.00 | Capital used 0.0% / 30%
[2026-04-07 03:22:19] [SHORT   ] BTC not in short zone — skipping
[2026-04-07 03:22:19] [LONG    ] BTC — no position & BTC not in long zone — skipping
[2026-04-07 03:22:19] [LONG    ] SOL — no position & BTC not in long zone — skipping
[2026-04-07 03:22:19] [LONG    ] HYPE — no position & BTC not in long zone — skipping
[2026-04-07 03:22:19] [LONG    ] XRP — no position & BTC not in long zone — skipping
[2026-04-07 03:22:19] [RUN     ] Sleeping 1 min...
[2026-04-07 03:23:19] [RUN     ] ────────────────────────────────────────────────────────────
[2026-04-07 03:23:19] [MACRO   ] BTC $68730 | 7d-high $70316 short-zone: no | 7d-low $65697 long-zone: no | 4h chg: -0.06%
[2026-04-07 03:23:19] [MACRO   ] SPX $0.28 | 7d-high $0.30 | zone: no
[2026-04-07 03:23:19] [ACCT    ] Value $0.00 | Available $0.00 | Capital used 0.0% / 30%
[2026-04-07 03:23:19] [SHORT   ] BTC not in short zone — skipping
[2026-04-07 03:23:19] [LONG    ] BTC — no position & BTC not in long zone — skipping
[2026-04-07 03:23:19] [LONG    ] SOL — no position & BTC not in long zone — skipping
[2026-04-07 03:23:19] [LONG    ] HYPE — no position & BTC not in long zone — skipping
[2026-04-07 03:23:19] [LONG    ] XRP — no position & BTC not in long zone — skipping
[2026-04-07 03:23:19] [RUN     ] Sleeping 1 min...
[2026-04-07 03:24:19] [RUN     ] ────────────────────────────────────────────────────────────
[2026-04-07 03:24:21] [MACRO   ] BTC $68739 | 7d-high $70316 short-zone: no | 7d-low $65697 long-zone: no | 4h chg: -0.05%
[2026-04-07 03:24:21] [MACRO   ] SPX $0.28 | 7d-high $0.30 | zone: no
[2026-04-07 03:24:21] [ACCT    ] Value $0.00 | Available $0.00 | Capital used 0.0% / 30%
[2026-04-07 03:24:21] [SHORT   ] BTC not in short zone — skipping
[2026-04-07 03:24:21] [LONG    ] BTC — no position & BTC not in long zone — skipping
[2026-04-07 03:24:21] [LONG    ] SOL — no position & BTC not in long zone — skipping
[2026-04-07 03:24:21] [LONG    ] HYPE — no position & BTC not in long zone — skipping
[2026-04-07 03:24:21] [LONG    ] XRP — no position & BTC not in long zone — skipping
[2026-04-07 03:24:21] [RUN     ] Sleeping 1 min...
[2026-04-07 03:25:21] [RUN     ] ────────────────────────────────────────────────────────────
[2026-04-07 03:25:21] [MACRO   ] BTC $68732 | 7d-high $70316 short-zone: no | 7d-low $65697 long-zone: no | 4h chg: -0.06%
[2026-04-07 03:25:21] [MACRO   ] SPX $0.28 | 7d-high $0.30 | zone: no
[2026-04-07 03:25:21] [ACCT    ] Value $0.00 | Available $0.00 | Capital used 0.0% / 30%
[2026-04-07 03:25:21] [SHORT   ] BTC not in short zone — skipping
[2026-04-07 03:25:21] [LONG    ] BTC — no position & BTC not in long zone — skipping
[2026-04-07 03:25:21] [LONG    ] SOL — no position & BTC not in long zone — skipping
[2026-04-07 03:25:21] [LONG    ] HYPE — no position & BTC not in long zone — skipping
[2026-04-07 03:25:21] [LONG    ] XRP — no position & BTC not in long zone — skipping
[2026-04-07 03:25:21] [RUN     ] Sleeping 1 min...
[2026-04-07 03:26:21] [RUN     ] ────────────────────────────────────────────────────────────
[2026-04-07 03:26:22] [MACRO   ] BTC $68757 | 7d-high $70316 short-zone: no | 7d-low $65697 long-zone: no | 4h chg: -0.03%
[2026-04-07 03:26:22] [MACRO   ] SPX $0.28 | 7d-high $0.30 | zone: no
[2026-04-07 03:26:22] [ACCT    ] Value $0.00 | Available $0.00 | Capital used 0.0% / 30%
[2026-04-07 03:26:22] [SHORT   ] BTC not in short zone — skipping
[2026-04-07 03:26:22] [LONG    ] BTC — no position & BTC not in long zone — skipping
[2026-04-07 03:26:22] [LONG    ] SOL — no position & BTC not in long zone — skipping
[2026-04-07 03:26:22] [LONG    ] HYPE — no position & BTC not in long zone — skipping
[2026-04-07 03:26:22] [LONG    ] XRP — no position & BTC not in long zone — skipping
[2026-04-07 03:26:22] [RUN     ] Sleeping 1 min...
[2026-04-07 03:27:22] [RUN     ] ────────────────────────────────────────────────────────────
[2026-04-07 03:27:23] [MACRO   ] BTC $68753 | 7d-high $70316 short-zone: no | 7d-low $65697 long-zone: no | 4h chg: -0.02%
[2026-04-07 03:27:23] [MACRO   ] SPX $0.28 | 7d-high $0.30 | zone: no
[2026-04-07 03:27:23] [ACCT    ] Value $0.00 | Available $0.00 | Capital used 0.0% / 30%
[2026-04-07 03:27:23] [SHORT   ] BTC not in short zone — skipping
[2026-04-07 03:27:23] [LONG    ] BTC — no position & BTC not in long zone — skipping
[2026-04-07 03:27:23] [LONG    ] SOL — no position & BTC not in long zone — skipping
[2026-04-07 03:27:23] [LONG    ] HYPE — no position & BTC not in long zone — skipping
[2026-04-07 03:27:23] [LONG    ] XRP — no position & BTC not in long zone — skipping
[2026-04-07 03:27:23] [RUN     ] Sleeping 1 min...
[2026-04-07 03:28:23] [RUN     ] ────────────────────────────────────────────────────────────
[2026-04-07 03:28:24] [MACRO   ] BTC $68747 | 7d-high $70316 short-zone: no | 7d-low $65697 long-zone: no | 4h chg: -0.03%
[2026-04-07 03:28:24] [MACRO   ] SPX $0.28 | 7d-high $0.30 | zone: no
[2026-04-07 03:28:24] [ACCT    ] Value $0.00 | Available $0.00 | Capital used 0.0% / 30%
[2026-04-07 03:28:24] [SHORT   ] BTC not in short zone — skipping
[2026-04-07 03:28:24] [LONG    ] BTC — no position & BTC not in long zone — skipping
[2026-04-07 03:28:24] [LONG    ] SOL — no position & BTC not in long zone — skipping
[2026-04-07 03:28:24] [LONG    ] HYPE — no position & BTC not in long zone — skipping
[2026-04-07 03:28:24] [LONG    ] XRP — no position & BTC not in long zone — skipping
[2026-04-07 03:28:24] [RUN     ] Sleeping 1 min...
[2026-04-07 03:29:24] [RUN     ] ────────────────────────────────────────────────────────────
[2026-04-07 03:29:24] [MACRO   ] BTC $68719 | 7d-high $70316 short-zone: no | 7d-low $65697 long-zone: no | 4h chg: -0.07%
[2026-04-07 03:29:24] [MACRO   ] SPX $0.28 | 7d-high $0.30 | zone: no
[2026-04-07 03:29:24] [ACCT    ] Value $0.00 | Available $0.00 | Capital used 0.0% / 30%
[2026-04-07 03:29:24] [SHORT   ] BTC not in short zone — skipping
[2026-04-07 03:29:24] [LONG    ] BTC — no position & BTC not in long zone — skipping
[2026-04-07 03:29:24] [LONG    ] SOL — no position & BTC not in long zone — skipping
[2026-04-07 03:29:24] [LONG    ] HYPE — no position & BTC not in long zone — skipping
[2026-04-07 03:29:24] [LONG    ] XRP — no position & BTC not in long zone — skipping
[2026-04-07 03:29:24] [RUN     ] Sleeping 1 min...
[2026-04-07 03:30:24] [RUN     ] ────────────────────────────────────────────────────────────
[2026-04-07 03:30:25] [MACRO   ] BTC $68736 | 7d-high $70316 short-zone: no | 7d-low $65697 long-zone: no | 4h chg: -0.05%
[2026-04-07 03:30:25] [MACRO   ] SPX $0.28 | 7d-high $0.30 | zone: no
[2026-04-07 03:30:25] [ACCT    ] Value $0.00 | Available $0.00 | Capital used 0.0% / 30%
[2026-04-07 03:30:25] [SHORT   ] BTC not in short zone — skipping
[2026-04-07 03:30:25] [LONG    ] BTC — no position & BTC not in long zone — skipping
[2026-04-07 03:30:25] [LONG    ] SOL — no position & BTC not in long zone — skipping
[2026-04-07 03:30:25] [LONG    ] HYPE — no position & BTC not in long zone — skipping
[2026-04-07 03:30:25] [LONG    ] XRP — no position & BTC not in long zone — skipping
[2026-04-07 03:30:25] [RUN     ] Sleeping 1 min...
[2026-04-07 03:31:25] [RUN     ] ────────────────────────────────────────────────────────────
[2026-04-07 03:31:26] [MACRO   ] BTC $68730 | 7d-high $70316 short-zone: no | 7d-low $65697 long-zone: no | 4h chg: -0.06%
[2026-04-07 03:31:26] [MACRO   ] SPX $0.28 | 7d-high $0.30 | zone: no
[2026-04-07 03:31:26] [ACCT    ] Value $0.00 | Available $0.00 | Capital used 0.0% / 30%
[2026-04-07 03:31:26] [SHORT   ] BTC not in short zone — skipping
[2026-04-07 03:31:26] [LONG    ] BTC — no position & BTC not in long zone — skipping
[2026-04-07 03:31:26] [LONG    ] SOL — no position & BTC not in long zone — skipping
[2026-04-07 03:31:26] [LONG    ] HYPE — no position & BTC not in long zone — skipping
[2026-04-07 03:31:26] [LONG    ] XRP — no position & BTC not in long zone — skipping
[2026-04-07 03:31:26] [RUN     ] Sleeping 1 min...
[2026-04-07 03:32:26] [RUN     ] ────────────────────────────────────────────────────────────
[2026-04-07 03:32:27] [MACRO   ] BTC $68735 | 7d-high $70316 short-zone: no | 7d-low $65697 long-zone: no | 4h chg: -0.05%
[2026-04-07 03:32:27] [MACRO   ] SPX $0.28 | 7d-high $0.30 | zone: no
[2026-04-07 03:32:27] [ACCT    ] Value $0.00 | Available $0.00 | Capital used 0.0% / 30%
[2026-04-07 03:32:27] [SHORT   ] BTC not in short zone — skipping
[2026-04-07 03:32:27] [LONG    ] BTC — no position & BTC not in long zone — skipping
[2026-04-07 03:32:27] [LONG    ] SOL — no position & BTC not in long zone — skipping
[2026-04-07 03:32:27] [LONG    ] HYPE — no position & BTC not in long zone — skipping
[2026-04-07 03:32:27] [LONG    ] XRP — no position & BTC not in long zone — skipping
[2026-04-07 03:32:27] [RUN     ] Sleeping 1 min...
[2026-04-07 03:33:27] [RUN     ] ────────────────────────────────────────────────────────────
[2026-04-07 03:33:28] [MACRO   ] BTC $68722 | 7d-high $70316 short-zone: no | 7d-low $65697 long-zone: no | 4h chg: -0.07%
[2026-04-07 03:33:28] [MACRO   ] SPX $0.28 | 7d-high $0.30 | zone: no
[2026-04-07 03:33:28] [ACCT    ] Value $0.00 | Available $0.00 | Capital used 0.0% / 30%
[2026-04-07 03:33:28] [SHORT   ] BTC not in short zone — skipping
[2026-04-07 03:33:28] [LONG    ] BTC — no position & BTC not in long zone — skipping
[2026-04-07 03:33:28] [LONG    ] SOL — no position & BTC not in long zone — skipping
[2026-04-07 03:33:28] [LONG    ] HYPE — no position & BTC not in long zone — skipping
[2026-04-07 03:33:28] [LONG    ] XRP — no position & BTC not in long zone — skipping
[2026-04-07 03:33:28] [RUN     ] Sleeping 1 min...
[2026-04-07 03:34:28] [RUN     ] ────────────────────────────────────────────────────────────
[2026-04-07 03:34:28] [MACRO   ] BTC $68720 | 7d-high $70316 short-zone: no | 7d-low $65697 long-zone: no | 4h chg: -0.07%
[2026-04-07 03:34:28] [MACRO   ] SPX $0.28 | 7d-high $0.30 | zone: no
[2026-04-07 03:34:28] [ACCT    ] Value $0.00 | Available $0.00 | Capital used 0.0% / 30%
[2026-04-07 03:34:28] [SHORT   ] BTC not in short zone — skipping
[2026-04-07 03:34:28] [LONG    ] BTC — no position & BTC not in long zone — skipping
[2026-04-07 03:34:28] [LONG    ] SOL — no position & BTC not in long zone — skipping
[2026-04-07 03:34:28] [LONG    ] HYPE — no position & BTC not in long zone — skipping
[2026-04-07 03:34:28] [LONG    ] XRP — no position & BTC not in long zone — skipping
[2026-04-07 03:34:28] [RUN     ] Sleeping 1 min...
[2026-04-07 03:35:28] [RUN     ] ────────────────────────────────────────────────────────────
[2026-04-07 03:35:29] [MACRO   ] BTC $68720 | 7d-high $70316 short-zone: no | 7d-low $65697 long-zone: no | 4h chg: -0.07%
[2026-04-07 03:35:29] [MACRO   ] SPX $0.28 | 7d-high $0.30 | zone: no
[2026-04-07 03:35:29] [ACCT    ] Value $0.00 | Available $0.00 | Capital used 0.0% / 30%
[2026-04-07 03:35:29] [SHORT   ] BTC not in short zone — skipping
[2026-04-07 03:35:29] [LONG    ] BTC — no position & BTC not in long zone — skipping
[2026-04-07 03:35:29] [LONG    ] SOL — no position & BTC not in long zone — skipping
[2026-04-07 03:35:29] [LONG    ] HYPE — no position & BTC not in long zone — skipping
[2026-04-07 03:35:29] [LONG    ] XRP — no position & BTC not in long zone — skipping
[2026-04-07 03:35:29] [RUN     ] Sleeping 1 min...
[2026-04-07 03:36:29] [RUN     ] ────────────────────────────────────────────────────────────
[2026-04-07 03:36:31] [MACRO   ] BTC $68725 | 7d-high $70316 short-zone: no | 7d-low $65697 long-zone: no | 4h chg: -0.06%
[2026-04-07 03:36:31] [MACRO   ] SPX $0.28 | 7d-high $0.30 | zone: no
[2026-04-07 03:36:31] [ACCT    ] Value $0.00 | Available $0.00 | Capital used 0.0% / 30%
[2026-04-07 03:36:31] [SHORT   ] BTC not in short zone — skipping
[2026-04-07 03:36:31] [LONG    ] BTC — no position & BTC not in long zone — skipping
[2026-04-07 03:36:31] [LONG    ] SOL — no position & BTC not in long zone — skipping
[2026-04-07 03:36:31] [LONG    ] HYPE — no position & BTC not in long zone — skipping
[2026-04-07 03:36:31] [LONG    ] XRP — no position & BTC not in long zone — skipping
[2026-04-07 03:36:31] [RUN     ] Sleeping 1 min...
[2026-04-07 03:37:31] [RUN     ] ────────────────────────────────────────────────────────────
[2026-04-07 03:37:31] [MACRO   ] BTC $68760 | 7d-high $70316 short-zone: no | 7d-low $65697 long-zone: no | 4h chg: -0.01%
[2026-04-07 03:37:31] [MACRO   ] SPX $0.28 | 7d-high $0.30 | zone: no
[2026-04-07 03:37:31] [ACCT    ] Value $0.00 | Available $0.00 | Capital used 0.0% / 30%
[2026-04-07 03:37:31] [SHORT   ] BTC not in short zone — skipping
[2026-04-07 03:37:31] [LONG    ] BTC — no position & BTC not in long zone — skipping
[2026-04-07 03:37:31] [LONG    ] SOL — no position & BTC not in long zone — skipping
[2026-04-07 03:37:31] [LONG    ] HYPE — no position & BTC not in long zone — skipping
[2026-04-07 03:37:31] [LONG    ] XRP — no position & BTC not in long zone — skipping
[2026-04-07 03:37:31] [RUN     ] Sleeping 1 min...
[2026-04-07 03:38:31] [RUN     ] ────────────────────────────────────────────────────────────
[2026-04-07 03:38:32] [MACRO   ] BTC $68739 | 7d-high $70316 short-zone: no | 7d-low $65697 long-zone: no | 4h chg: -0.05%
[2026-04-07 03:38:32] [MACRO   ] SPX $0.28 | 7d-high $0.30 | zone: no
[2026-04-07 03:38:32] [ACCT    ] Value $0.00 | Available $0.00 | Capital used 0.0% / 30%
[2026-04-07 03:38:32] [SHORT   ] BTC not in short zone — skipping
[2026-04-07 03:38:32] [LONG    ] BTC — no position & BTC not in long zone — skipping
[2026-04-07 03:38:32] [LONG    ] SOL — no position & BTC not in long zone — skipping
[2026-04-07 03:38:32] [LONG    ] HYPE — no position & BTC not in long zone — skipping
[2026-04-07 03:38:32] [LONG    ] XRP — no position & BTC not in long zone — skipping
[2026-04-07 03:38:32] [RUN     ] Sleeping 1 min...
[2026-04-07 03:39:32] [RUN     ] ────────────────────────────────────────────────────────────
[2026-04-07 03:39:33] [MACRO   ] BTC $68755 | 7d-high $70316 short-zone: no | 7d-low $65697 long-zone: no | 4h chg: -0.02%
[2026-04-07 03:39:33] [MACRO   ] SPX $0.28 | 7d-high $0.30 | zone: no
[2026-04-07 03:39:33] [ACCT    ] Value $0.00 | Available $0.00 | Capital used 0.0% / 30%
[2026-04-07 03:39:33] [SHORT   ] BTC not in short zone — skipping
[2026-04-07 03:39:33] [LONG    ] BTC — no position & BTC not in long zone — skipping
[2026-04-07 03:39:33] [LONG    ] SOL — no position & BTC not in long zone — skipping
[2026-04-07 03:39:33] [LONG    ] HYPE — no position & BTC not in long zone — skipping
[2026-04-07 03:39:33] [LONG    ] XRP — no position & BTC not in long zone — skipping
[2026-04-07 03:39:33] [RUN     ] Sleeping 1 min...
[2026-04-07 03:40:33] [RUN     ] ────────────────────────────────────────────────────────────
[2026-04-07 03:40:34] [MACRO   ] BTC $68764 | 7d-high $70316 short-zone: no | 7d-low $65697 long-zone: no | 4h chg: -0.01%
[2026-04-07 03:40:34] [MACRO   ] SPX $0.28 | 7d-high $0.30 | zone: no
[2026-04-07 03:40:34] [ACCT    ] Value $0.00 | Available $0.00 | Capital used 0.0% / 30%
[2026-04-07 03:40:34] [SHORT   ] BTC not in short zone — skipping
[2026-04-07 03:40:34] [LONG    ] BTC — no position & BTC not in long zone — skipping
[2026-04-07 03:40:34] [LONG    ] SOL — no position & BTC not in long zone — skipping
[2026-04-07 03:40:34] [LONG    ] HYPE — no position & BTC not in long zone — skipping
[2026-04-07 03:40:34] [LONG    ] XRP — no position & BTC not in long zone — skipping
[2026-04-07 03:40:34] [RUN     ] Sleeping 1 min...
[2026-04-07 03:41:34] [RUN     ] ────────────────────────────────────────────────────────────
[2026-04-07 03:41:35] [MACRO   ] BTC $68742 | 7d-high $70316 short-zone: no | 7d-low $65697 long-zone: no | 4h chg: -0.04%
[2026-04-07 03:41:35] [MACRO   ] SPX $0.28 | 7d-high $0.30 | zone: no
[2026-04-07 03:41:35] [ACCT    ] Value $0.00 | Available $0.00 | Capital used 0.0% / 30%
[2026-04-07 03:41:35] [SHORT   ] BTC not in short zone — skipping
[2026-04-07 03:41:35] [LONG    ] BTC — no position & BTC not in long zone — skipping
[2026-04-07 03:41:35] [LONG    ] SOL — no position & BTC not in long zone — skipping
[2026-04-07 03:41:35] [LONG    ] HYPE — no position & BTC not in long zone — skipping
[2026-04-07 03:41:35] [LONG    ] XRP — no position & BTC not in long zone — skipping
[2026-04-07 03:41:35] [RUN     ] Sleeping 1 min...
[2026-04-07 03:42:35] [RUN     ] ────────────────────────────────────────────────────────────
[2026-04-07 03:42:36] [MACRO   ] BTC $68737 | 7d-high $70316 short-zone: no | 7d-low $65697 long-zone: no | 4h chg: -0.05%
[2026-04-07 03:42:36] [MACRO   ] SPX $0.28 | 7d-high $0.30 | zone: no
[2026-04-07 03:42:36] [ACCT    ] Value $0.00 | Available $0.00 | Capital used 0.0% / 30%
[2026-04-07 03:42:36] [SHORT   ] BTC not in short zone — skipping
[2026-04-07 03:42:36] [LONG    ] BTC — no position & BTC not in long zone — skipping
[2026-04-07 03:42:36] [LONG    ] SOL — no position & BTC not in long zone — skipping
[2026-04-07 03:42:36] [LONG    ] HYPE — no position & BTC not in long zone — skipping
[2026-04-07 03:42:36] [LONG    ] XRP — no position & BTC not in long zone — skipping
[2026-04-07 03:42:36] [RUN     ] Sleeping 1 min...
[2026-04-07 03:43:36] [RUN     ] ────────────────────────────────────────────────────────────
[2026-04-07 03:43:36] [MACRO   ] BTC $68723 | 7d-high $70316 short-zone: no | 7d-low $65697 long-zone: no | 4h chg: -0.07%
[2026-04-07 03:43:36] [MACRO   ] SPX $0.28 | 7d-high $0.30 | zone: no
[2026-04-07 03:43:36] [ACCT    ] Value $0.00 | Available $0.00 | Capital used 0.0% / 30%
[2026-04-07 03:43:36] [SHORT   ] BTC not in short zone — skipping
[2026-04-07 03:43:36] [LONG    ] BTC — no position & BTC not in long zone — skipping
[2026-04-07 03:43:36] [LONG    ] SOL — no position & BTC not in long zone — skipping
[2026-04-07 03:43:36] [LONG    ] HYPE — no position & BTC not in long zone — skipping
[2026-04-07 03:43:36] [LONG    ] XRP — no position & BTC not in long zone — skipping
[2026-04-07 03:43:36] [RUN     ] Sleeping 1 min...
[2026-04-07 03:44:36] [RUN     ] ────────────────────────────────────────────────────────────
[2026-04-07 03:44:37] [MACRO   ] BTC $68756 | 7d-high $70316 short-zone: no | 7d-low $65697 long-zone: no | 4h chg: -0.02%
[2026-04-07 03:44:37] [MACRO   ] SPX $0.28 | 7d-high $0.30 | zone: no
[2026-04-07 03:44:37] [ACCT    ] Value $0.00 | Available $0.00 | Capital used 0.0% / 30%
[2026-04-07 03:44:37] [SHORT   ] BTC not in short zone — skipping
[2026-04-07 03:44:37] [LONG    ] BTC — no position & BTC not in long zone — skipping
[2026-04-07 03:44:37] [LONG    ] SOL — no position & BTC not in long zone — skipping
[2026-04-07 03:44:37] [LONG    ] HYPE — no position & BTC not in long zone — skipping
[2026-04-07 03:44:37] [LONG    ] XRP — no position & BTC not in long zone — skipping
[2026-04-07 03:44:37] [RUN     ] Sleeping 1 min...
[2026-04-07 03:45:37] [RUN     ] ────────────────────────────────────────────────────────────
[2026-04-07 03:45:38] [MACRO   ] BTC $68757 | 7d-high $70316 short-zone: no | 7d-low $65697 long-zone: no | 4h chg: -0.02%
[2026-04-07 03:45:38] [MACRO   ] SPX $0.28 | 7d-high $0.30 | zone: no
[2026-04-07 03:45:38] [ACCT    ] Value $0.00 | Available $0.00 | Capital used 0.0% / 30%
[2026-04-07 03:45:38] [SHORT   ] BTC not in short zone — skipping
[2026-04-07 03:45:38] [LONG    ] BTC — no position & BTC not in long zone — skipping
[2026-04-07 03:45:38] [LONG    ] SOL — no position & BTC not in long zone — skipping
[2026-04-07 03:45:38] [LONG    ] HYPE — no position & BTC not in long zone — skipping
[2026-04-07 03:45:38] [LONG    ] XRP — no position & BTC not in long zone — skipping
[2026-04-07 03:45:38] [RUN     ] Sleeping 1 min...
[2026-04-07 03:46:38] [RUN     ] ────────────────────────────────────────────────────────────
[2026-04-07 03:46:39] [MACRO   ] BTC $68754 | 7d-high $70316 short-zone: no | 7d-low $65697 long-zone: no | 4h chg: -0.02%
[2026-04-07 03:46:39] [MACRO   ] SPX $0.28 | 7d-high $0.30 | zone: no
[2026-04-07 03:46:39] [ACCT    ] Value $0.00 | Available $0.00 | Capital used 0.0% / 30%
[2026-04-07 03:46:39] [SHORT   ] BTC not in short zone — skipping
[2026-04-07 03:46:39] [LONG    ] BTC — no position & BTC not in long zone — skipping
[2026-04-07 03:46:39] [LONG    ] SOL — no position & BTC not in long zone — skipping
[2026-04-07 03:46:39] [LONG    ] HYPE — no position & BTC not in long zone — skipping
[2026-04-07 03:46:39] [LONG    ] XRP — no position & BTC not in long zone — skipping
[2026-04-07 03:46:39] [RUN     ] Sleeping 1 min...
[2026-04-07 03:47:39] [RUN     ] ────────────────────────────────────────────────────────────
[2026-04-07 03:47:40] [MACRO   ] BTC $68739 | 7d-high $70316 short-zone: no | 7d-low $65697 long-zone: no | 4h chg: -0.05%
[2026-04-07 03:47:40] [MACRO   ] SPX $0.28 | 7d-high $0.30 | zone: no
[2026-04-07 03:47:40] [ACCT    ] Value $0.00 | Available $0.00 | Capital used 0.0% / 30%
[2026-04-07 03:47:40] [SHORT   ] BTC not in short zone — skipping
[2026-04-07 03:47:40] [LONG    ] BTC — no position & BTC not in long zone — skipping
[2026-04-07 03:47:40] [LONG    ] SOL — no position & BTC not in long zone — skipping
[2026-04-07 03:47:40] [LONG    ] HYPE — no position & BTC not in long zone — skipping
[2026-04-07 03:47:40] [LONG    ] XRP — no position & BTC not in long zone — skipping
[2026-04-07 03:47:40] [RUN     ] Sleeping 1 min...
[2026-04-07 03:48:40] [RUN     ] ────────────────────────────────────────────────────────────
[2026-04-07 03:48:41] [MACRO   ] BTC $68733 | 7d-high $70316 short-zone: no | 7d-low $65697 long-zone: no | 4h chg: -0.05%
[2026-04-07 03:48:41] [MACRO   ] SPX $0.28 | 7d-high $0.30 | zone: no
[2026-04-07 03:48:41] [ACCT    ] Value $0.00 | Available $0.00 | Capital used 0.0% / 30%
[2026-04-07 03:48:41] [SHORT   ] BTC not in short zone — skipping
[2026-04-07 03:48:41] [LONG    ] BTC — no position & BTC not in long zone — skipping
[2026-04-07 03:48:41] [LONG    ] SOL — no position & BTC not in long zone — skipping
[2026-04-07 03:48:41] [LONG    ] HYPE — no position & BTC not in long zone — skipping
[2026-04-07 03:48:41] [LONG    ] XRP — no position & BTC not in long zone — skipping
[2026-04-07 03:48:41] [RUN     ] Sleeping 1 min...
[2026-04-07 03:49:41] [RUN     ] ────────────────────────────────────────────────────────────
[2026-04-07 03:49:42] [MACRO   ] BTC $68703 | 7d-high $70316 short-zone: no | 7d-low $65697 long-zone: no | 4h chg: -0.10%
[2026-04-07 03:49:42] [MACRO   ] SPX $0.28 | 7d-high $0.30 | zone: no
[2026-04-07 03:49:42] [ACCT    ] Value $0.00 | Available $0.00 | Capital used 0.0% / 30%
[2026-04-07 03:49:42] [SHORT   ] BTC not in short zone — skipping
[2026-04-07 03:49:42] [LONG    ] BTC — no position & BTC not in long zone — skipping
[2026-04-07 03:49:42] [LONG    ] SOL — no position & BTC not in long zone — skipping
[2026-04-07 03:49:42] [LONG    ] HYPE — no position & BTC not in long zone — skipping
[2026-04-07 03:49:42] [LONG    ] XRP — no position & BTC not in long zone — skipping
[2026-04-07 03:49:42] [RUN     ] Sleeping 1 min...
[2026-04-07 03:50:42] [RUN     ] ────────────────────────────────────────────────────────────
[2026-04-07 03:50:43] [MACRO   ] BTC $68717 | 7d-high $70316 short-zone: no | 7d-low $65697 long-zone: no | 4h chg: -0.08%
[2026-04-07 03:50:43] [MACRO   ] SPX $0.28 | 7d-high $0.30 | zone: no
[2026-04-07 03:50:43] [ACCT    ] Value $0.00 | Available $0.00 | Capital used 0.0% / 30%
[2026-04-07 03:50:43] [SHORT   ] BTC not in short zone — skipping
[2026-04-07 03:50:43] [LONG    ] BTC — no position & BTC not in long zone — skipping
[2026-04-07 03:50:43] [LONG    ] SOL — no position & BTC not in long zone — skipping
[2026-04-07 03:50:43] [LONG    ] HYPE — no position & BTC not in long zone — skipping
[2026-04-07 03:50:43] [LONG    ] XRP — no position & BTC not in long zone — skipping
[2026-04-07 03:50:43] [RUN     ] Sleeping 1 min...
[2026-04-07 03:51:43] [RUN     ] ────────────────────────────────────────────────────────────
[2026-04-07 03:51:44] [MACRO   ] BTC $68744 | 7d-high $70316 short-zone: no | 7d-low $65697 long-zone: no | 4h chg: -0.04%
[2026-04-07 03:51:44] [MACRO   ] SPX $0.28 | 7d-high $0.30 | zone: no
[2026-04-07 03:51:44] [ACCT    ] Value $0.00 | Available $0.00 | Capital used 0.0% / 30%
[2026-04-07 03:51:44] [SHORT   ] BTC not in short zone — skipping
[2026-04-07 03:51:44] [LONG    ] BTC — no position & BTC not in long zone — skipping
[2026-04-07 03:51:44] [LONG    ] SOL — no position & BTC not in long zone — skipping
[2026-04-07 03:51:44] [LONG    ] HYPE — no position & BTC not in long zone — skipping
[2026-04-07 03:51:44] [LONG    ] XRP — no position & BTC not in long zone — skipping
[2026-04-07 03:51:44] [RUN     ] Sleeping 1 min...
[2026-04-07 03:52:44] [RUN     ] ────────────────────────────────────────────────────────────
[2026-04-07 03:52:44] [MACRO   ] BTC $68716 | 7d-high $70316 short-zone: no | 7d-low $65697 long-zone: no | 4h chg: -0.08%
[2026-04-07 03:52:44] [MACRO   ] SPX $0.28 | 7d-high $0.30 | zone: no
[2026-04-07 03:52:44] [ACCT    ] Value $0.00 | Available $0.00 | Capital used 0.0% / 30%
[2026-04-07 03:52:44] [SHORT   ] BTC not in short zone — skipping
[2026-04-07 03:52:44] [LONG    ] BTC — no position & BTC not in long zone — skipping
[2026-04-07 03:52:44] [LONG    ] SOL — no position & BTC not in long zone — skipping
[2026-04-07 03:52:44] [LONG    ] HYPE — no position & BTC not in long zone — skipping
[2026-04-07 03:52:44] [LONG    ] XRP — no position & BTC not in long zone — skipping
[2026-04-07 03:52:44] [RUN     ] Sleeping 1 min...
[2026-04-07 03:53:44] [RUN     ] ────────────────────────────────────────────────────────────
[2026-04-07 03:53:45] [MACRO   ] BTC $68717 | 7d-high $70316 short-zone: no | 7d-low $65697 long-zone: no | 4h chg: -0.08%
[2026-04-07 03:53:45] [MACRO   ] SPX $0.28 | 7d-high $0.30 | zone: no
[2026-04-07 03:53:45] [ACCT    ] Value $0.00 | Available $0.00 | Capital used 0.0% / 30%
[2026-04-07 03:53:45] [SHORT   ] BTC not in short zone — skipping
[2026-04-07 03:53:45] [LONG    ] BTC — no position & BTC not in long zone — skipping
[2026-04-07 03:53:45] [LONG    ] SOL — no position & BTC not in long zone — skipping
[2026-04-07 03:53:45] [LONG    ] HYPE — no position & BTC not in long zone — skipping
[2026-04-07 03:53:45] [LONG    ] XRP — no position & BTC not in long zone — skipping
[2026-04-07 03:53:45] [RUN     ] Sleeping 1 min...
[2026-04-07 03:54:45] [RUN     ] ────────────────────────────────────────────────────────────
[2026-04-07 03:54:46] [MACRO   ] BTC $68721 | 7d-high $70316 short-zone: no | 7d-low $65697 long-zone: no | 4h chg: -0.07%
[2026-04-07 03:54:46] [MACRO   ] SPX $0.28 | 7d-high $0.30 | zone: no
[2026-04-07 03:54:46] [ACCT    ] Value $0.00 | Available $0.00 | Capital used 0.0% / 30%
[2026-04-07 03:54:46] [SHORT   ] BTC not in short zone — skipping
[2026-04-07 03:54:46] [LONG    ] BTC — no position & BTC not in long zone — skipping
[2026-04-07 03:54:46] [LONG    ] SOL — no position & BTC not in long zone — skipping
[2026-04-07 03:54:46] [LONG    ] HYPE — no position & BTC not in long zone — skipping
[2026-04-07 03:54:46] [LONG    ] XRP — no position & BTC not in long zone — skipping
[2026-04-07 03:54:46] [RUN     ] Sleeping 1 min...
[2026-04-07 03:55:46] [RUN     ] ────────────────────────────────────────────────────────────
[2026-04-07 03:55:47] [MACRO   ] BTC $68730 | 7d-high $70316 short-zone: no | 7d-low $65697 long-zone: no | 4h chg: -0.06%
[2026-04-07 03:55:47] [MACRO   ] SPX $0.28 | 7d-high $0.30 | zone: no
[2026-04-07 03:55:47] [ACCT    ] Value $0.00 | Available $0.00 | Capital used 0.0% / 30%
[2026-04-07 03:55:47] [SHORT   ] BTC not in short zone — skipping
[2026-04-07 03:55:47] [LONG    ] BTC — no position & BTC not in long zone — skipping
[2026-04-07 03:55:47] [LONG    ] SOL — no position & BTC not in long zone — skipping
[2026-04-07 03:55:47] [LONG    ] HYPE — no position & BTC not in long zone — skipping
[2026-04-07 03:55:47] [LONG    ] XRP — no position & BTC not in long zone — skipping
[2026-04-07 03:55:47] [RUN     ] Sleeping 1 min...
[2026-04-07 03:56:47] [RUN     ] ────────────────────────────────────────────────────────────
[2026-04-07 03:56:48] [MACRO   ] BTC $68734 | 7d-high $70316 short-zone: no | 7d-low $65697 long-zone: no | 4h chg: -0.05%
[2026-04-07 03:56:48] [MACRO   ] SPX $0.28 | 7d-high $0.30 | zone: no
[2026-04-07 03:56:48] [ACCT    ] Value $0.00 | Available $0.00 | Capital used 0.0% / 30%
[2026-04-07 03:56:48] [SHORT   ] BTC not in short zone — skipping
[2026-04-07 03:56:48] [LONG    ] BTC — no position & BTC not in long zone — skipping
[2026-04-07 03:56:48] [LONG    ] SOL — no position & BTC not in long zone — skipping
[2026-04-07 03:56:48] [LONG    ] HYPE — no position & BTC not in long zone — skipping
[2026-04-07 03:56:48] [LONG    ] XRP — no position & BTC not in long zone — skipping
[2026-04-07 03:56:48] [RUN     ] Sleeping 1 min...
[2026-04-07 03:57:48] [RUN     ] ────────────────────────────────────────────────────────────
[2026-04-07 03:57:48] [MACRO   ] BTC $68737 | 7d-high $70316 short-zone: no | 7d-low $65697 long-zone: no | 4h chg: -0.05%
[2026-04-07 03:57:48] [MACRO   ] SPX $0.28 | 7d-high $0.30 | zone: no
[2026-04-07 03:57:48] [ACCT    ] Value $0.00 | Available $0.00 | Capital used 0.0% / 30%
[2026-04-07 03:57:48] [SHORT   ] BTC not in short zone — skipping
[2026-04-07 03:57:48] [LONG    ] BTC — no position & BTC not in long zone — skipping
[2026-04-07 03:57:48] [LONG    ] SOL — no position & BTC not in long zone — skipping
[2026-04-07 03:57:48] [LONG    ] HYPE — no position & BTC not in long zone — skipping
[2026-04-07 03:57:48] [LONG    ] XRP — no position & BTC not in long zone — skipping
[2026-04-07 03:57:48] [RUN     ] Sleeping 1 min...
[2026-04-07 03:58:48] [RUN     ] ────────────────────────────────────────────────────────────
[2026-04-07 03:58:49] [MACRO   ] BTC $68723 | 7d-high $70316 short-zone: no | 7d-low $65697 long-zone: no | 4h chg: -0.07%
[2026-04-07 03:58:49] [MACRO   ] SPX $0.28 | 7d-high $0.30 | zone: no
[2026-04-07 03:58:49] [ACCT    ] Value $0.00 | Available $0.00 | Capital used 0.0% / 30%
[2026-04-07 03:58:49] [SHORT   ] BTC not in short zone — skipping
[2026-04-07 03:58:49] [LONG    ] BTC — no position & BTC not in long zone — skipping
[2026-04-07 03:58:49] [LONG    ] SOL — no position & BTC not in long zone — skipping
[2026-04-07 03:58:49] [LONG    ] HYPE — no position & BTC not in long zone — skipping
[2026-04-07 03:58:49] [LONG    ] XRP — no position & BTC not in long zone — skipping
[2026-04-07 03:58:49] [RUN     ] Sleeping 1 min...
[2026-04-07 03:59:49] [RUN     ] ────────────────────────────────────────────────────────────
[2026-04-07 03:59:50] [MACRO   ] BTC $68744 | 7d-high $70316 short-zone: no | 7d-low $65697 long-zone: no | 4h chg: -0.04%
[2026-04-07 03:59:50] [MACRO   ] SPX $0.28 | 7d-high $0.30 | zone: no
[2026-04-07 03:59:50] [ACCT    ] Value $0.00 | Available $0.00 | Capital used 0.0% / 30%
[2026-04-07 03:59:50] [SHORT   ] BTC not in short zone — skipping
[2026-04-07 03:59:50] [LONG    ] BTC — no position & BTC not in long zone — skipping
[2026-04-07 03:59:50] [LONG    ] SOL — no position & BTC not in long zone — skipping
[2026-04-07 03:59:50] [LONG    ] HYPE — no position & BTC not in long zone — skipping
[2026-04-07 03:59:50] [LONG    ] XRP — no position & BTC not in long zone — skipping
[2026-04-07 03:59:50] [RUN     ] Sleeping 1 min...
[2026-04-07 04:00:50] [RUN     ] ────────────────────────────────────────────────────────────
[2026-04-07 04:00:51] [MACRO   ] BTC $68727 | 7d-high $70316 short-zone: no | 7d-low $65697 long-zone: no | 4h chg: -0.13%
[2026-04-07 04:00:51] [MACRO   ] SPX $0.28 | 7d-high $0.30 | zone: no
[2026-04-07 04:00:51] [ACCT    ] Value $0.00 | Available $0.00 | Capital used 0.0% / 30%
[2026-04-07 04:00:51] [SHORT   ] BTC not in short zone — skipping
[2026-04-07 04:00:51] [LONG    ] BTC — no position & BTC not in long zone — skipping
[2026-04-07 04:00:51] [LONG    ] SOL — no position & BTC not in long zone — skipping
[2026-04-07 04:00:51] [LONG    ] HYPE — no position & BTC not in long zone — skipping
[2026-04-07 04:00:51] [LONG    ] XRP — no position & BTC not in long zone — skipping
[2026-04-07 04:00:51] [RUN     ] Sleeping 1 min...
[2026-04-07 04:01:51] [RUN     ] ────────────────────────────────────────────────────────────
[2026-04-07 04:01:52] [MACRO   ] BTC $68750 | 7d-high $70316 short-zone: no | 7d-low $65697 long-zone: no | 4h chg: -0.10%
[2026-04-07 04:01:52] [MACRO   ] SPX $0.28 | 7d-high $0.30 | zone: no
[2026-04-07 04:01:52] [ACCT    ] Value $0.00 | Available $0.00 | Capital used 0.0% / 30%
[2026-04-07 04:01:52] [SHORT   ] BTC not in short zone — skipping
[2026-04-07 04:01:52] [LONG    ] BTC — no position & BTC not in long zone — skipping
[2026-04-07 04:01:52] [LONG    ] SOL — no position & BTC not in long zone — skipping
[2026-04-07 04:01:52] [LONG    ] HYPE — no position & BTC not in long zone — skipping
[2026-04-07 04:01:52] [LONG    ] XRP — no position & BTC not in long zone — skipping
[2026-04-07 04:01:52] [RUN     ] Sleeping 1 min...
[2026-04-07 04:02:52] [RUN     ] ────────────────────────────────────────────────────────────
[2026-04-07 04:02:52] [MACRO   ] BTC $68738 | 7d-high $70316 short-zone: no | 7d-low $65697 long-zone: no | 4h chg: -0.11%
[2026-04-07 04:02:52] [MACRO   ] SPX $0.28 | 7d-high $0.30 | zone: no
[2026-04-07 04:02:52] [ACCT    ] Value $0.00 | Available $0.00 | Capital used 0.0% / 30%
[2026-04-07 04:02:52] [SHORT   ] BTC not in short zone — skipping
[2026-04-07 04:02:52] [LONG    ] BTC — no position & BTC not in long zone — skipping
[2026-04-07 04:02:52] [LONG    ] SOL — no position & BTC not in long zone — skipping
[2026-04-07 04:02:52] [LONG    ] HYPE — no position & BTC not in long zone — skipping
[2026-04-07 04:02:52] [LONG    ] XRP — no position & BTC not in long zone — skipping
[2026-04-07 04:02:52] [RUN     ] Sleeping 1 min...
[2026-04-07 04:03:52] [RUN     ] ────────────────────────────────────────────────────────────
[2026-04-07 04:03:53] [MACRO   ] BTC $68735 | 7d-high $70316 short-zone: no | 7d-low $65697 long-zone: no | 4h chg: -0.12%
[2026-04-07 04:03:53] [MACRO   ] SPX $0.28 | 7d-high $0.30 | zone: no
[2026-04-07 04:03:53] [ACCT    ] Value $0.00 | Available $0.00 | Capital used 0.0% / 30%
[2026-04-07 04:03:53] [SHORT   ] BTC not in short zone — skipping
[2026-04-07 04:03:53] [LONG    ] BTC — no position & BTC not in long zone — skipping
[2026-04-07 04:03:53] [LONG    ] SOL — no position & BTC not in long zone — skipping
[2026-04-07 04:03:53] [LONG    ] HYPE — no position & BTC not in long zone — skipping
[2026-04-07 04:03:53] [LONG    ] XRP — no position & BTC not in long zone — skipping
[2026-04-07 04:03:53] [RUN     ] Sleeping 1 min...
[2026-04-07 04:04:53] [RUN     ] ────────────────────────────────────────────────────────────
[2026-04-07 04:04:54] [MACRO   ] BTC $68684 | 7d-high $70316 short-zone: no | 7d-low $65697 long-zone: no | 4h chg: -0.19%
[2026-04-07 04:04:54] [MACRO   ] SPX $0.28 | 7d-high $0.30 | zone: no
[2026-04-07 04:04:54] [ACCT    ] Value $0.00 | Available $0.00 | Capital used 0.0% / 30%
[2026-04-07 04:04:54] [SHORT   ] BTC not in short zone — skipping
[2026-04-07 04:04:54] [LONG    ] BTC — no position & BTC not in long zone — skipping
[2026-04-07 04:04:54] [LONG    ] SOL — no position & BTC not in long zone — skipping
[2026-04-07 04:04:54] [LONG    ] HYPE — no position & BTC not in long zone — skipping
[2026-04-07 04:04:54] [LONG    ] XRP — no position & BTC not in long zone — skipping
[2026-04-07 04:04:54] [RUN     ] Sleeping 1 min...
[2026-04-07 04:05:54] [RUN     ] ────────────────────────────────────────────────────────────
[2026-04-07 04:05:55] [MACRO   ] BTC $68668 | 7d-high $70316 short-zone: no | 7d-low $65697 long-zone: no | 4h chg: -0.22%
[2026-04-07 04:05:55] [MACRO   ] SPX $0.28 | 7d-high $0.30 | zone: no
[2026-04-07 04:05:55] [ACCT    ] Value $0.00 | Available $0.00 | Capital used 0.0% / 30%
[2026-04-07 04:05:55] [SHORT   ] BTC not in short zone — skipping
[2026-04-07 04:05:55] [LONG    ] BTC — no position & BTC not in long zone — skipping
[2026-04-07 04:05:55] [LONG    ] SOL — no position & BTC not in long zone — skipping
[2026-04-07 04:05:55] [LONG    ] HYPE — no position & BTC not in long zone — skipping
[2026-04-07 04:05:55] [LONG    ] XRP — no position & BTC not in long zone — skipping
[2026-04-07 04:05:55] [RUN     ] Sleeping 1 min...
[2026-04-07 04:06:55] [RUN     ] ────────────────────────────────────────────────────────────
[2026-04-07 04:06:55] [MACRO   ] BTC $68632 | 7d-high $70316 short-zone: no | 7d-low $65697 long-zone: no | 4h chg: -0.27%
[2026-04-07 04:06:55] [MACRO   ] SPX $0.28 | 7d-high $0.30 | zone: no
[2026-04-07 04:06:55] [ACCT    ] Value $0.00 | Available $0.00 | Capital used 0.0% / 30%
[2026-04-07 04:06:55] [SHORT   ] BTC not in short zone — skipping
[2026-04-07 04:06:55] [LONG    ] BTC — no position & BTC not in long zone — skipping
[2026-04-07 04:06:55] [LONG    ] SOL — no position & BTC not in long zone — skipping
[2026-04-07 04:06:55] [LONG    ] HYPE — no position & BTC not in long zone — skipping
[2026-04-07 04:06:55] [LONG    ] XRP — no position & BTC not in long zone — skipping
[2026-04-07 04:06:55] [RUN     ] Sleeping 1 min...
[2026-04-07 04:07:55] [RUN     ] ────────────────────────────────────────────────────────────
[2026-04-07 04:07:56] [MACRO   ] BTC $68617 | 7d-high $70316 short-zone: no | 7d-low $65697 long-zone: no | 4h chg: -0.29%
[2026-04-07 04:07:56] [MACRO   ] SPX $0.28 | 7d-high $0.30 | zone: no
[2026-04-07 04:07:56] [ACCT    ] Value $0.00 | Available $0.00 | Capital used 0.0% / 30%
[2026-04-07 04:07:56] [SHORT   ] BTC not in short zone — skipping
[2026-04-07 04:07:56] [LONG    ] BTC — no position & BTC not in long zone — skipping
[2026-04-07 04:07:56] [LONG    ] SOL — no position & BTC not in long zone — skipping
[2026-04-07 04:07:56] [LONG    ] HYPE — no position & BTC not in long zone — skipping
[2026-04-07 04:07:56] [LONG    ] XRP — no position & BTC not in long zone — skipping
[2026-04-07 04:07:56] [RUN     ] Sleeping 1 min...
[2026-04-07 04:08:56] [RUN     ] ────────────────────────────────────────────────────────────
[2026-04-07 04:08:57] [MACRO   ] BTC $68642 | 7d-high $70316 short-zone: no | 7d-low $65697 long-zone: no | 4h chg: -0.26%
[2026-04-07 04:08:57] [MACRO   ] SPX $0.28 | 7d-high $0.30 | zone: no
[2026-04-07 04:08:57] [ACCT    ] Value $0.00 | Available $0.00 | Capital used 0.0% / 30%
[2026-04-07 04:08:57] [SHORT   ] BTC not in short zone — skipping
[2026-04-07 04:08:57] [LONG    ] BTC — no position & BTC not in long zone — skipping
[2026-04-07 04:08:57] [LONG    ] SOL — no position & BTC not in long zone — skipping
[2026-04-07 04:08:57] [LONG    ] HYPE — no position & BTC not in long zone — skipping
[2026-04-07 04:08:57] [LONG    ] XRP — no position & BTC not in long zone — skipping
[2026-04-07 04:08:57] [RUN     ] Sleeping 1 min...
[2026-04-07 04:09:57] [RUN     ] ────────────────────────────────────────────────────────────
[2026-04-07 04:09:58] [MACRO   ] BTC $68625 | 7d-high $70316 short-zone: no | 7d-low $65697 long-zone: no | 4h chg: -0.28%
[2026-04-07 04:09:58] [MACRO   ] SPX $0.28 | 7d-high $0.30 | zone: no
[2026-04-07 04:09:58] [ACCT    ] Value $0.00 | Available $0.00 | Capital used 0.0% / 30%
[2026-04-07 04:09:58] [SHORT   ] BTC not in short zone — skipping
[2026-04-07 04:09:58] [LONG    ] BTC — no position & BTC not in long zone — skipping
[2026-04-07 04:09:58] [LONG    ] SOL — no position & BTC not in long zone — skipping
[2026-04-07 04:09:58] [LONG    ] HYPE — no position & BTC not in long zone — skipping
[2026-04-07 04:09:58] [LONG    ] XRP — no position & BTC not in long zone — skipping
[2026-04-07 04:09:58] [RUN     ] Sleeping 1 min...
[2026-04-07 04:10:58] [RUN     ] ────────────────────────────────────────────────────────────
[2026-04-07 04:10:58] [MACRO   ] BTC $68639 | 7d-high $70316 short-zone: no | 7d-low $65697 long-zone: no | 4h chg: -0.26%
[2026-04-07 04:10:58] [MACRO   ] SPX $0.28 | 7d-high $0.30 | zone: no
[2026-04-07 04:10:58] [ACCT    ] Value $0.00 | Available $0.00 | Capital used 0.0% / 30%
[2026-04-07 04:10:58] [SHORT   ] BTC not in short zone — skipping
[2026-04-07 04:10:58] [LONG    ] BTC — no position & BTC not in long zone — skipping
[2026-04-07 04:10:58] [LONG    ] SOL — no position & BTC not in long zone — skipping
[2026-04-07 04:10:58] [LONG    ] HYPE — no position & BTC not in long zone — skipping
[2026-04-07 04:10:58] [LONG    ] XRP — no position & BTC not in long zone — skipping
[2026-04-07 04:10:58] [RUN     ] Sleeping 1 min...
[2026-04-07 04:11:58] [RUN     ] ────────────────────────────────────────────────────────────
[2026-04-07 04:11:59] [MACRO   ] BTC $68610 | 7d-high $70316 short-zone: no | 7d-low $65697 long-zone: no | 4h chg: -0.30%
[2026-04-07 04:11:59] [MACRO   ] SPX $0.28 | 7d-high $0.30 | zone: no
[2026-04-07 04:11:59] [ACCT    ] Value $0.00 | Available $0.00 | Capital used 0.0% / 30%
[2026-04-07 04:11:59] [SHORT   ] BTC not in short zone — skipping
[2026-04-07 04:11:59] [LONG    ] BTC — no position & BTC not in long zone — skipping
[2026-04-07 04:11:59] [LONG    ] SOL — no position & BTC not in long zone — skipping
[2026-04-07 04:11:59] [LONG    ] HYPE — no position & BTC not in long zone — skipping
[2026-04-07 04:11:59] [LONG    ] XRP — no position & BTC not in long zone — skipping
[2026-04-07 04:11:59] [RUN     ] Sleeping 1 min...
[2026-04-07 04:12:59] [RUN     ] ────────────────────────────────────────────────────────────
[2026-04-07 04:13:00] [MACRO   ] BTC $68614 | 7d-high $70316 short-zone: no | 7d-low $65697 long-zone: no | 4h chg: -0.30%
[2026-04-07 04:13:00] [MACRO   ] SPX $0.28 | 7d-high $0.30 | zone: no
[2026-04-07 04:13:00] [ACCT    ] Value $0.00 | Available $0.00 | Capital used 0.0% / 30%
[2026-04-07 04:13:00] [SHORT   ] BTC not in short zone — skipping
[2026-04-07 04:13:00] [LONG    ] BTC — no position & BTC not in long zone — skipping
[2026-04-07 04:13:00] [LONG    ] SOL — no position & BTC not in long zone — skipping
[2026-04-07 04:13:00] [LONG    ] HYPE — no position & BTC not in long zone — skipping
[2026-04-07 04:13:00] [LONG    ] XRP — no position & BTC not in long zone — skipping
[2026-04-07 04:13:00] [RUN     ] Sleeping 1 min...
[2026-04-07 04:14:00] [RUN     ] ────────────────────────────────────────────────────────────
[2026-04-07 04:14:01] [MACRO   ] BTC $68602 | 7d-high $70316 short-zone: no | 7d-low $65697 long-zone: no | 4h chg: -0.31%
[2026-04-07 04:14:01] [MACRO   ] SPX $0.28 | 7d-high $0.30 | zone: no
[2026-04-07 04:14:01] [ACCT    ] Value $0.00 | Available $0.00 | Capital used 0.0% / 30%
[2026-04-07 04:14:01] [SHORT   ] BTC not in short zone — skipping
[2026-04-07 04:14:01] [LONG    ] BTC — no position & BTC not in long zone — skipping
[2026-04-07 04:14:01] [LONG    ] SOL — no position & BTC not in long zone — skipping
[2026-04-07 04:14:01] [LONG    ] HYPE — no position & BTC not in long zone — skipping
[2026-04-07 04:14:01] [LONG    ] XRP — no position & BTC not in long zone — skipping
[2026-04-07 04:14:01] [RUN     ] Sleeping 1 min...
[2026-04-07 04:15:01] [RUN     ] ────────────────────────────────────────────────────────────
[2026-04-07 04:15:02] [MACRO   ] BTC $68628 | 7d-high $70316 short-zone: no | 7d-low $65697 long-zone: no | 4h chg: -0.28%
[2026-04-07 04:15:02] [MACRO   ] SPX $0.28 | 7d-high $0.30 | zone: no
[2026-04-07 04:15:02] [ACCT    ] Value $0.00 | Available $0.00 | Capital used 0.0% / 30%
[2026-04-07 04:15:02] [SHORT   ] BTC not in short zone — skipping
[2026-04-07 04:15:02] [LONG    ] BTC — no position & BTC not in long zone — skipping
[2026-04-07 04:15:02] [LONG    ] SOL — no position & BTC not in long zone — skipping
[2026-04-07 04:15:02] [LONG    ] HYPE — no position & BTC not in long zone — skipping
[2026-04-07 04:15:02] [LONG    ] XRP — no position & BTC not in long zone — skipping
[2026-04-07 04:15:02] [RUN     ] Sleeping 1 min...
[2026-04-07 04:16:02] [RUN     ] ────────────────────────────────────────────────────────────
[2026-04-07 04:16:02] [MACRO   ] BTC $68639 | 7d-high $70316 short-zone: no | 7d-low $65697 long-zone: no | 4h chg: -0.26%
[2026-04-07 04:16:02] [MACRO   ] SPX $0.28 | 7d-high $0.30 | zone: no
[2026-04-07 04:16:02] [ACCT    ] Value $0.00 | Available $0.00 | Capital used 0.0% / 30%
[2026-04-07 04:16:02] [SHORT   ] BTC not in short zone — skipping
[2026-04-07 04:16:02] [LONG    ] BTC — no position & BTC not in long zone — skipping
[2026-04-07 04:16:02] [LONG    ] SOL — no position & BTC not in long zone — skipping
[2026-04-07 04:16:02] [LONG    ] HYPE — no position & BTC not in long zone — skipping
[2026-04-07 04:16:02] [LONG    ] XRP — no position & BTC not in long zone — skipping
[2026-04-07 04:16:02] [RUN     ] Sleeping 1 min...
[2026-04-07 04:17:02] [RUN     ] ────────────────────────────────────────────────────────────
[2026-04-07 04:17:04] [MACRO   ] BTC $68644 | 7d-high $70316 short-zone: no | 7d-low $65697 long-zone: no | 4h chg: -0.25%
[2026-04-07 04:17:04] [MACRO   ] SPX $0.28 | 7d-high $0.30 | zone: no
[2026-04-07 04:17:04] [ACCT    ] Value $0.00 | Available $0.00 | Capital used 0.0% / 30%
[2026-04-07 04:17:04] [SHORT   ] BTC not in short zone — skipping
[2026-04-07 04:17:04] [LONG    ] BTC — no position & BTC not in long zone — skipping
[2026-04-07 04:17:04] [LONG    ] SOL — no position & BTC not in long zone — skipping
[2026-04-07 04:17:04] [LONG    ] HYPE — no position & BTC not in long zone — skipping
[2026-04-07 04:17:04] [LONG    ] XRP — no position & BTC not in long zone — skipping
[2026-04-07 04:17:04] [RUN     ] Sleeping 1 min...
[2026-04-07 04:18:04] [RUN     ] ────────────────────────────────────────────────────────────
[2026-04-07 04:18:04] [MACRO   ] BTC $68609 | 7d-high $70316 short-zone: no | 7d-low $65697 long-zone: no | 4h chg: -0.30%
[2026-04-07 04:18:04] [MACRO   ] SPX $0.28 | 7d-high $0.30 | zone: no
[2026-04-07 04:18:04] [ACCT    ] Value $0.00 | Available $0.00 | Capital used 0.0% / 30%
[2026-04-07 04:18:04] [SHORT   ] BTC not in short zone — skipping
[2026-04-07 04:18:04] [LONG    ] BTC — no position & BTC not in long zone — skipping
[2026-04-07 04:18:04] [LONG    ] SOL — no position & BTC not in long zone — skipping
[2026-04-07 04:18:04] [LONG    ] HYPE — no position & BTC not in long zone — skipping
[2026-04-07 04:18:04] [LONG    ] XRP — no position & BTC not in long zone — skipping
[2026-04-07 04:18:04] [RUN     ] Sleeping 1 min...
[2026-04-07 04:19:04] [RUN     ] ────────────────────────────────────────────────────────────
[2026-04-07 04:19:05] [MACRO   ] BTC $68531 | 7d-high $70316 short-zone: no | 7d-low $65697 long-zone: no | 4h chg: -0.41%
[2026-04-07 04:19:05] [MACRO   ] SPX $0.28 | 7d-high $0.30 | zone: no
[2026-04-07 04:19:05] [ACCT    ] Value $0.00 | Available $0.00 | Capital used 0.0% / 30%
[2026-04-07 04:19:05] [SHORT   ] BTC not in short zone — skipping
[2026-04-07 04:19:05] [LONG    ] BTC — no position & BTC not in long zone — skipping
[2026-04-07 04:19:05] [LONG    ] SOL — no position & BTC not in long zone — skipping
[2026-04-07 04:19:05] [LONG    ] HYPE — no position & BTC not in long zone — skipping
[2026-04-07 04:19:05] [LONG    ] XRP — no position & BTC not in long zone — skipping
[2026-04-07 04:19:05] [RUN     ] Sleeping 1 min...
[2026-04-07 04:20:05] [RUN     ] ────────────────────────────────────────────────────────────
[2026-04-07 04:20:06] [MACRO   ] BTC $68550 | 7d-high $70316 short-zone: no | 7d-low $65697 long-zone: no | 4h chg: -0.39%
[2026-04-07 04:20:06] [MACRO   ] SPX $0.28 | 7d-high $0.30 | zone: no
[2026-04-07 04:20:06] [ACCT    ] Value $0.00 | Available $0.00 | Capital used 0.0% / 30%
[2026-04-07 04:20:06] [SHORT   ] BTC not in short zone — skipping
[2026-04-07 04:20:06] [LONG    ] BTC — no position & BTC not in long zone — skipping
[2026-04-07 04:20:06] [LONG    ] SOL — no position & BTC not in long zone — skipping
[2026-04-07 04:20:06] [LONG    ] HYPE — no position & BTC not in long zone — skipping
[2026-04-07 04:20:06] [LONG    ] XRP — no position & BTC not in long zone — skipping
[2026-04-07 04:20:06] [RUN     ] Sleeping 1 min...
[2026-04-07 04:21:06] [RUN     ] ────────────────────────────────────────────────────────────
[2026-04-07 04:21:07] [MACRO   ] BTC $68550 | 7d-high $70316 short-zone: no | 7d-low $65697 long-zone: no | 4h chg: -0.39%
[2026-04-07 04:21:07] [MACRO   ] SPX $0.28 | 7d-high $0.30 | zone: no
[2026-04-07 04:21:07] [ACCT    ] Value $0.00 | Available $0.00 | Capital used 0.0% / 30%
[2026-04-07 04:21:07] [SHORT   ] BTC not in short zone — skipping
[2026-04-07 04:21:07] [LONG    ] BTC — no position & BTC not in long zone — skipping
[2026-04-07 04:21:07] [LONG    ] SOL — no position & BTC not in long zone — skipping
[2026-04-07 04:21:07] [LONG    ] HYPE — no position & BTC not in long zone — skipping
[2026-04-07 04:21:07] [LONG    ] XRP — no position & BTC not in long zone — skipping
[2026-04-07 04:21:07] [RUN     ] Sleeping 1 min...
[2026-04-07 04:22:07] [RUN     ] ────────────────────────────────────────────────────────────
[2026-04-07 04:22:08] [MACRO   ] BTC $68533 | 7d-high $70316 short-zone: no | 7d-low $65697 long-zone: no | 4h chg: -0.41%
[2026-04-07 04:22:08] [MACRO   ] SPX $0.28 | 7d-high $0.30 | zone: no
[2026-04-07 04:22:08] [ACCT    ] Value $0.00 | Available $0.00 | Capital used 0.0% / 30%
[2026-04-07 04:22:08] [SHORT   ] BTC not in short zone — skipping
[2026-04-07 04:22:08] [LONG    ] BTC — no position & BTC not in long zone — skipping
[2026-04-07 04:22:08] [LONG    ] SOL — no position & BTC not in long zone — skipping
[2026-04-07 04:22:08] [LONG    ] HYPE — no position & BTC not in long zone — skipping
[2026-04-07 04:22:08] [LONG    ] XRP — no position & BTC not in long zone — skipping
[2026-04-07 04:22:08] [RUN     ] Sleeping 1 min...
[2026-04-07 04:23:08] [RUN     ] ────────────────────────────────────────────────────────────
[2026-04-07 04:23:08] [MACRO   ] BTC $68509 | 7d-high $70316 short-zone: no | 7d-low $65697 long-zone: no | 4h chg: -0.45%
[2026-04-07 04:23:08] [MACRO   ] SPX $0.28 | 7d-high $0.30 | zone: no
[2026-04-07 04:23:08] [ACCT    ] Value $0.00 | Available $0.00 | Capital used 0.0% / 30%
[2026-04-07 04:23:08] [SHORT   ] BTC not in short zone — skipping
[2026-04-07 04:23:08] [LONG    ] BTC — no position & BTC not in long zone — skipping
[2026-04-07 04:23:08] [LONG    ] SOL — no position & BTC not in long zone — skipping
[2026-04-07 04:23:08] [LONG    ] HYPE — no position & BTC not in long zone — skipping
[2026-04-07 04:23:08] [LONG    ] XRP — no position & BTC not in long zone — skipping
[2026-04-07 04:23:08] [RUN     ] Sleeping 1 min...
[2026-04-07 04:24:08] [RUN     ] ────────────────────────────────────────────────────────────
[2026-04-07 04:24:09] [MACRO   ] BTC $68579 | 7d-high $70316 short-zone: no | 7d-low $65697 long-zone: no | 4h chg: -0.35%
[2026-04-07 04:24:09] [MACRO   ] SPX $0.28 | 7d-high $0.30 | zone: no
[2026-04-07 04:24:09] [ACCT    ] Value $0.00 | Available $0.00 | Capital used 0.0% / 30%
[2026-04-07 04:24:09] [SHORT   ] BTC not in short zone — skipping
[2026-04-07 04:24:09] [LONG    ] BTC — no position & BTC not in long zone — skipping
[2026-04-07 04:24:09] [LONG    ] SOL — no position & BTC not in long zone — skipping
[2026-04-07 04:24:09] [LONG    ] HYPE — no position & BTC not in long zone — skipping
[2026-04-07 04:24:09] [LONG    ] XRP — no position & BTC not in long zone — skipping
[2026-04-07 04:24:09] [RUN     ] Sleeping 1 min...
[2026-04-07 04:25:09] [RUN     ] ────────────────────────────────────────────────────────────
[2026-04-07 04:25:10] [MACRO   ] BTC $68574 | 7d-high $70316 short-zone: no | 7d-low $65697 long-zone: no | 4h chg: -0.35%
[2026-04-07 04:25:10] [MACRO   ] SPX $0.28 | 7d-high $0.30 | zone: no
[2026-04-07 04:25:10] [ACCT    ] Value $0.00 | Available $0.00 | Capital used 0.0% / 30%
[2026-04-07 04:25:10] [SHORT   ] BTC not in short zone — skipping
[2026-04-07 04:25:10] [LONG    ] BTC — no position & BTC not in long zone — skipping
[2026-04-07 04:25:10] [LONG    ] SOL — no position & BTC not in long zone — skipping
[2026-04-07 04:25:10] [LONG    ] HYPE — no position & BTC not in long zone — skipping
[2026-04-07 04:25:10] [LONG    ] XRP — no position & BTC not in long zone — skipping
[2026-04-07 04:25:10] [RUN     ] Sleeping 1 min...
[2026-04-07 04:26:10] [RUN     ] ────────────────────────────────────────────────────────────
[2026-04-07 04:26:11] [MACRO   ] BTC $68568 | 7d-high $70316 short-zone: no | 7d-low $65697 long-zone: no | 4h chg: -0.36%
[2026-04-07 04:26:11] [MACRO   ] SPX $0.28 | 7d-high $0.30 | zone: no
[2026-04-07 04:26:11] [ACCT    ] Value $0.00 | Available $0.00 | Capital used 0.0% / 30%
[2026-04-07 04:26:11] [SHORT   ] BTC not in short zone — skipping
[2026-04-07 04:26:11] [LONG    ] BTC — no position & BTC not in long zone — skipping
[2026-04-07 04:26:11] [LONG    ] SOL — no position & BTC not in long zone — skipping
[2026-04-07 04:26:11] [LONG    ] HYPE — no position & BTC not in long zone — skipping
[2026-04-07 04:26:11] [LONG    ] XRP — no position & BTC not in long zone — skipping
[2026-04-07 04:26:11] [RUN     ] Sleeping 1 min...
[2026-04-07 04:27:11] [RUN     ] ────────────────────────────────────────────────────────────
[2026-04-07 04:27:12] [MACRO   ] BTC $68575 | 7d-high $70316 short-zone: no | 7d-low $65697 long-zone: no | 4h chg: -0.35%
[2026-04-07 04:27:12] [MACRO   ] SPX $0.28 | 7d-high $0.30 | zone: no
[2026-04-07 04:27:12] [ACCT    ] Value $0.00 | Available $0.00 | Capital used 0.0% / 30%
[2026-04-07 04:27:12] [SHORT   ] BTC not in short zone — skipping
[2026-04-07 04:27:12] [LONG    ] BTC — no position & BTC not in long zone — skipping
[2026-04-07 04:27:12] [LONG    ] SOL — no position & BTC not in long zone — skipping
[2026-04-07 04:27:12] [LONG    ] HYPE — no position & BTC not in long zone — skipping
[2026-04-07 04:27:12] [LONG    ] XRP — no position & BTC not in long zone — skipping
[2026-04-07 04:27:12] [RUN     ] Sleeping 1 min...
[2026-04-07 04:28:12] [RUN     ] ────────────────────────────────────────────────────────────
[2026-04-07 04:28:12] [MACRO   ] BTC $68573 | 7d-high $70316 short-zone: no | 7d-low $65697 long-zone: no | 4h chg: -0.36%
[2026-04-07 04:28:12] [MACRO   ] SPX $0.28 | 7d-high $0.30 | zone: no
[2026-04-07 04:28:12] [ACCT    ] Value $0.00 | Available $0.00 | Capital used 0.0% / 30%
[2026-04-07 04:28:12] [SHORT   ] BTC not in short zone — skipping
[2026-04-07 04:28:12] [LONG    ] BTC — no position & BTC not in long zone — skipping
[2026-04-07 04:28:12] [LONG    ] SOL — no position & BTC not in long zone — skipping
[2026-04-07 04:28:12] [LONG    ] HYPE — no position & BTC not in long zone — skipping
[2026-04-07 04:28:12] [LONG    ] XRP — no position & BTC not in long zone — skipping
[2026-04-07 04:28:12] [RUN     ] Sleeping 1 min...
[2026-04-07 04:29:12] [RUN     ] ────────────────────────────────────────────────────────────
[2026-04-07 04:29:13] [MACRO   ] BTC $68572 | 7d-high $70316 short-zone: no | 7d-low $65697 long-zone: no | 4h chg: -0.36%
[2026-04-07 04:29:13] [MACRO   ] SPX $0.28 | 7d-high $0.30 | zone: no
[2026-04-07 04:29:13] [ACCT    ] Value $0.00 | Available $0.00 | Capital used 0.0% / 30%
[2026-04-07 04:29:13] [SHORT   ] BTC not in short zone — skipping
[2026-04-07 04:29:13] [LONG    ] BTC — no position & BTC not in long zone — skipping
[2026-04-07 04:29:13] [LONG    ] SOL — no position & BTC not in long zone — skipping
[2026-04-07 04:29:13] [LONG    ] HYPE — no position & BTC not in long zone — skipping
[2026-04-07 04:29:13] [LONG    ] XRP — no position & BTC not in long zone — skipping
[2026-04-07 04:29:13] [RUN     ] Sleeping 1 min...
[2026-04-07 04:30:13] [RUN     ] ────────────────────────────────────────────────────────────
[2026-04-07 04:30:14] [MACRO   ] BTC $68589 | 7d-high $70316 short-zone: no | 7d-low $65697 long-zone: no | 4h chg: -0.33%
[2026-04-07 04:30:14] [MACRO   ] SPX $0.28 | 7d-high $0.30 | zone: no
[2026-04-07 04:30:14] [ACCT    ] Value $0.00 | Available $0.00 | Capital used 0.0% / 30%
[2026-04-07 04:30:14] [SHORT   ] BTC not in short zone — skipping
[2026-04-07 04:30:14] [LONG    ] BTC — no position & BTC not in long zone — skipping
[2026-04-07 04:30:14] [LONG    ] SOL — no position & BTC not in long zone — skipping
[2026-04-07 04:30:14] [LONG    ] HYPE — no position & BTC not in long zone — skipping
[2026-04-07 04:30:14] [LONG    ] XRP — no position & BTC not in long zone — skipping
[2026-04-07 04:30:14] [RUN     ] Sleeping 1 min...
[2026-04-07 04:31:14] [RUN     ] ────────────────────────────────────────────────────────────
[2026-04-07 04:31:15] [MACRO   ] BTC $68638 | 7d-high $70316 short-zone: no | 7d-low $65697 long-zone: no | 4h chg: -0.26%
[2026-04-07 04:31:15] [MACRO   ] SPX $0.28 | 7d-high $0.30 | zone: no
[2026-04-07 04:31:15] [ACCT    ] Value $0.00 | Available $0.00 | Capital used 0.0% / 30%
[2026-04-07 04:31:15] [SHORT   ] BTC not in short zone — skipping
[2026-04-07 04:31:15] [LONG    ] BTC — no position & BTC not in long zone — skipping
[2026-04-07 04:31:15] [LONG    ] SOL — no position & BTC not in long zone — skipping
[2026-04-07 04:31:15] [LONG    ] HYPE — no position & BTC not in long zone — skipping
[2026-04-07 04:31:15] [LONG    ] XRP — no position & BTC not in long zone — skipping
[2026-04-07 04:31:15] [RUN     ] Sleeping 1 min...
[2026-04-07 04:32:15] [RUN     ] ────────────────────────────────────────────────────────────
[2026-04-07 04:32:16] [MACRO   ] BTC $68693 | 7d-high $70316 short-zone: no | 7d-low $65697 long-zone: no | 4h chg: -0.18%
[2026-04-07 04:32:16] [MACRO   ] SPX $0.28 | 7d-high $0.30 | zone: no
[2026-04-07 04:32:16] [ACCT    ] Value $0.00 | Available $0.00 | Capital used 0.0% / 30%
[2026-04-07 04:32:16] [SHORT   ] BTC not in short zone — skipping
[2026-04-07 04:32:16] [LONG    ] BTC — no position & BTC not in long zone — skipping
[2026-04-07 04:32:16] [LONG    ] SOL — no position & BTC not in long zone — skipping
[2026-04-07 04:32:16] [LONG    ] HYPE — no position & BTC not in long zone — skipping
[2026-04-07 04:32:16] [LONG    ] XRP — no position & BTC not in long zone — skipping
[2026-04-07 04:32:16] [RUN     ] Sleeping 1 min...
[2026-04-07 04:33:16] [RUN     ] ────────────────────────────────────────────────────────────
[2026-04-07 04:33:17] [MACRO   ] BTC $68696 | 7d-high $70316 short-zone: no | 7d-low $65697 long-zone: no | 4h chg: -0.18%
[2026-04-07 04:33:17] [MACRO   ] SPX $0.28 | 7d-high $0.30 | zone: no
[2026-04-07 04:33:17] [ACCT    ] Value $0.00 | Available $0.00 | Capital used 0.0% / 30%
[2026-04-07 04:33:17] [SHORT   ] BTC not in short zone — skipping
[2026-04-07 04:33:17] [LONG    ] BTC — no position & BTC not in long zone — skipping
[2026-04-07 04:33:17] [LONG    ] SOL — no position & BTC not in long zone — skipping
[2026-04-07 04:33:17] [LONG    ] HYPE — no position & BTC not in long zone — skipping
[2026-04-07 04:33:17] [LONG    ] XRP — no position & BTC not in long zone — skipping
[2026-04-07 04:33:17] [RUN     ] Sleeping 1 min...
[2026-04-07 04:34:17] [RUN     ] ────────────────────────────────────────────────────────────
[2026-04-07 04:34:17] [MACRO   ] BTC $68756 | 7d-high $70316 short-zone: no | 7d-low $65697 long-zone: no | 4h chg: -0.08%
[2026-04-07 04:34:17] [MACRO   ] SPX $0.28 | 7d-high $0.30 | zone: no
[2026-04-07 04:34:17] [ACCT    ] Value $0.00 | Available $0.00 | Capital used 0.0% / 30%
[2026-04-07 04:34:17] [SHORT   ] BTC not in short zone — skipping
[2026-04-07 04:34:17] [LONG    ] BTC — no position & BTC not in long zone — skipping
[2026-04-07 04:34:17] [LONG    ] SOL — no position & BTC not in long zone — skipping
[2026-04-07 04:34:17] [LONG    ] HYPE — no position & BTC not in long zone — skipping
[2026-04-07 04:34:17] [LONG    ] XRP — no position & BTC not in long zone — skipping
[2026-04-07 04:34:17] [RUN     ] Sleeping 1 min...
[2026-04-07 04:35:17] [RUN     ] ────────────────────────────────────────────────────────────
[2026-04-07 04:35:18] [MACRO   ] BTC $68820 | 7d-high $70316 short-zone: no | 7d-low $65697 long-zone: no | 4h chg: 0.00%
[2026-04-07 04:35:18] [MACRO   ] SPX $0.28 | 7d-high $0.30 | zone: no
[2026-04-07 04:35:18] [ACCT    ] Value $0.00 | Available $0.00 | Capital used 0.0% / 30%
[2026-04-07 04:35:18] [SHORT   ] BTC not in short zone — skipping
[2026-04-07 04:35:18] [LONG    ] BTC — no position & BTC not in long zone — skipping
[2026-04-07 04:35:18] [LONG    ] SOL — no position & BTC not in long zone — skipping
[2026-04-07 04:35:18] [LONG    ] HYPE — no position & BTC not in long zone — skipping
[2026-04-07 04:35:18] [LONG    ] XRP — no position & BTC not in long zone — skipping
[2026-04-07 04:35:18] [RUN     ] Sleeping 1 min...
[2026-04-07 04:36:18] [RUN     ] ────────────────────────────────────────────────────────────
[2026-04-07 04:36:19] [MACRO   ] BTC $68796 | 7d-high $70316 short-zone: no | 7d-low $65697 long-zone: no | 4h chg: -0.03%
[2026-04-07 04:36:19] [MACRO   ] SPX $0.28 | 7d-high $0.30 | zone: no
[2026-04-07 04:36:19] [ACCT    ] Value $0.00 | Available $0.00 | Capital used 0.0% / 30%
[2026-04-07 04:36:19] [SHORT   ] BTC not in short zone — skipping
[2026-04-07 04:36:19] [LONG    ] BTC — no position & BTC not in long zone — skipping
[2026-04-07 04:36:19] [LONG    ] SOL — no position & BTC not in long zone — skipping
[2026-04-07 04:36:19] [LONG    ] HYPE — no position & BTC not in long zone — skipping
[2026-04-07 04:36:19] [LONG    ] XRP — no position & BTC not in long zone — skipping
[2026-04-07 04:36:19] [RUN     ] Sleeping 1 min...
[2026-04-07 04:37:19] [RUN     ] ────────────────────────────────────────────────────────────
[2026-04-07 04:37:20] [MACRO   ] BTC $68791 | 7d-high $70316 short-zone: no | 7d-low $65697 long-zone: no | 4h chg: -0.04%
[2026-04-07 04:37:20] [MACRO   ] SPX $0.28 | 7d-high $0.30 | zone: no
[2026-04-07 04:37:20] [ACCT    ] Value $0.00 | Available $0.00 | Capital used 0.0% / 30%
[2026-04-07 04:37:20] [SHORT   ] BTC not in short zone — skipping
[2026-04-07 04:37:20] [LONG    ] BTC — no position & BTC not in long zone — skipping
[2026-04-07 04:37:20] [LONG    ] SOL — no position & BTC not in long zone — skipping
[2026-04-07 04:37:20] [LONG    ] HYPE — no position & BTC not in long zone — skipping
[2026-04-07 04:37:20] [LONG    ] XRP — no position & BTC not in long zone — skipping
[2026-04-07 04:37:20] [RUN     ] Sleeping 1 min...
[2026-04-07 04:38:20] [RUN     ] ────────────────────────────────────────────────────────────
[2026-04-07 04:38:21] [MACRO   ] BTC $68815 | 7d-high $70316 short-zone: no | 7d-low $65697 long-zone: no | 4h chg: -0.00%
[2026-04-07 04:38:21] [MACRO   ] SPX $0.28 | 7d-high $0.30 | zone: no
[2026-04-07 04:38:21] [ACCT    ] Value $0.00 | Available $0.00 | Capital used 0.0% / 30%
[2026-04-07 04:38:21] [SHORT   ] BTC not in short zone — skipping
[2026-04-07 04:38:21] [LONG    ] BTC — no position & BTC not in long zone — skipping
[2026-04-07 04:38:21] [LONG    ] SOL — no position & BTC not in long zone — skipping
[2026-04-07 04:38:21] [LONG    ] HYPE — no position & BTC not in long zone — skipping
[2026-04-07 04:38:21] [LONG    ] XRP — no position & BTC not in long zone — skipping
[2026-04-07 04:38:21] [RUN     ] Sleeping 1 min...
[2026-04-07 04:39:21] [RUN     ] ────────────────────────────────────────────────────────────
[2026-04-07 04:39:21] [MACRO   ] BTC $68821 | 7d-high $70316 short-zone: no | 7d-low $65697 long-zone: no | 4h chg: 0.01%
[2026-04-07 04:39:21] [MACRO   ] SPX $0.28 | 7d-high $0.30 | zone: no
[2026-04-07 04:39:21] [ACCT    ] Value $0.00 | Available $0.00 | Capital used 0.0% / 30%
[2026-04-07 04:39:21] [SHORT   ] BTC not in short zone — skipping
[2026-04-07 04:39:21] [LONG    ] BTC — no position & BTC not in long zone — skipping
[2026-04-07 04:39:21] [LONG    ] SOL — no position & BTC not in long zone — skipping
[2026-04-07 04:39:21] [LONG    ] HYPE — no position & BTC not in long zone — skipping
[2026-04-07 04:39:21] [LONG    ] XRP — no position & BTC not in long zone — skipping
[2026-04-07 04:39:21] [RUN     ] Sleeping 1 min...
[2026-04-07 04:40:21] [RUN     ] ────────────────────────────────────────────────────────────
[2026-04-07 04:40:22] [MACRO   ] BTC $68818 | 7d-high $70316 short-zone: no | 7d-low $65697 long-zone: no | 4h chg: 0.00%
[2026-04-07 04:40:22] [MACRO   ] SPX $0.28 | 7d-high $0.30 | zone: no
[2026-04-07 04:40:22] [ACCT    ] Value $0.00 | Available $0.00 | Capital used 0.0% / 30%
[2026-04-07 04:40:22] [SHORT   ] BTC not in short zone — skipping
[2026-04-07 04:40:22] [LONG    ] BTC — no position & BTC not in long zone — skipping
[2026-04-07 04:40:22] [LONG    ] SOL — no position & BTC not in long zone — skipping
[2026-04-07 04:40:22] [LONG    ] HYPE — no position & BTC not in long zone — skipping
[2026-04-07 04:40:22] [LONG    ] XRP — no position & BTC not in long zone — skipping
[2026-04-07 04:40:22] [RUN     ] Sleeping 1 min...
[2026-04-07 04:41:22] [RUN     ] ────────────────────────────────────────────────────────────
[2026-04-07 04:41:23] [MACRO   ] BTC $68795 | 7d-high $70316 short-zone: no | 7d-low $65697 long-zone: no | 4h chg: -0.03%
[2026-04-07 04:41:23] [MACRO   ] SPX $0.28 | 7d-high $0.30 | zone: no
[2026-04-07 04:41:23] [ACCT    ] Value $0.00 | Available $0.00 | Capital used 0.0% / 30%
[2026-04-07 04:41:23] [SHORT   ] BTC not in short zone — skipping
[2026-04-07 04:41:23] [LONG    ] BTC — no position & BTC not in long zone — skipping
[2026-04-07 04:41:23] [LONG    ] SOL — no position & BTC not in long zone — skipping
[2026-04-07 04:41:23] [LONG    ] HYPE — no position & BTC not in long zone — skipping
[2026-04-07 04:41:23] [LONG    ] XRP — no position & BTC not in long zone — skipping
[2026-04-07 04:41:23] [RUN     ] Sleeping 1 min...
[2026-04-07 04:42:23] [RUN     ] ────────────────────────────────────────────────────────────
[2026-04-07 04:42:24] [MACRO   ] BTC $68809 | 7d-high $70316 short-zone: no | 7d-low $65697 long-zone: no | 4h chg: -0.01%
[2026-04-07 04:42:24] [MACRO   ] SPX $0.28 | 7d-high $0.30 | zone: no
[2026-04-07 04:42:24] [ACCT    ] Value $0.00 | Available $0.00 | Capital used 0.0% / 30%
[2026-04-07 04:42:24] [SHORT   ] BTC not in short zone — skipping
[2026-04-07 04:42:24] [LONG    ] BTC — no position & BTC not in long zone — skipping
[2026-04-07 04:42:24] [LONG    ] SOL — no position & BTC not in long zone — skipping
[2026-04-07 04:42:24] [LONG    ] HYPE — no position & BTC not in long zone — skipping
[2026-04-07 04:42:24] [LONG    ] XRP — no position & BTC not in long zone — skipping
[2026-04-07 04:42:24] [RUN     ] Sleeping 1 min...
[2026-04-07 04:43:24] [RUN     ] ────────────────────────────────────────────────────────────
[2026-04-07 04:43:25] [MACRO   ] BTC $68796 | 7d-high $70316 short-zone: no | 7d-low $65697 long-zone: no | 4h chg: -0.03%
[2026-04-07 04:43:25] [MACRO   ] SPX $0.28 | 7d-high $0.30 | zone: no
[2026-04-07 04:43:25] [ACCT    ] Value $0.00 | Available $0.00 | Capital used 0.0% / 30%
[2026-04-07 04:43:25] [SHORT   ] BTC not in short zone — skipping
[2026-04-07 04:43:25] [LONG    ] BTC — no position & BTC not in long zone — skipping
[2026-04-07 04:43:25] [LONG    ] SOL — no position & BTC not in long zone — skipping
[2026-04-07 04:43:25] [LONG    ] HYPE — no position & BTC not in long zone — skipping
[2026-04-07 04:43:25] [LONG    ] XRP — no position & BTC not in long zone — skipping
[2026-04-07 04:43:25] [RUN     ] Sleeping 1 min...
[2026-04-07 04:44:25] [RUN     ] ────────────────────────────────────────────────────────────
[2026-04-07 04:44:26] [MACRO   ] BTC $68808 | 7d-high $70316 short-zone: no | 7d-low $65697 long-zone: no | 4h chg: -0.01%
[2026-04-07 04:44:26] [MACRO   ] SPX $0.28 | 7d-high $0.30 | zone: no
[2026-04-07 04:44:26] [ACCT    ] Value $0.00 | Available $0.00 | Capital used 0.0% / 30%
[2026-04-07 04:44:26] [SHORT   ] BTC not in short zone — skipping
[2026-04-07 04:44:26] [LONG    ] BTC — no position & BTC not in long zone — skipping
[2026-04-07 04:44:26] [LONG    ] SOL — no position & BTC not in long zone — skipping
[2026-04-07 04:44:26] [LONG    ] HYPE — no position & BTC not in long zone — skipping
[2026-04-07 04:44:26] [LONG    ] XRP — no position & BTC not in long zone — skipping
[2026-04-07 04:44:26] [RUN     ] Sleeping 1 min...
[2026-04-07 04:45:01] [EXIT    ] Process exited — code 3221225786
